[
    
    {
        "image": "https://rukminim2.flixcart.com/image/612/612/kkyc9zk0/backpack/n/z/1/goldstarbags-medium-30l-laptop-bagpack-classic-ant-theft-faux-original-imagy6jgquzjwp7x.jpeg",
        "brand": "Goldstar",
        "description": "Medium 29 L Laptop Backpack Goldstarbags MEDIUM 30L lap...",
        "new-price": "₹798",
        "old-price": "₹1,999",
        "discount": "60% off",
        "delivery-type": "Free delivery"
    },
    {
        "image": "https://rukminim2.flixcart.com/image/612/612/kngd0nk0/backpack/a/t/a/stylish-light-weight-backpack-fvnbbp-backpack-isparro-35-original-imag24xjbghehyzp.jpeg",
        "brand": "Isparro",
        "description": "Large 35 L Laptop Backpack Stylish Light Weight Backpac...",
        "new-price": "₹524",
        "old-price": "₹1,700",
        "discount": "69% off",
        "delivery-type": "Free delivery"
    },
    {
        "image": "https://rukminim2.flixcart.com/image/612/612/kxhvf680/bag/c/s/e/48-simna-1555-5-navy-blue-yellow-spacy-comfortable-4th-to-10th-original-imag9xzz2cfqkmjv.jpeg",
        "brand": "Flycraft",
        "description": "Medium 30 L Laptop Backpack simna.1550/1 navy blue yell...",
        "new-price": "₹529",
        "old-price": "₹1,599",
        "discount": "66% off",
        "delivery-type": "Free delivery"
    },
    {
        "image": "https://rukminim2.flixcart.com/image/612/612/klv7ekw0/backpack/x/u/x/fizz-sch-bag-ff9-0-08-001-backpack-american-tourister-original-imagyw68gn23d7v6.jpeg",
        "brand": "AMERICAN TOURISTER",
        "description": "32.5 L Backpack Fizz Sch Bag",
        "new-price": "₹1,089",
        "old-price": "₹2,300",
        "discount": "52% off",
        "delivery-type": "Free delivery"
    },
    {
        "image": "https://rukminim2.flixcart.com/image/612/612/klwmufk0/backpack/a/v/2/orthzone-unisex-15-6-inch-25-l-casual-waterproof-laptop-travel-original-imagyx2dhukvztrb.jpeg",
        "brand": "NorthZone",
        "description": "Large 35 L Backpack Waterproof Laptop Bag/Backpack for ...",
        "new-price": "₹635",
        "old-price": "₹1,999",
        "discount": "68% off",
        "delivery-type": "Free delivery"
    },
    {
        "image": "https://rukminim2.flixcart.com/image/612/612/klv7ekw0/backpack/a/j/z/19-casual-backpack-blue-19cbblu-backpack-safari-original-imagyw6zfxrge7um.jpeg",
        "brand": "SAFARI",
        "description": "Large 38 L Backpack 19 CASUAL BACKPACK BLUE",
        "new-price": "₹839",
        "old-price": "₹2,348",
        "discount": "64% off",
        "delivery-type": "Free delivery"
    },
    {
        "image": "https://rukminim2.flixcart.com/image/612/612/jyrl4sw0/backpack/t/a/h/daypack-daypackneo15cbseb-backpack-safari-original-imaff26pfe3ezhf2.jpeg",
        "brand": "SAFARI",
        "description": "Small 15 L Backpack DAYPACK",
        "new-price": "₹365",
        "old-price": "₹799",
        "discount": "54% off",
        "delivery-type": "Free delivery"
    },
    {
        "image": "https://rukminim2.flixcart.com/image/612/612/kn7sdjk0/backpack/f/m/u/30-l-casual-waterproof-laptop-backpack-office-bag-school-bag-original-imagfy74prp8nfqc.jpeg",
        "description": "30 L Casual Waterproof Laptop Backpack/Office Bag/Schoo...",
        "new-price": "₹370",
        "old-price": "₹1,999",
        "discount": "81% off",
        "delivery-type": "Free delivery"
    },
    {
        "image": "https://rukminim2.flixcart.com/image/612/612/km6mxe80/backpack/i/q/2/15401-red-15401-red-laptop-backpack-flycraft-25-original-imagf5grgjghgxdr.jpeg",
        "brand": "Flycraft",
        "description": "Medium 30 L Laptop Backpack simna.1361/2 red grey casua...",
        "new-price": "₹527",
        "old-price": "₹1,199",
        "discount": "56% off",
        "delivery-type": "Free delivery"
    },
    {
        "image": "https://rukminim2.flixcart.com/image/612/612/klmmrgw0/sling-bag/i/m/2/crossbody-messenger-bag-bb14-sling-bag-blowzy-original-imagypn66zzpszbr.jpeg",
        "brand": "Blowzy",
        "description": "Brown Men & Women Sling Bag - Extra Spacious",
        "new-price": "₹426",
        "old-price": "₹1,999",
        "discount": "78% off",
        "delivery-type": "Free delivery"
    },
    {
        "image": "https://rukminim2.flixcart.com/image/612/612/ksoz53k0/sling-bag/0/0/m/mod-gs-2777-brown-sling-bag-gold-sky-original-imag678ta3khgsr8.jpeg",
        "brand": "GOLD SKY",
        "description": "Brown Men Sling Bag - Extra Spacious",
        "new-price": "₹474",
        "old-price": "₹2,299",
        "discount": "79% off",
        "delivery-type": "Free delivery"
    },
    {
        "image": "https://rukminim2.flixcart.com/image/612/612/kn7sdjk0/backpack/9/2/h/30-l-casual-waterproof-laptop-backpack-office-bag-school-bag-original-imagfy74sr5gxarj.jpeg",
        "brand": "Goldstar",
        "description": "Medium 30 L Laptop Backpack 30 L Casual Waterproof Lapt...",
        "new-price": "₹495",
        "old-price": "₹1,999",
        "discount": "75% off",
        "delivery-type": "Free delivery"
    },
    {
        "image": "https://rukminim2.flixcart.com/image/612/612/ktaeqvk0/sling-bag/5/j/d/cross-body-messenger-sling-bag-for-men-women-messenger-bag-1-18-original-imag6nyy8s64nr8x.jpeg",
        "brand": "Straplt",
        "description": "Black Men & Women Sling Bag - Regular Size",
        "new-price": "₹199",
        "old-price": "₹799",
        "discount": "75% off"
    },
    {
        "image": "https://rukminim2.flixcart.com/image/612/612/kv9urgw0/sling-bag/l/h/n/sling-bag-for-men-and-women-1-24-unisex-sling-bag-borahae-18-5-original-imag87fxmavcptty.jpeg",
        "brand": "Atipriya",
        "description": "Multicolor Men & Women Sling Bag",
        "new-price": "₹299",
        "old-price": "₹850",
        "discount": "64% off",
        "delivery-type": "Free delivery"
    },
    {
        "image": "https://rukminim2.flixcart.com/image/612/612/km6mxe80/sling-bag/n/d/h/brown-men-sling-bag-vcal-ms-559-sling-bag-venture-crafts-original-imagf4gfypgp6gyx.jpeg",
        "brand": "Venture Crafts",
        "description": "Brown Men Sling Bag - Extra Spacious",
        "new-price": "₹388",
        "old-price": "₹1,899",
        "discount": "79% off",
        "delivery-type": "Free delivery"
    },
    {
        "image": "https://rukminim2.flixcart.com/image/612/612/kvfkivk0/backpack/y/y/p/medium-30-l-laptop-backpack-30-l-casual-waterproof-laptop-original-imag8c4askht5ebq.jpeg",
        "brand": "Goldstar",
        "description": "Medium 30 L Laptop Backpack Medium 30 L Laptop Backpack...",
        "new-price": "₹499",
        "old-price": "₹1,999",
        "discount": "75% off",
        "delivery-type": "Free delivery"
    },
    {
        "image": "https://rukminim2.flixcart.com/image/612/612/kx9as280/backpack/t/g/s/4-medium-25-l-laptop-backpack-laptop-backpack-laptop-backpack-original-imag9qgwqdmbyewg.jpeg",
        "brand": "facto",
        "description": "22 L Gym Duffel Bag - boys and girl collage bag school ...",
        "new-price": "₹390",
        "old-price": "₹1,999",
        "discount": "80% off",
        "delivery-type": "Free delivery"
    },
    {
        "image": "https://rukminim2.flixcart.com/image/612/612/k0o69ow0/duffel-bag/g/z/d/sports-duffel-bg-05-shoe-comptt-gym-bag-sfane-original-imafkf4k3vshvytd.jpeg",
        "brand": "Sfane",
        "description": "25 L Gym Duffel Bag - Sports Duffel - Grey, Black",
        "new-price": "₹389",
        "old-price": "₹1,149",
        "discount": "66% off",
        "delivery-type": "Free delivery"
    },
    {
        "image": "https://rukminim2.flixcart.com/image/612/612/k6fd47k0pkrrdj/wallet-card-wallet/t/u/c/sam-17-brw-pln-alb-samtroh-original-imafgf56fvf6aybb.jpeg",
        "brand": "SAMTROH",
        "description": "Men Casual Brown Artificial Leather Money Clip - Mini",
        "new-price": "₹219",
        "old-price": "₹999",
        "discount": "78% off",
        "delivery-type": "Free delivery"
    },
    {
        "image": "https://rukminim2.flixcart.com/image/612/612/k6nxrbk0/rucksack/p/z/2/55l-travel-backpack-for-outdoor-sport-hiking-blue-rucksack-afn-original-imafp23eykfxxzv3.jpeg",
        "brand": "AFN FASHION",
        "description": "Large 50 L Laptop Backpack Travel Laptop Backpack for O...",
        "new-price": "₹664",
        "old-price": "₹1,999",
        "discount": "66% off",
        "delivery-type": "Free delivery"
    },
    {
        "image": "https://rukminim2.flixcart.com/image/612/612/kd94uq80/backpack/c/k/s/step-out-12-liters-water-repellent-backpack-black-25740-backpack-original-imafu7y5r94s5zyx.jpeg",
        "brand": "Mi",
        "description": "Small 12 L Backpack Step Out 12 liters Water Repellent ...",
        "new-price": "₹349",
        "old-price": "₹499",
        "discount": "30% off",
        "delivery-type": "Buy 2 items, save extra 5%"
    },
    {
        "image": "https://rukminim2.flixcart.com/image/612/612/kg8avm80/backpack/c/r/h/black-drawstring-bag-ftebpkmulw109015black-backpack-arctic-fox-original-imafwgr4tyhn8xhu.jpeg",
        "brand": "Arctic Fox",
        "description": "Small 15 L Backpack Black Drawstring Bag",
        "new-price": "₹217",
        "old-price": "₹349",
        "discount": "37% off",
        "delivery-type": "Free delivery"
    },
    {
        "image": "https://rukminim2.flixcart.com/image/612/612/k4vmxzk0/laptop-bag/b/j/p/durable-material-1004-laptop-backpack-drazo-original-imafmzsbvtryxkgz.jpeg",
        "brand": "DRAZO",
        "description": "Medium 25 L Backpack DRZ_1004_NAVY",
        "new-price": "₹359",
        "old-price": "₹1,299",
        "discount": "72% off"
    },
    {
        "image": "https://rukminim2.flixcart.com/image/612/612/ktlu9ow0/backpack/9/s/q/rl-kaka-travel-trekking-stylish-travel-large-capacity-luggage-original-imag6wqts7zbffmt.jpeg",
        "brand": "Red Lemon",
        "description": "Large 45 L Laptop Backpack RL KaKa Travel Trekking",
        "new-price": "₹1,996",
        "old-price": "₹5,990",
        "discount": "66% off",
        "delivery-type": "Free delivery"
    },
    {
        "image": "https://rukminim2.flixcart.com/image/612/612/k5vcya80pkrrdj/backpack/g/r/8/comet-35l-comet-35l-lunars-original-imafjfqtekrk3mng.jpeg",
        "brand": "Lunar",
        "description": "Large 35 L Backpack Comet",
        "new-price": "₹756",
        "old-price": "₹1,699",
        "discount": "55% off",
        "delivery-type": "Free delivery"
    },
    {
        "image": "https://rukminim2.flixcart.com/image/612/612/ktep2fk0/backpack/5/j/a/8-simn-1552-1-orange-black-office-travel-laptop-backpack-14-simn-original-imag6r9gcyph8h9m.jpeg",
        "brand": "Flycraft",
        "description": "Large 35 L Laptop Backpack simn.1552/1 orange black off...",
        "new-price": "₹699",
        "old-price": "₹2,699",
        "discount": "74% off",
        "delivery-type": "Free delivery"
    },
    {
        "image": "https://rukminim2.flixcart.com/image/612/612/kmmcrrk0/backpack/d/9/7/spreeusb-19-casual-backpack-blue-spreeusb19cbblu-backpack-safari-original-imagfh3gmcqja3xq.jpeg",
        "brand": "SAFARI",
        "description": "Medium 29 L Backpack SPREEUSB 19 CASUAL BACKPACK BLUE",
        "new-price": "₹859",
        "old-price": "₹2,599",
        "discount": "66% off",
        "delivery-type": "Free delivery"
    },
    {
        "image": "https://rukminim2.flixcart.com/image/612/612/kn3i1zk0/backpack/v/j/e/30-l-casual-waterproof-laptop-backpack-office-bag-school-bag-original-imagfursbqqfcpgf.jpeg",
        "brand": "Goldstar",
        "description": "Medium 30 L Laptop Backpack 30 L Casual Waterproof Lapt...",
        "new-price": "₹490",
        "old-price": "₹1,999",
        "discount": "75% off",
        "delivery-type": "Free delivery"
    },
    {
        "image": "https://rukminim2.flixcart.com/image/612/612/ko382a80/sling-bag/g/x/z/h-stylish-nylon-sling-cross-body-travel-office-business-original-imag2mmezffzteez.jpeg",
        "brand": "made by heart",
        "description": "Blue Men Sling Bag - Regular Size",
        "new-price": "₹310",
        "old-price": "₹1,200",
        "discount": "74% off",
        "delivery-type": "Free delivery"
    },
    {
        "image": "https://rukminim2.flixcart.com/image/612/612/k5cs87k0/sling-bag/c/j/q/medium-travels-bags-asb-138139-sling-bag-adamson-original-imafzfzutuakjaea.jpeg",
        "brand": "ADAMSON",
        "description": "Blue Men Sling Bag - Extra Spacious",
        "new-price": "₹347",
        "old-price": "₹1,199",
        "discount": "71% off",
        "delivery-type": "Free delivery"
    },
    {
        "image": "https://rukminim2.flixcart.com/image/612/612/kyt0ya80/bag/a/9/y/12-laptop-sleeve-case-15-6-16-inch-waterproof-bag-tablet-handle-original-imagayhkwurgejzn.jpeg",
        "brand": "Straplt",
        "description": "Black Men & Women Messenger Bag",
        "new-price": "₹296",
        "old-price": "₹799",
        "discount": "62% off",
        "delivery-type": "Free delivery"
    },
    {
        "image": "https://rukminim2.flixcart.com/image/612/612/kvfkivk0/backpack/s/z/h/medium-30-l-laptop-backpack-30-l-casual-waterproof-laptop-original-imag8c4ab6yamhvz.jpeg",
        "brand": "Goldstar",
        "description": "Medium 30 L Laptop Backpack Medium 30 L Laptop Backpack...",
        "new-price": "₹499",
        "old-price": "₹1,999",
        "discount": "75% off",
        "delivery-type": "Free delivery"
    },
    {
        "image": "https://rukminim2.flixcart.com/image/612/612/klv7ekw0/sling-bag/a/w/x/curves-adm-016020-sling-bag-adamson-original-imagyw7cka579qff.jpeg",
        "brand": "ADAMSON",
        "description": "Multicolor Men Sling Bag - Extra Spacious",
        "new-price": "₹314",
        "old-price": "₹1,199",
        "discount": "73% off",
        "delivery-type": "Free delivery"
    },
    {
        "image": "https://rukminim2.flixcart.com/image/612/612/kxp0mfk0/sling-bag/d/5/m/small-tourister-7-inch-sling-messenger-bag-for-men-women-sling-original-imaga2pkwcrh3a72.jpeg",
        "brand": "Pramadda Pure Luxury",
        "description": "Brown Men Sling Bag - Regular Size",
        "new-price": "₹440",
        "old-price": "₹1,299",
        "discount": "66% off",
        "delivery-type": "Free delivery"
    },
    {
        "image": "https://rukminim2.flixcart.com/image/612/612/kvtuxe80/duffel-bag/j/6/3/24-black-gym-bag-for-men-women-with-side-mesh-pocket-for-original-imag8ncuyxzy7gzh.jpeg",
        "brand": "HAZEL",
        "description": "20 L Gym Duffel Bag - BLACK GYM BAG FOR MEN & WOMEN WIT...",
        "new-price": "₹259",
        "old-price": "₹999",
        "discount": "74% off",
        "delivery-type": "Free delivery"
    },
    {
        "image": "https://rukminim2.flixcart.com/image/612/612/kzd147k0/backpack/l/c/0/7-pr-7801-grey-multi-purpose-laptop-bag-with-rain-cover-for-men-original-imagbe5thb64jkmx.jpeg",
        "brand": "PROVOGUE",
        "description": "Large 40 L Laptop Backpack PR-7801-GREY Multi-Purpose L...",
        "new-price": "₹725",
        "old-price": "₹4,900",
        "discount": "85% off",
        "delivery-type": "Free delivery"
    },
    {
        "image": "https://rukminim2.flixcart.com/image/612/612/kx9as280/rucksack/q/2/l/medium-22-l-laptop-backpack-casual-college-tution-bag-11-asf-5-original-imag9qqpgm9x4mje.jpeg",
        "brand": "facto",
        "description": "22 L Gym Duffel Bag - boys and girl collage bag school ...",
        "new-price": "₹396",
        "old-price": "₹1,999",
        "discount": "80% off",
        "delivery-type": "Free delivery"
    },
    {
        "image": "https://rukminim2.flixcart.com/image/612/612/k5bcscw0pkrrdj/wallet-card-wallet/h/g/e/sld01-samtroh-beige-slide-original-imafdg9ymwdzfwea.jpeg",
        "brand": "SAMTROH",
        "description": "Men Casual Beige Artificial Leather Wallet - Regular Si...",
        "new-price": "₹219",
        "old-price": "₹999",
        "discount": "78% off",
        "delivery-type": "Free delivery"
    },
    {
        "image": "https://rukminim2.flixcart.com/image/612/612/kgsb1jk0/backpack/m/6/q/mist-sch-bag-fg1-0-01-003-backpack-american-tourister-32-5-original-imafwxxgcqa7ynus.jpeg",
        "brand": "AMERICAN TOURISTER",
        "description": "32.5 L Backpack Mist Sch Bag",
        "new-price": "₹829",
        "old-price": "₹2,600",
        "discount": "68% off",
        "delivery-type": "Free delivery"
    },
    {
        "image": "https://rukminim2.flixcart.com/image/612/612/kvfkivk0/backpack/j/g/v/medium-28-l-laptop-backpack-28-l-duralite-casual-backpack-for-original-imag8bxyhhyucxgt.jpeg",
        "brand": "Goldstar",
        "description": "Medium 28 L Laptop Backpack Medium 28 L Laptop Backpack...",
        "new-price": "₹465",
        "old-price": "₹1,999",
        "discount": "76% off",
        "delivery-type": "Free delivery"
    },
    {
        "image": "https://rukminim2.flixcart.com/image/612/612/k0lbdzk0/backpack/q/s/5/big-storage-hsflame-mx-backpack-zipline-original-imafkc5gghhsyyyy.jpeg",
        "brand": "ZIPLINE",
        "description": "Large 36 L Backpack Big Storage bags men :: Casual coll...",
        "new-price": "₹798",
        "old-price": "₹1,899",
        "discount": "57% off",
        "delivery-type": "Free delivery"
    },
    {
        "image": "https://rukminim2.flixcart.com/image/612/612/kohigsw0/backpack/5/6/2/simn-1366-1366-backpack-flycraft-30-original-imag2xzzuhgdfwyp.jpeg",
        "brand": "Flycraft",
        "description": "Medium 30 L Laptop Backpack simna.1366 navy blue grey c...",
        "new-price": "₹529",
        "old-price": "₹1,099",
        "discount": "51% off",
        "delivery-type": "Free delivery"
    },
    {
        "image": "https://rukminim2.flixcart.com/image/612/612/ktaeqvk0/backpack/w/1/t/8-simna-1378-large-35-l-airport-blue-spacy-unisex-laptop-original-imag6nekyshrqbpa.jpeg",
        "brand": "Flycraft",
        "description": "Large 35 L Laptop Backpack simna.1378 large 35 L airpor...",
        "new-price": "₹699",
        "old-price": "₹2,999",
        "discount": "76% off",
        "delivery-type": "Free delivery"
    },
    {
        "image": "https://rukminim2.flixcart.com/image/612/612/ki96c280-0/backpack/1/h/t/crxl5206-crxl5206-laptop-backpack-croma-20-original-imafy2x6mhgqpacv.jpeg",
        "brand": "Croma",
        "description": "Small 20 L Laptop Backpack CRXL5206",
        "new-price": "₹2,290",
        "old-price": "₹2,500",
        "discount": "8% off",
        "delivery-type": "Free delivery"
    },
    {
        "image": "https://rukminim2.flixcart.com/image/612/612/kl2mljk0/backpack/k/4/g/simna-1540-5-multi-grey-simna-1540-5-multi-grey-laptop-backpack-original-imagy9hyqcvq4hea.jpeg",
        "brand": "Flycraft",
        "description": "Medium 30 L Laptop Backpack simna.1366/1 airport blue c...",
        "new-price": "₹529",
        "old-price": "₹1,499",
        "discount": "64% off",
        "delivery-type": "Free delivery"
    },
    {
        "image": "https://rukminim2.flixcart.com/image/612/612/kf1fo280/backpack/m/j/m/backpack-bkpjcqurd1401-backpack-gear-29-original-imafvh9srsr4q9hs.jpeg",
        "brand": "Gear",
        "description": "Medium 26 L Backpack Jacquard Camo",
        "new-price": "₹719",
        "old-price": "₹1,299",
        "discount": "44% off",
        "delivery-type": "Free delivery"
    },
    {
        "image": "https://rukminim2.flixcart.com/image/612/612/ki4w0i80-0/sling-bag/d/y/y/sling-bag-asb-096097-sling-bag-adamson-original-imafxzjz9zky9vh3.jpeg",
        "brand": "ADAMSON",
        "description": "Grey Men Sling Bag - Extra Spacious",
        "new-price": "₹323",
        "old-price": "₹1,199",
        "discount": "73% off",
        "delivery-type": "Free delivery"
    },
    {
        "image": "https://rukminim2.flixcart.com/image/612/612/khkvukw0/backpack/q/t/y/high-quality-50l-travel-laptop-bag-upto-17-3-laptop-with-rain-original-imafxk3zypecyjsx.jpeg",
        "brand": "Lunar",
        "description": "Large 50 L Laptop Backpack High Quality 50L Travel Lapt...",
        "new-price": "₹1,156",
        "old-price": "₹2,999",
        "discount": "61% off",
        "delivery-type": "Free delivery"
    },
    {
        "image": "https://rukminim2.flixcart.com/image/612/612/l02r1jk0/sling-bag/i/3/0/side-bag-for-men-sling-bag-crossbody-tablet-messenger-bag-office-original-imagbyfm63pugfpz.jpeg",
        "brand": "CRALOFT",
        "description": "Grey Men Sling Bag",
        "new-price": "₹399",
        "old-price": "₹699",
        "discount": "42% off",
        "delivery-type": "Free delivery"
    },
    {
        "image": "https://rukminim2.flixcart.com/image/612/612/kj4m0sw0-0/sling-bag/8/v/w/sling-bag-mbs02-sling-bag-modfrill-original-imafyrtkgyh7rhtz.jpeg",
        "brand": "modfrill",
        "description": "Brown Men Sling Bag - Regular Size",
        "new-price": "₹379",
        "old-price": "₹1,999",
        "discount": "81% off",
        "delivery-type": "Free delivery"
    },
    {
        "image": "https://rukminim2.flixcart.com/image/612/612/klcmoi80/sling-bag/z/f/9/men-sling-bag-dark-brown-02-synthetic-leather-bag-sling-bag-wm-original-imagyh6d3akcyv4k.jpeg",
        "brand": "WM WAFA MART",
        "description": "Multicolor Men Sling Bag - Mini",
        "new-price": "₹423",
        "old-price": "₹1,999",
        "discount": "78% off",
        "delivery-type": "Free delivery"
    },
    {
        "image": "https://rukminim2.flixcart.com/image/612/612/knexksw0/backpack/m/q/e/stylish-light-weight-backpack-fvsbp-backpack-isparro-35-original-imag23qxg59vwypt.jpeg",
        "brand": "Isparro",
        "description": "Large 35 L Laptop Backpack Stylish Light Weight Backpac...",
        "new-price": "₹540",
        "old-price": "₹1,500",
        "discount": "64% off",
        "delivery-type": "Free delivery"
    },
    {
        "image": "https://rukminim2.flixcart.com/image/612/612/km82d8w0/sling-bag/5/a/a/stylish-shoulder-cross-body-office-business-messenger-bag-water-original-imagf6jrumggudfx.jpeg",
        "brand": "DEZiRE CRAfTS",
        "description": "Black Men Sling Bag - Extra Spacious",
        "new-price": "₹399",
        "old-price": "₹1,299",
        "discount": "69% off",
        "delivery-type": "Free delivery"
    },
    {
        "image": "https://rukminim2.flixcart.com/image/612/612/kx7vc7k0/backpack/d/z/c/4-medium-25-l-backpack-college-bag-for-men-women-black-11-asb1-original-imag9pf83nr4buhe.jpeg",
        "brand": "facto",
        "description": "22 L Gym Duffel Bag - men and women college bag travel ...",
        "new-price": "₹399",
        "old-price": "₹1,999",
        "discount": "80% off",
        "delivery-type": "Free delivery"
    },
    {
        "image": "https://rukminim2.flixcart.com/image/612/612/krz97rk0/duffel-bag/c/9/4/clubsport-dufclbsrt0109-gym-duffel-bag-gear-original-imag5n8syh6vehcj.jpeg",
        "brand": "Gear",
        "description": "25 L Gym Duffel Bag - Clubsport - Black",
        "new-price": "₹664",
        "old-price": "₹2,399",
        "discount": "72% off",
        "delivery-type": "Free delivery"
    },
    {
        "image": "https://rukminim2.flixcart.com/image/612/612/khkvukw0/backpack/d/w/c/high-quality-50l-travel-laptop-bag-upto-17-3-laptop-with-rain-original-imafxk3ztfxmv7hc.jpeg",
        "brand": "Lunar",
        "description": "Large 50 L Laptop Backpack High Quality 50L Travel Lapt...",
        "new-price": "₹1,156",
        "old-price": "₹2,999",
        "discount": "61% off",
        "delivery-type": "Free delivery"
    },
    {
        "image": "https://rukminim2.flixcart.com/image/612/612/kiew3gw0-0/wallet-card-wallet/x/y/z/fuzi001-solid-wallet-wild-edge-original-imafy7ryuhq4ajyy.jpeg",
        "brand": "WILD EDGE",
        "description": "Men Green Artificial Leather Wallet - Regular Size",
        "new-price": "₹239",
        "old-price": "₹999",
        "discount": "76% off",
        "delivery-type": "Free delivery"
    },
    {
        "image": "https://rukminim2.flixcart.com/image/612/612/jyg5lzk0/backpack/k/4/w/popin-casual-backpack-02-magneta-fu4-0-50-002-backpack-american-original-imafghyhgvghxybu.jpeg",
        "brand": "AMERICAN TOURISTER",
        "description": "Large 32 L Backpack POPIN CASUAL BACKPACK 02 -MAGNETA",
        "new-price": "₹789",
        "old-price": "₹2,590",
        "discount": "69% off",
        "delivery-type": "Free delivery"
    },
    {
        "image": "https://rukminim2.flixcart.com/image/612/612/jvwpfgw0/bag/u/f/4/unisex-military-design-louis-caron-35-original-imafdcgdq2vdrvtt.jpeg",
        "brand": "LOUIS CARON",
        "description": "Medium 30 L Backpack Design Laptop Backpack",
        "new-price": "₹525",
        "old-price": "₹1,699",
        "discount": "69% off",
        "delivery-type": "Free delivery"
    },
    {
        "image": "https://rukminim2.flixcart.com/image/612/612/l0h1g280/backpack/a/w/j/medium-30-l-laptop-backpack-school-bag-college-bag-unisex-travel-original-imagc8yhdxjtbta9.jpeg",
        "brand": "Goldstar",
        "description": "Medium 30 L Laptop Backpack Medium 30 L Laptop Backpack...",
        "new-price": "₹474",
        "old-price": "₹2,999",
        "discount": "84% off",
        "delivery-type": "Free delivery"
    },
    {
        "image": "https://rukminim2.flixcart.com/image/612/612/ju79hu80/backpack/2/v/j/spacy-mel-12144-backpack-wildcraft-original-imaffdnvpbuewbaf.jpeg",
        "brand": "Wildcraft",
        "description": "Medium 30 L Backpack Spacy_Mel",
        "new-price": "₹1,129",
        "old-price": "₹2,699",
        "discount": "58% off",
        "delivery-type": "Free delivery"
    },
    {
        "image": "https://rukminim2.flixcart.com/image/612/612/kkbh8cw0/backpack/h/v/2/comet-comet-35l-backpack-lunar-original-imafzzpqxrk4wug6.jpeg",
        "brand": "Lunar",
        "description": "Large 35 L Backpack Comet",
        "new-price": "₹756",
        "old-price": "₹1,699",
        "discount": "55% off",
        "delivery-type": "Free delivery"
    },
    {
        "image": "https://rukminim2.flixcart.com/image/612/612/k5vcya80pkrrdj/backpack/t/w/q/comet-35l-comet-35l-lunars-original-imafjfqt8wfwwapf.jpeg",
        "brand": "Lunar",
        "description": "Large 35 L Backpack Comet",
        "new-price": "₹756",
        "old-price": "₹1,699",
        "discount": "55% off",
        "delivery-type": "Free delivery"
    },
    {
        "image": "https://rukminim2.flixcart.com/image/612/612/kv6zvrk0/backpack/s/3/x/comet-3-compartment-premium-quality-office-college-school-travel-original-imag85fqpsmpghdk.jpeg",
        "brand": "PROVOGUE",
        "description": "Large 35 L Laptop Backpack COMET -3 Compartment Premium...",
        "new-price": "₹836",
        "old-price": "₹1,999",
        "discount": "58% off",
        "delivery-type": "Free delivery"
    },
    {
        "image": "https://rukminim2.flixcart.com/image/612/612/kza68i80/backpack/c/u/q/small-backpack-perfect-for-hiking-trip-and-daily-use-original-imagbb3mr2gyvtfp.jpeg",
        "brand": "Trillion",
        "description": "Small 20 L Backpack Small backpack perfect for hiking t...",
        "new-price": "₹359",
        "old-price": "₹999",
        "discount": "64% off",
        "delivery-type": "Free delivery"
    },
    {
        "image": "https://rukminim2.flixcart.com/image/612/612/km82d8w0/sling-bag/d/f/5/stylish-shoulder-cross-body-office-business-messenger-bag-water-original-imagf6jrkx9bzqch.jpeg",
        "brand": "DEZiRE CRAfTS",
        "description": "Green Men Sling Bag - Extra Spacious",
        "new-price": "₹399",
        "old-price": "₹1,299",
        "discount": "69% off",
        "delivery-type": "Free delivery"
    },
    {
        "image": "https://rukminim2.flixcart.com/image/612/612/k4fx3m80/sling-bag/y/w/s/laptop-executive-bag-asb-147149-messenger-bag-adamson-original-imafnbqy3cne54ry.jpeg",
        "brand": "ADAMSON",
        "description": "Black Men Messenger Bag - Extra Spacious",
        "new-price": "₹395",
        "old-price": "₹1,299",
        "discount": "69% off",
        "delivery-type": "Free delivery"
    },
    {
        "image": "https://rukminim2.flixcart.com/image/612/612/klv7ekw0/backpack/0/s/r/hammer-057-laptop-backpack-heroz-original-imagyw6hpf4x9pf3.jpeg",
        "brand": "HEROZ",
        "description": "Large 45 L Laptop Backpack Hammer",
        "new-price": "₹1,210",
        "old-price": "₹3,200",
        "discount": "62% off",
        "delivery-type": "Free delivery"
    },
    {
        "image": "https://rukminim2.flixcart.com/image/612/612/kyeqjrk0/sling-bag/z/f/c/cross-body-sling-kit-messenger-bag-side-bag-extra-spacious-men-original-imagangt6y8yq8tz.jpeg",
        "brand": "Swanky",
        "description": "Brown Men & Women Sling Bag",
        "new-price": "₹339",
        "old-price": "₹999",
        "discount": "66% off",
        "delivery-type": "Free delivery"
    },
    {
        "image": "https://rukminim2.flixcart.com/image/612/612/ku5ufm80/sling-bag/6/p/o/topgrain-faux-leather-sling-bag-for-men-women-glossy-leather-original-imag7chzdahysejw.jpeg",
        "brand": "Pramadda Pure Luxury",
        "description": "Brown Men Sling Bag - Regular Size",
        "new-price": "₹386",
        "old-price": "₹1,499",
        "discount": "74% off",
        "delivery-type": "Free delivery"
    },
    {
        "image": "https://rukminim2.flixcart.com/image/612/612/kjvrdzk0/sling-bag/4/f/d/cross-body-mens-sling-bag-fanto-140-sling-bag-blowzy-bags-original-imafzbzbkageaypv.jpeg",
        "brand": "Blowzy Bags",
        "description": "Blue Men Sling Bag - Extra Spacious",
        "new-price": "₹426",
        "old-price": "₹1,699",
        "discount": "74% off",
        "delivery-type": "Free delivery"
    },
    {
        "image": "https://rukminim2.flixcart.com/image/612/612/km57hjk0/backpack/x/4/4/bingo-3-compartment-premium-quality-office-college-school-laptop-original-imagf4yxshnxgv9r.jpeg",
        "brand": "Lunar",
        "description": "Large 48 L Laptop Backpack Bingo -3 Compartment Premium...",
        "new-price": "₹809",
        "old-price": "₹1,999",
        "discount": "59% off",
        "delivery-type": "Free delivery"
    },
    {
        "image": "https://rukminim2.flixcart.com/image/612/612/kxxl9jk0/duffel-bag/e/w/b/10-stylish-gym-and-best-moving-travel-bag-side-cross-body-for-original-imagaa5kc6dmjqep.jpeg",
        "brand": "TORRENTO",
        "description": "40 L Gym Duffel Bag - STYLISH GYM AND BEST MOVING TRAVE...",
        "new-price": "₹395",
        "old-price": "₹1,299",
        "discount": "69% off",
        "delivery-type": "Free delivery"
    },
    {
        "image": "https://rukminim2.flixcart.com/image/612/612/kz065jk0/duffel-bag/d/9/y/gym-duffel-bag-for-fitness-sports-and-travel-men-boys-girls-original-imagb438sjzyrpm4.jpeg",
        "brand": "Javrang",
        "description": "23 L Gym Duffel Bag - Gym Duffel Bag for Fitness| Sport...",
        "new-price": "₹269",
        "old-price": "₹1,499",
        "discount": "82% off",
        "delivery-type": "Free delivery"
    },
    {
        "image": "https://rukminim2.flixcart.com/image/612/612/k6fd47k0pkrrdj/wallet-card-wallet/t/u/c/sam-17-brw-pln-alb-samtroh-original-imafgf56fvf6aybb.jpeg",
        "brand": "SAMTROH",
        "description": "Men Casual Brown Artificial Leather Money Clip - Mini",
        "new-price": "₹219",
        "old-price": "₹999",
        "discount": "78% off",
        "delivery-type": "Free delivery"
    },
    {
        "image": "https://rukminim2.flixcart.com/image/612/612/k0vbgy80/backpack/8/w/m/rl-ep40usb15-bk-na-laptop-backpack-red-lemon-original-imafkkp3gdt9hutb.jpeg",
        "brand": "Red Lemon",
        "description": "Large 40 L Laptop Backpack Men and Women RL Enforcer Po...",
        "new-price": "₹2,696",
        "old-price": "₹4,999",
        "discount": "46% off",
        "delivery-type": "Free delivery"
    },
    {
        "image": "https://rukminim2.flixcart.com/image/612/612/ksnjp8w0/backpack/y/v/w/stroke-stroke19cbblk-backpack-safari-original-imag662mr2gqgdsz.jpeg",
        "brand": "SAFARI",
        "description": "Medium 26 L Backpack Stroke",
        "new-price": "₹699",
        "old-price": "₹2,599",
        "discount": "73% off",
        "delivery-type": "Free delivery"
    },
    {
        "image": "https://rukminim2.flixcart.com/image/612/612/backpack/h/m/v/bkpecobp4-gear-backpack-eco-backpack-4-orange-black-original-imaehzjfbz8tkfcp.jpeg",
        "brand": "Gear",
        "description": "Small 18 L Backpack Eco Backpack 4 Orange Black",
        "new-price": "₹359",
        "old-price": "₹1,098",
        "discount": "67% off",
        "delivery-type": "Free delivery"
    },
    {
        "image": "https://rukminim2.flixcart.com/image/612/612/ku04o7k0/backpack/o/9/z/16-brute-32-brute19cbblk-backpack-safari-26-46-original-imag783grykeh3rd.jpeg",
        "brand": "SAFARI",
        "description": "Medium 26 L Backpack Brute",
        "new-price": "₹699",
        "old-price": "₹2,599",
        "discount": "73% off",
        "delivery-type": "Free delivery"
    },
    {
        "image": "https://rukminim2.flixcart.com/image/612/612/k5vcya80pkrrdj/backpack/g/r/8/comet-35l-comet-35l-lunars-original-imafjfqtekrk3mng.jpeg",
        "brand": "Lunar",
        "description": "Large 35 L Backpack Comet",
        "new-price": "₹756",
        "old-price": "₹1,699",
        "discount": "55% off",
        "delivery-type": "Free delivery"
    }
]