[
    {
        "image": "https://rukminim2.flixcart.com/image/612/612/l12h1u80/shoe/d/x/i/10-flip-3202-roaster-black-original-imagcpvtaej4rmsj.jpeg",
        "brand": "ROASTER",
        "description": "NEW FANCY ATTRACTIVE BOOT CASUAL FOR MEN Sneakers For M...",
        "new-price": "₹479",
        "old-price": "₹1,299",
        "discount": "63% off",
        "delivery-type": "Free delivery"
    },
    {
        "image": "https://rukminim2.flixcart.com/image/612/612/l1ch4sw0/shoe/z/f/k/8-smile-boota-025-ktiz-grey-original-imagcxzvyh6m6khh.jpeg",
        "brand": "Ktiz",
        "description": "Stylish Look Lifestyle Boot Synthetic Leather Orginal B...",
        "new-price": "₹449",
        "old-price": "₹999",
        "discount": "55% off"
    },
    {
        "image": "https://rukminim2.flixcart.com/image/612/612/keekmfk0-0/shoe/t/k/c/gum-boot-9-sauran-black-original-imafv3fpt2mzzxsu.jpeg",
        "brand": "Sauran",
        "description": "Boots For Men",
        "new-price": "₹225",
        "old-price": "₹800",
        "discount": "71% off",
        "delivery-type": "Free delivery"
    },
    {
        "image": "https://rukminim2.flixcart.com/image/612/612/jynat8w0/shoe/9/x/5/hero-boot-321-9-aadi-tan-original-imaev4r6yjwqzy5s.jpeg",
        "brand": "aadi",
        "description": "Casual Boot Boots For Men",
        "new-price": "₹499",
        "old-price": "₹1,999",
        "discount": "75% off",
        "delivery-type": "Free delivery"
    },
    {
        "image": "https://rukminim2.flixcart.com/image/612/612/ku8pbbk0/shoe/q/b/m/6-mrj1241-aadi-black-original-imag7egwjqgvrhd8.jpeg",
        "brand": "aadi",
        "description": "Boots For Men",
        "new-price": "₹381",
        "old-price": "₹999",
        "discount": "61% off",
        "delivery-type": "Free delivery"
    },
    {
        "image": "https://rukminim2.flixcart.com/image/612/612/k69ncsw0/shoe/b/f/t/art-ca139-10-vellinto-red-original-imafz33qxuwrmffm.jpeg",
        "brand": "Vellinto",
        "description": "Royal Look Party Wear Shoes For Men ll Casual Shoes For...",
        "new-price": "₹662",
        "old-price": "₹1,299",
        "discount": "49% off",
        "delivery-type": "Free delivery"
    },
    {
        "image": "https://rukminim2.flixcart.com/image/612/612/klwmufk0/shoe/e/j/e/8-n01-8-luvshus-white-original-imagyx9uggtdfene.jpeg",
        "brand": "LuvShus",
        "description": "LuvShus Lifestyle Boot Synthetic Leather Orginal Boots ...",
        "new-price": "₹444",
        "old-price": "₹999",
        "discount": "55% off",
        "delivery-type": "Free delivery"
    },
    {
        "image": "https://rukminim2.flixcart.com/image/612/612/l30hmkw0/shoe/i/x/7/9-flip-5201-roaster-black-original-image8eqvtd7rua7.jpeg",
        "brand": "ROASTER",
        "description": "High Ankle Hip Hop Dancing Boot For Men Boots For Men (...",
        "new-price": "₹462",
        "old-price": "₹1,499",
        "discount": "69% off"
    },
    {
        "image": "https://rukminim2.flixcart.com/image/612/612/jawthu80/shoe/n/c/n/gp001-10-aadi-beige-original-imafydr9mdgncwya.jpeg",
        "brand": "aadi",
        "description": "MEN's Boots For Men",
        "new-price": "₹389",
        "old-price": "₹1,999",
        "discount": "80% off",
        "delivery-type": "Free delivery"
    },
    {
        "image": "https://rukminim2.flixcart.com/image/612/612/l12h1u80/shoe/d/x/i/10-flip-3202-roaster-black-original-imagcpvtaej4rmsj.jpeg",
        "brand": "ROASTER",
        "description": "NEW FANCY ATTRACTIVE BOOT CASUAL FOR MEN Sneakers For M...",
        "new-price": "₹449",
        "old-price": "₹1,299",
        "discount": "65% off",
        "delivery-type": "Free delivery"
    },
    {
        "image": "https://rukminim2.flixcart.com/image/612/612/km0x5zk0/shoe/c/d/y/7-503-41-bantox-brown-original-imagfyq22fbrwqxz.jpeg",
        "brand": "Bantox",
        "description": "Casual Outdoor Climber Stylish Lace Up Boot for Men Boo...",
        "new-price": "₹398",
        "old-price": "₹999",
        "discount": "60% off",
        "delivery-type": "Free delivery"
    },
    {
        "image": "https://rukminim2.flixcart.com/image/612/612/kcgk1ow0/shoe/2/p/f/hirel2170-9-hirel-s-brown-original-imafth49twy73epx.jpeg",
        "brand": "Hirel's",
        "description": "Chelsea Boot Boots For Men",
        "new-price": "₹1,106",
        "old-price": "₹3,000",
        "discount": "63% off",
        "delivery-type": "Buy 2 items, save extra 5%"
    },
    {
        "image": "https://rukminim2.flixcart.com/image/612/612/kovsvbk0/shoe/o/y/u/9-safety-gumboot-13-inch-9-kavya-black-original-imag38rjyks6mcah.jpeg",
        "brand": "KAVYA",
        "description": "13 Inch Metro Double , Puncture and Tear Resistant, Ant...",
        "new-price": "₹514",
        "old-price": "₹1,299",
        "discount": "60% off",
        "delivery-type": "Free delivery"
    },
    {
        "image": "https://rukminim2.flixcart.com/image/612/612/ku1k4280/shoe/6/x/d/6-9633-flexifeet-black-original-imag79a4chzyka5m.jpeg",
        "brand": "FLEXIFEET",
        "description": "Stylish casual partywear women heeled boots Boots For W...",
        "new-price": "₹439",
        "old-price": "₹999",
        "discount": "56% off",
        "delivery-type": "Free delivery"
    },
    {
        "image": "https://rukminim2.flixcart.com/image/612/612/kbnz8nk0/shoe/j/z/a/high-ankle-denim-boots-for-womens-and-girls-113-dark-blue-38-original-imafsyj9f3g5wy48.jpeg",
        "brand": "KRAFTER",
        "description": "Latest Collection Casual Boots For girls High heel Part...",
        "new-price": "₹239",
        "old-price": "₹999",
        "discount": "76% off",
        "delivery-type": "Free delivery"
    },
    {
        "image": "https://rukminim2.flixcart.com/image/612/612/kcgk1ow0/shoe/f/d/c/hirel2200-10-hirel-s-black-original-imafth3vnhzszv4x.jpeg",
        "brand": "Hirel's",
        "description": "Chelsea Boot Boots For Men",
        "new-price": "₹1,167",
        "old-price": "₹3,000",
        "discount": "61% off",
        "delivery-type": "Lowest Price in 15 days"
    },
    {
        "image": "https://rukminim2.flixcart.com/image/612/612/kza68i80/shoe/9/q/y/5-fs43-perfect-x-orange-orange-original-imagbb4eqt2gm2hq.jpeg",
        "brand": "PERFECT X",
        "description": "Perfect X Stylish Football Shoes Boots For Men",
        "new-price": "₹525",
        "old-price": "₹799",
        "discount": "34% off",
        "delivery-type": "Free delivery"
    },
    {
        "image": "https://rukminim2.flixcart.com/image/612/612/k687wy80/shoe/t/g/h/hand-boot9612-8-creattoes-black-pink-original-imafhtkj4kse7dec.jpeg",
        "brand": "KADY",
        "description": "Leather Casual Stylish Look Boots Shoes Boots For Women",
        "new-price": "₹189",
        "old-price": "₹999",
        "discount": "81% off",
        "delivery-type": "Free delivery"
    },
    {
        "image": "https://rukminim2.flixcart.com/image/612/612/koq33ww0/safety-shoe/5/z/2/9-metro-double-puncture-and-tear-resistant-steel-toe-anti-slip-original-imag33xgyf3xcgpr.jpeg",
        "brand": "KAVYA",
        "description": "15 Inch Metro Double , Puncture and Tear Resistant, Ant...",
        "new-price": "₹495",
        "old-price": "₹1,299",
        "discount": "61% off",
        "delivery-type": "Free delivery"
    },
    {
        "image": "https://rukminim2.flixcart.com/image/612/612/ktn9pjk0/shoe/p/s/i/9-high-ankle-boot-samrat-creations-black-original-imag6xbpegwvpzyu.jpeg",
        "brand": "SAMRAT CREATIONS",
        "description": "HIGH ANKLE BOOT Men's Lace-up Leather Boots Boots For M...",
        "new-price": "₹1,340",
        "old-price": "₹1,799",
        "discount": "25% off",
        "delivery-type": "Free delivery"
    },
    {
        "image": "https://rukminim2.flixcart.com/image/612/612/k0jvy4w0/shoe/f/h/g/boot055-40-fancyy-footwear-black-original-imafkbrhuv7nebmp.jpeg",
        "brand": "vifox",
        "description": "Boots For Men",
        "new-price": "₹519",
        "old-price": "₹999",
        "discount": "48% off",
        "delivery-type": "Free delivery"
    },
    {
        "image": "https://rukminim2.flixcart.com/image/612/612/k7ry3680/shoe/u/h/a/mrj1241-7-aadi-brown-original-imafpxnqfwtydh9h.jpeg",
        "brand": "aadi",
        "description": "Boots For Men",
        "new-price": "₹432",
        "old-price": "₹999",
        "discount": "56% off",
        "delivery-type": "Free delivery"
    },
    {
        "image": "https://rukminim2.flixcart.com/image/612/612/k66sh3k0/shoe/3/t/v/art-ca139-9-vellinto-blue-original-imafzpdpeunz5syw.jpeg",
        "brand": "Vellinto",
        "description": "Royal Look Party Wear Shoes ll Casual Shoes ll Latest P...",
        "new-price": "₹662",
        "old-price": "₹1,299",
        "discount": "49% off",
        "delivery-type": "Free delivery"
    },
    {
        "image": "https://rukminim2.flixcart.com/image/612/612/jwwffrk0/shoe/u/e/7/hrel2020-6-hirel-s-black-original-imafhgpmyeygzzfs.jpeg",
        "brand": "Hirel's",
        "description": "Boots For Men",
        "new-price": "₹1,660",
        "old-price": "₹3,999",
        "discount": "58% off",
        "delivery-type": "Lowest Price in 15 days"
    },
    {
        "image": "https://rukminim2.flixcart.com/image/612/612/l22724w0/shoe/m/9/w/8-gumboots-akari-black-original-imag582vadkdn4de.jpeg",
        "brand": "Akari",
        "description": "Boots For Men",
        "new-price": "₹299",
        "old-price": "₹999",
        "discount": "70% off",
        "delivery-type": "Free delivery"
    },
    {
        "image": "https://rukminim2.flixcart.com/image/612/612/l2xmqvk0/shoe/z/b/k/7-ca4130-7-kraasa-black-original-image5vgzstbpzwz.jpeg",
        "brand": "Kraasa",
        "description": "Riding Rockers Boots For Men",
        "new-price": "₹374",
        "old-price": "₹1,924",
        "discount": "80% off",
        "delivery-type": "Free delivery"
    },
    {
        "image": "https://rukminim2.flixcart.com/image/612/612/shoe/r/b/d/camel-gb-0433107y15-woodland-40-original-imaeh36b9ehspghg.jpeg",
        "brand": "WOODLAND",
        "description": "Men Boots For Men",
        "new-price": "₹2,146",
        "old-price": "₹3,995",
        "discount": "46% off",
        "delivery-type": "Free delivery"
    },
    {
        "image": "https://rukminim2.flixcart.com/image/612/612/k0e66q80/shoe/z/2/t/1304-8-rebelbe-beige-original-imafk74qkrdhhw8m.jpeg",
        "brand": "Rebelbe",
        "description": "Outdoor Casual Boots for Mens Boots For Men",
        "new-price": "₹377",
        "old-price": "₹999",
        "discount": "62% off",
        "delivery-type": "Free delivery"
    },
    {
        "image": "https://rukminim2.flixcart.com/image/612/612/kmf7ki80/shoe/e/9/l/10-army-dms-shoes-united-cooper-black-original-imagfc6nsbcr9tvh.jpeg",
        "brand": "Para Commando",
        "description": "combat army boot shoes for men / army shoes / dms shoes...",
        "new-price": "₹653",
        "old-price": "₹1,999",
        "discount": "67% off",
        "delivery-type": "Free delivery"
    },
    {
        "image": "https://rukminim2.flixcart.com/image/612/612/kmuxevk0/shoe/s/l/c/7-mrj1241-7-aadi-beige-original-imagfnxtcjn6mdng.jpeg",
        "brand": "aadi",
        "description": "Boots For Men",
        "new-price": "₹448",
        "old-price": "₹999",
        "discount": "55% off",
        "delivery-type": "Free delivery"
    },
    {
        "image": "https://rukminim2.flixcart.com/image/612/612/kyeqjrk0/kids-shoe/0/e/l/4-girls-bt-601-black-shoetopia-original-imagang5tv4gr9uk.jpeg",
        "brand": "DO BHAI",
        "description": "Boots For Women",
        "new-price": "₹389",
        "old-price": "₹999",
        "discount": "61% off",
        "delivery-type": "Free delivery"
    },
    {
        "image": "https://rukminim2.flixcart.com/image/612/612/l20rma80/shoe/y/e/n/8-9201-8-amble-brown-original-imagdg7w6bxjju3g.jpeg",
        "brand": "amble",
        "description": "Genuine leather Formal Fighter boots for men Boots For ...",
        "new-price": "₹929",
        "old-price": "₹2,499",
        "discount": "62% off",
        "delivery-type": "Free delivery"
    },
    {
        "image": "https://rukminim2.flixcart.com/image/612/612/khjgeq80-0/shoe/2/n/3/jg-003-41-reezz-black-original-imafxj7aexpdfuur.jpeg",
        "brand": "xwomen",
        "description": "Boots For Women",
        "new-price": "₹439",
        "old-price": "₹1,299",
        "discount": "66% off",
        "delivery-type": "Free delivery"
    },
    {
        "image": "https://rukminim2.flixcart.com/image/612/612/kfwvcsw0-0/shoe/z/s/3/9607-39-silver-cat-black-original-imafc4qjxf7g6rfu.jpeg",
        "brand": "TOSHINA SHOES KING",
        "description": "Women Casual Boots For Women",
        "new-price": "₹239",
        "old-price": "₹999",
        "discount": "76% off"
    },
    {
        "image": "https://rukminim2.flixcart.com/image/612/612/k5y7tzk0/shoe/n/g/e/dss-96612-black-38-d-sneakerz-black-original-imafhtkjddcyg4z9.jpeg",
        "brand": "KADY",
        "description": "Leather Casual Stylish Look Boots Shoes Boots For Women",
        "new-price": "₹189",
        "old-price": "₹999",
        "discount": "81% off",
        "delivery-type": "Free delivery"
    },
    {
        "image": "https://rukminim2.flixcart.com/image/612/612/k3ncakw0pkrrdj/shoe/j/u/e/10-ca4380-kraasa-original-imafdf9d8t4dc4gy.jpeg",
        "brand": "Kraasa",
        "description": "BeBop Boots For Men",
        "new-price": "₹581",
        "old-price": "₹1,999",
        "discount": "70% off",
        "delivery-type": "Free delivery"
    },
    {
        "image": "https://rukminim2.flixcart.com/image/612/612/k3xcdjk0pkrrdj/shoe/h/m/7/6-c3-arrow-grey-lives-brown-boxer-black-weldone-c3-arrow-grey-original-imafn2edsysqvh4c.jpeg",
        "brand": "HOTSTYLE",
        "description": "Stylish Boots For Men",
        "new-price": "₹235",
        "old-price": "₹499",
        "discount": "52% off",
        "delivery-type": "Free delivery"
    },
    {
        "image": "https://rukminim2.flixcart.com/image/612/612/kyg5zm80/shoe/v/j/z/6-mens-boot-6-reflexx-solid-black-original-imagaz6k8zwhjnqa.jpeg",
        "brand": "TROTTS",
        "description": "boot for mens Boots For Men",
        "new-price": "₹376",
        "old-price": "₹999",
        "discount": "62% off",
        "delivery-type": "Free delivery"
    },
    {
        "image": "https://rukminim2.flixcart.com/image/612/612/k0r15e80/shoe/p/d/8/mac28005-6-mactree-brown-original-imafkg6we2tg3ddx.jpeg",
        "brand": "MACTREE",
        "description": "Highland Boots For Men",
        "new-price": "₹983",
        "old-price": "₹2,849",
        "discount": "65% off",
        "delivery-type": "Free delivery"
    },
    {
        "image": "https://rukminim2.flixcart.com/image/612/612/kljrvrk0/shoe/2/m/i/10-boot-01-wrizt-black-original-imagyn72bh3ypygy.jpeg",
        "brand": "WRIZT",
        "description": "Ankle length,Walking,partywear,climer,rocking casual Bo...",
        "new-price": "₹281",
        "old-price": "₹999",
        "discount": "71% off",
        "delivery-type": "Lowest Price in 15 days"
    },
    {
        "image": "https://rukminim2.flixcart.com/image/612/612/k7ry3680/shoe/y/t/e/mrj1241-10-aadi-olive-original-imafpxnqfzgzkz4z.jpeg",
        "brand": "aadi",
        "description": "Boots For Men",
        "new-price": "₹407",
        "old-price": "₹999",
        "discount": "59% off",
        "delivery-type": "Free delivery"
    },
    {
        "image": "https://rukminim2.flixcart.com/image/612/612/k5vcya80/shoe/g/u/y/art-ca109-8-vellinto-tan-original-imafzgcawhuz8jsf.jpeg",
        "brand": "Vellinto",
        "description": "Rocky Boots For Men Boots For Men",
        "new-price": "₹498",
        "old-price": "₹1,299",
        "discount": "61% off",
        "delivery-type": "Free delivery"
    },
    {
        "image": "https://rukminim2.flixcart.com/image/612/612/jqv8ia80/shoe/h/z/x/gb-0433107y15-42-woodland-olive-green-original-imafcsjxcvbzsr3m.jpeg",
        "brand": "WOODLAND",
        "description": "Boots For Men",
        "new-price": "₹2,666",
        "old-price": "₹3,995",
        "discount": "33% off",
        "delivery-type": "Free delivery"
    },
    {
        "image": "https://rukminim2.flixcart.com/image/612/612/kyeqjrk0/shoe/t/o/j/8-840-8-bxxy-black-white-original-imaganftdjfjrpx6.jpeg",
        "brand": "BXXY",
        "description": "3 Inch Hidden Height Increasing Casual Outdoor Sneakers...",
        "new-price": "₹3,100",
        "old-price": "₹4,999",
        "discount": "37% off",
        "delivery-type": "Free delivery"
    },
    {
        "image": "https://rukminim2.flixcart.com/image/612/612/koq33ww0/safety-shoe/5/z/2/9-metro-double-puncture-and-tear-resistant-steel-toe-anti-slip-original-imag33xgyf3xcgpr.jpeg",
        "brand": "KAVYA",
        "description": "15 Inch Metro Double , Puncture and Tear Resistant, Ant...",
        "new-price": "₹535",
        "old-price": "₹1,299",
        "discount": "58% off",
        "delivery-type": "Free delivery"
    },
    {
        "image": "https://rukminim2.flixcart.com/image/612/612/kziqvm80/shoe/j/m/j/7-525-bantox-tan-original-imagbggwjn2ngqxk.jpeg",
        "brand": "Bantox",
        "description": "Casual New Arrival Stylish High Neck Climber Mountain L...",
        "new-price": "₹444",
        "old-price": "₹999",
        "discount": "55% off",
        "delivery-type": "Free delivery"
    },
    {
        "image": "https://rukminim2.flixcart.com/image/612/612/kyuge4w0/shoe/6/f/j/10-mrj1840-10-aadi-black-white-original-imagayvwhyvhzwge.jpeg",
        "brand": "aadi",
        "description": "Boots For Men",
        "new-price": "₹381",
        "old-price": "₹1,999",
        "discount": "80% off"
    },
    {
        "image": "https://rukminim2.flixcart.com/image/612/612/j77xjm80-1/shoe/2/p/r/rc3498-001-10-red-chief-black-original-imaexgf4z7jrzkrn.jpeg",
        "brand": "RED CHIEF",
        "description": "RC3498 001 Boots For Men",
        "new-price": "₹2,236",
        "old-price": "₹4,499",
        "discount": "50% off",
        "delivery-type": "Free delivery"
    },
    {
        "image": "https://rukminim2.flixcart.com/image/612/612/kfpq5jk0-0/shoe/i/v/n/jungle-boots-7-army-perfect-olive-original-imafw43pzegcpdwa.jpeg",
        "brand": "PARTAP",
        "description": "JUNGLE BOOTS FOR ARMY MEN Boots For Men",
        "new-price": "₹599",
        "old-price": "₹1,499",
        "discount": "60% off",
        "delivery-type": "Lowest Price in 15 days"
    },
    {
        "image": "https://rukminim2.flixcart.com/image/612/612/l2w7b0w0/shoe/j/8/5/3-7619-3-shoebucks-white-original-image4tfk9ncnw2y.jpeg",
        "brand": "SHOEBUCKS",
        "description": "Comfortable Boots For Women",
        "new-price": "₹269",
        "old-price": "₹999",
        "discount": "73% off",
        "delivery-type": "Free delivery"
    },
    {
        "image": "https://rukminim2.flixcart.com/image/612/612/l09w8sw0/shoe/h/r/z/-original-imagc3hbehgnc8jz.jpeg",
        "brand": "PROVOGUE",
        "description": "Boots For Men",
        "new-price": "₹749",
        "old-price": "₹2,099",
        "discount": "64% off",
        "delivery-type": "Free delivery"
    },
    {
        "image": "https://rukminim2.flixcart.com/image/612/612/kjkbv680-0/shoe/z/9/d/isi-8100-black-5-unistar-black-original-imafz3mnmwdvuyt7.jpeg",
        "brand": "Unistar",
        "description": "Boots For Men",
        "new-price": "₹1,228",
        "old-price": "₹1,899",
        "discount": "35% off",
        "delivery-type": "Free delivery"
    },
    {
        "image": "https://rukminim2.flixcart.com/image/612/612/k5vcya80pkrrdj/shoe/t/f/g/3-dc-9611-dicy-original-imafcutwr9bycx4v.jpeg",
        "brand": "Carrito",
        "description": "Synthetic Leather Casual Partywear Boots Shoes For Wome...",
        "new-price": "₹332",
        "old-price": "₹999",
        "discount": "66% off",
        "delivery-type": "Free delivery"
    },
    {
        "image": "https://rukminim2.flixcart.com/image/612/612/kjom6q80-0/kids-shoe/2/4/u/5c-printed-boot-ideal-collection-original-imafz7yfcz9emgvj.jpeg",
        "brand": "Ideal COLLECTION",
        "description": "Zip Casual Boots For Girls",
        "new-price": "₹345",
        "old-price": "₹699",
        "discount": "50% off",
        "delivery-type": "Free delivery"
    },
    {
        "image": "https://rukminim2.flixcart.com/image/612/612/k5vcya80/shoe/d/y/z/art-ca109-10-vellinto-black-original-imafzgcaqjs3yxvc.jpeg",
        "brand": "Vellinto",
        "description": "Rocky Boots For Men Boots For Men",
        "new-price": "₹509",
        "old-price": "₹1,299",
        "discount": "60% off",
        "delivery-type": "Free delivery"
    },
    {
        "image": "https://rukminim2.flixcart.com/image/612/612/kdnf98w0hlty2aw-0/men-footwear/b/a/4/10-1-ca4155-black-kraasa-black-original-imafdf9dgzsqntcb.jpeg",
        "brand": "Kraasa",
        "description": "BeBop Boots For Men",
        "new-price": "₹584",
        "old-price": "₹1,999",
        "discount": "70% off",
        "delivery-type": "Free delivery"
    },
    {
        "image": "https://rukminim2.flixcart.com/image/612/612/km2clu80/shoe/6/p/b/8-ca40273-8-kraasa-tan-original-imagffy6zznnbac6.jpeg",
        "brand": "Kraasa",
        "description": "Climber Boots For Men",
        "new-price": "₹249",
        "old-price": "₹999",
        "discount": "75% off",
        "delivery-type": "Free delivery"
    },
    {
        "image": "https://rukminim2.flixcart.com/image/612/612/ksaoqkw0/shoe/j/e/r/7-zx-822-zixer-black-original-imag5w4ssc8vcpza.jpeg",
        "brand": "Zixer",
        "description": "Men's Mid Top Ankle Retro Air Sneakers Hip Hop Long Cas...",
        "new-price": "₹516",
        "old-price": "₹2,999",
        "discount": "82% off",
        "delivery-type": "Dhamaal Deal"
    },
    {
        "image": "https://rukminim2.flixcart.com/image/612/612/kulk9zk0/shoe/d/w/3/6-rte328-red-tape-teak-original-imag7zz6kfknbufe.jpeg",
        "brand": "RED TAPE",
        "description": "Chelsea Boots For Men",
        "new-price": "₹1,599",
        "old-price": "₹6,599",
        "discount": "75% off",
        "delivery-type": "Free delivery"
    },
    {
        "image": "https://rukminim2.flixcart.com/image/612/612/kyeqjrk0/shoe/m/t/j/7-840-7-bxxy-black-original-imaganfsjjfdrgyq.jpeg",
        "brand": "BXXY",
        "description": "3 Inch Hidden Height Increasing Casual Outdoor Sneakers...",
        "new-price": "₹3,100",
        "old-price": "₹4,999",
        "discount": "37% off",
        "delivery-type": "Free delivery"
    },
    {
        "image": "https://rukminim2.flixcart.com/image/612/612/l30hmkw0/shoe/i/x/7/9-flip-5201-roaster-black-original-image8eqvtd7rua7.jpeg",
        "brand": "ROASTER",
        "description": "High Ankle Hip Hop Dancing Boot For Men Boots For Men (...",
        "new-price": "₹449",
        "old-price": "₹1,499",
        "discount": "70% off"
    },
    {
        "image": "https://rukminim2.flixcart.com/image/612/612/kupuljk0/shoe/b/m/v/8-anti-slip-safety-gumboot-03-aadienterprise-multicolour-original-imag7syf7qzjayzz.jpeg",
        "brand": "aadienterprise",
        "description": "Safety Gumboot Step Up 13 Inch Double density with stee...",
        "new-price": "₹599",
        "old-price": "₹1,299",
        "discount": "53% off",
        "delivery-type": "Free delivery"
    },
    {
        "image": "https://rukminim2.flixcart.com/image/612/612/kt8zb0w0/shoe/o/u/c/6-boxyshoes-6-hotstyle-blue-original-imag6nfe5n6k6szg.jpeg",
        "brand": "HOTSTYLE",
        "description": "Stylish Boots For Men",
        "new-price": "₹235",
        "old-price": "₹499",
        "discount": "52% off",
        "delivery-type": "Free delivery"
    },
    {
        "image": "https://rukminim2.flixcart.com/image/612/612/klqx30w0/shoe/8/l/a/7-fst-3919-brown-41-fausto-brown-original-imagytyxhzesduxu.jpeg",
        "brand": "FAUSTO",
        "description": "High Ankle Buckle Boots For Men",
        "new-price": "₹1,479",
        "old-price": "₹1,699",
        "discount": "12% off",
        "delivery-type": "Free delivery"
    },
    {
        "image": "https://rukminim2.flixcart.com/image/612/612/l12h1u80/shoe/v/a/o/6-flip-3202-roaster-white-original-imagcpvtsaqwqsgx.jpeg",
        "brand": "ROASTER",
        "description": "NEW FANCY ATTRACTIVE BOOT CASUAL FOR MEN Sneakers For M...",
        "new-price": "₹479",
        "old-price": "₹1,299",
        "discount": "63% off",
        "delivery-type": "Free delivery"
    },
    {
        "image": "https://rukminim2.flixcart.com/image/612/612/klv7ekw0/shoe/j/x/l/8-casual-8-victory-elite-orange-original-imagyweettrzsxmh.jpeg",
        "brand": "VICTORY ELITE",
        "description": "Stylish Trendy Casual Boots For Men Boots For Men",
        "new-price": "₹300",
        "old-price": "₹999",
        "discount": "69% off"
    },
    {
        "image": "https://rukminim2.flixcart.com/image/612/612/k0tw13k0/shoe/n/j/y/122-boot-37-r-m-black-original-imaezf4dh99kc5cg.jpeg",
        "brand": "SPPIF",
        "description": "Boots For Women",
        "new-price": "₹320",
        "old-price": "₹1,100",
        "discount": "70% off"
    },
    {
        "image": "https://rukminim2.flixcart.com/image/612/612/kv2pk7k0/shoe/o/v/2/6-casual-lock-lx-40-zixer-red-original-imag825pm7w8edkm.jpeg",
        "brand": "ZOMBIC",
        "description": "Boots For Men",
        "new-price": "₹549",
        "old-price": "₹1,299",
        "discount": "57% off",
        "delivery-type": "Lowest Price in 15 days"
    },
    {
        "image": "https://rukminim2.flixcart.com/image/612/612/kl9rssw0/shoe/y/t/s/8-1604-41-rindas-white-original-imagyfg2yja3e4dr.jpeg",
        "brand": "SHOEBUCKS",
        "description": "Boots For Women",
        "new-price": "₹438",
        "old-price": "₹999",
        "discount": "56% off",
        "delivery-type": "Free delivery"
    },
    {
        "image": "https://rukminim2.flixcart.com/image/612/612/kv2pk7k0/shoe/d/i/q/5-side-lace-black-teeniv-black-original-imag822xnf5pfdre.jpeg",
        "brand": "Aarti Collection",
        "description": "Boots For Women",
        "new-price": "₹339",
        "old-price": "₹799",
        "discount": "57% off",
        "delivery-type": "Free delivery"
    },
    {
        "image": "https://rukminim2.flixcart.com/image/612/612/kzrbiq80/shoe/e/8/i/5-women-heel-boots-fashimo-grey-original-imagbp7sfurhugmc.jpeg",
        "brand": "FASHIMO",
        "description": "Women Fashion Classic Boots For Women Boots For Women",
        "new-price": "₹414",
        "old-price": "₹999",
        "discount": "58% off",
        "delivery-type": "Free delivery"
    },
    {
        "image": "https://rukminim2.flixcart.com/image/612/612/kyeqjrk0/shoe/n/r/6/7-840-7-bxxy-tan-original-imaganfsvhsuuf8g.jpeg",
        "brand": "BXXY",
        "description": "3 Inch Hidden Height Increasing Casual Outdoor Sneakers...",
        "new-price": "₹3,100",
        "old-price": "₹4,999",
        "discount": "37% off",
        "delivery-type": "Free delivery"
    },
    {
        "image": "https://rukminim2.flixcart.com/image/612/612/kdakakw0/kids-shoe/m/b/n/5c-edboot2-edee-original-imafu866uhsfrfws.jpeg",
        "brand": "Edee",
        "description": "Lace Casual Boots For Boys & Girls",
        "new-price": "₹269",
        "old-price": "₹1,099",
        "discount": "75% off",
        "delivery-type": "Free delivery"
    },
    {
        "image": "https://rukminim2.flixcart.com/image/612/612/kk4c13k0/shoe/w/z/z/loc4273-43-aeonik-grey-original-imafzjdgvy7zdgwp.jpeg",
        "brand": "Aeonik",
        "description": "Boots For Men",
        "new-price": "₹499",
        "old-price": "₹1,499",
        "discount": "66% off",
        "delivery-type": "Free delivery"
    },
    {
        "image": "https://rukminim2.flixcart.com/image/612/612/kkvhea80/shoe/f/1/1/8-art-ca101-vellinto-black-charcoal-jet-black-raisin-black-original-imagy4geujgx94gc.jpeg",
        "brand": "Vellinto",
        "description": "Synthetic Leather Boots for Men Boots For Men",
        "new-price": "₹509",
        "old-price": "₹1,299",
        "discount": "60% off",
        "delivery-type": "Free delivery"
    },
    {
        "image": "https://rukminim2.flixcart.com/image/612/612/kt7jv680/shoe/d/t/4/7-zelt-high-quality-italian-suede-leather-side-zip-black-casual-original-imag6hhckfce5frk.jpeg",
        "brand": "Warnex",
        "description": "Zelt High quality Italian suede leather side zip casual...",
        "new-price": "₹1,848",
        "old-price": "₹2,999",
        "discount": "38% off",
        "delivery-type": "Free delivery"
    },
    {
        "image": "https://rukminim2.flixcart.com/image/612/612/k4k7f680/shoe/s/9/r/new-1241-7-easyvalk-black-original-imafm29wtgh6ahtj.jpeg",
        "brand": "OMIKA",
        "description": "Stylish Casual And Ankle Boots For Men shoe Boots For M...",
        "new-price": "₹349",
        "old-price": "₹999",
        "discount": "65% off",
        "delivery-type": "Free delivery"
    },
    {
        "image": "https://rukminim2.flixcart.com/image/612/612/l34ry4w0/shoe/0/9/y/8-pljs29f2-42-mahadev-beige-original-imagebnaxzhhymmf.jpeg",
        "brand": "MAHADEV",
        "description": "Boots For Men",
        "new-price": "₹2,349",
        "old-price": "₹15,499",
        "discount": "84% off",
        "delivery-type": "Free delivery"
    },
    {
        "image": "https://rukminim2.flixcart.com/image/612/612/kdnf98w0hlty2aw-0/men-footwear/v/m/d/6-1-ca4215-grey-knight-ace-grey-original-imafdf9drezatzwu.jpeg",
        "brand": "Kraasa",
        "description": "BeBop Boots For Men",
        "new-price": "₹527",
        "old-price": "₹1,999",
        "discount": "73% off",
        "delivery-type": "Free delivery"
    },
    {
        "image": "https://rukminim2.flixcart.com/image/612/612/kh0vonk0-0/shoe/o/i/1/88-46hstg-5-warrior-by-liberty-olive-original-imafx4qrhagaz8xu.jpeg",
        "brand": "Warrior By Liberty",
        "description": "Warrior Original Jungle Boot For Men - Oil Stain & Wate...",
        "new-price": "₹2,049",
        "old-price": "₹2,099",
        "discount": "2% off",
        "delivery-type": "Free delivery"
    }
]