[
    {
        "image": "https://rukminim2.flixcart.com/image/612/612/kxhvf680/fabric/2/0/m/no-2-35-m-unstitched-na-new-01-maitree-creations-original-imag9yy5rshtmgz5.jpeg",
        "brand": "IDISI CLOTHES",
        "description": "Unstitched Polycotton Shirt Fabric Printed",
        "new-price": "₹249",
        "old-price": "₹999",
        "discount": "75% off",
        "delivery-type": "Free delivery"
    },
    {
        "image": "https://rukminim2.flixcart.com/image/612/612/ky3b0y80/fabric/z/j/1/no-2-35-m-unstitched-na-idisi-flower-idisi-clothes-original-imagaepkszwjdgux.jpeg",
        "brand": "IDISI CLOTHES",
        "description": "Unstitched Polycotton Shirt Fabric Printed",
        "new-price": "₹249",
        "old-price": "₹999",
        "discount": "75% off",
        "delivery-type": "Free delivery"
    },
    {
        "image": "https://rukminim2.flixcart.com/image/612/612/kv8fbm80/fabric/t/u/z/no-2-35-m-unstitched-na-idisi-flower-idisi-clothes-original-imag86dhpfu7adnx.jpeg",
        "brand": "IDISI CLOTHES",
        "description": "Unstitched Polycotton Shirt Fabric Printed",
        "new-price": "₹249",
        "old-price": "₹999",
        "discount": "75% off",
        "delivery-type": "Free delivery"
    },
    {
        "image": "https://rukminim2.flixcart.com/image/612/612/l1xwqkw0/top/j/e/v/l-floral-top-peach-jgenterprisess-original-imagde7eyvn7zacx.jpeg",
        "brand": "TINCH CLOTHES",
        "description": "Casual Regular Sleeves Floral Print Women Multicolor To...",
        "new-price": "₹218",
        "old-price": "₹499",
        "discount": "56% off",
        "delivery-type": "Free delivery"
    },
    {
        "image": "https://rukminim2.flixcart.com/image/612/612/kyt0ya80/fabric/b/u/e/no-2-35-m-unstitched-na-idisi-flower-idisi-clothes-original-imagaybwjgxym5j2.jpeg",
        "brand": "IDISI CLOTHES",
        "description": "Unstitched Polycotton Shirt Fabric Printed",
        "new-price": "₹249",
        "old-price": "₹999",
        "discount": "75% off",
        "delivery-type": "Free delivery"
    },
    {
        "image": "https://rukminim2.flixcart.com/image/612/612/kuof5ow0/fabric/7/v/v/no-2-35-m-unstitched-na-heart-fabfiza-original-imag7qyhw2tamhfs.jpeg",
        "brand": "IDISI CLOTHES",
        "description": "Unstitched Polycotton Shirt Fabric Printed",
        "new-price": "₹249",
        "old-price": "₹999",
        "discount": "75% off",
        "delivery-type": "Free delivery"
    },
    {
        "image": "https://rukminim2.flixcart.com/image/612/612/ktuewsw0/fabric/p/h/8/no-2-35-m-unstitched-na-idisi-flower-idisi-clothes-original-imag73quaffpvdam.jpeg",
        "brand": "IDISI CLOTHES",
        "description": "Unstitched Polycotton Shirt Fabric Printed",
        "new-price": "₹249",
        "old-price": "₹999",
        "discount": "75% off",
        "delivery-type": "Free delivery"
    },
    {
        "image": "https://rukminim2.flixcart.com/image/612/612/l1ch4sw0/short/n/t/z/l-mensshortssportscotspand-202203-001-dorchis-original-imagcxs59pcjvghq.jpeg",
        "brand": "DORCHIS",
        "description": "Solid Men Dark Blue Sports Shorts",
        "new-price": "₹499",
        "old-price": "₹1,099",
        "discount": "54% off",
        "delivery-type": "Free delivery"
    },
    {
        "image": "https://rukminim2.flixcart.com/image/612/612/kws5hu80/fabric/6/r/k/no-2-35-m-unstitched-na-divy-004-idisi-clothes-original-imag9dmaw5qyfgwu.jpeg",
        "brand": "IDISI CLOTHES",
        "description": "Unstitched Polycotton Shirt Fabric Printed",
        "new-price": "₹249",
        "old-price": "₹999",
        "discount": "75% off",
        "delivery-type": "Free delivery"
    },
    {
        "image": "https://rukminim2.flixcart.com/image/612/612/l0h1g280/shirt/w/q/c/xl-sksh-rc-11ee-bk-protocol-original-imagc97jaxya3vwg.jpeg",
        "brand": "PROTOCOL",
        "description": "Men Slim Fit Solid Slim Collar Casual Shirt",
        "new-price": "₹249",
        "old-price": "₹999",
        "discount": "75% off",
        "delivery-type": "Free delivery"
    },
    {
        "image": "https://rukminim2.flixcart.com/image/612/612/ke353m80-0/t-shirt/e/2/h/m-cv-ts84-vero-lie-original-imafuun2mxszmbyx.jpeg",
        "brand": "VERO LIE",
        "description": "Solid Men Round Neck Maroon T-Shirt",
        "new-price": "₹219",
        "old-price": "₹999",
        "discount": "78% off",
        "delivery-type": "Free delivery"
    },
    {
        "image": "https://rukminim2.flixcart.com/image/612/612/kjym9ow0/track-pant/r/c/y/m-dv-track11-vero-lie-original-imafzewzb2znnzgf.jpeg",
        "brand": "VERO LIE",
        "description": "Color Block Men Black Track Pants",
        "new-price": "₹359",
        "old-price": "₹1,599",
        "discount": "77% off",
        "delivery-type": "Free delivery"
    },
    {
        "image": "https://rukminim2.flixcart.com/image/612/612/kr0ynbk0/kids-apparel-combo/e/n/5/2-3-years-baby-boy-baby-girl-dress-kids-cotton-printed-dress-original-imag4wzvchrfukcm.jpeg",
        "brand": "KIDS PARYANIS",
        "description": "Baby Boys & Baby Girls Party(Festive) T-shirt Shorts",
        "new-price": "₹385",
        "old-price": "₹999",
        "discount": "61% off",
        "delivery-type": "Free delivery"
    },
    {
        "image": "https://rukminim2.flixcart.com/image/612/612/kg15ocw0-0/shirt/l/b/u/l-ramraj-solid-netplay-killer-us-cotton-linen-zara-for-human-original-imafwd9ke4ctgquh.jpeg",
        "brand": "Indi Hemp",
        "description": "Men Tailored, Slim, Regular Fit Checkered Button Down C...",
        "new-price": "₹450",
        "old-price": "₹1,999",
        "discount": "77% off",
        "delivery-type": "Free delivery"
    },
    {
        "image": "https://rukminim2.flixcart.com/image/612/612/l01blow0/kids-apparel-combo/k/c/i/0-6-months-babies-t-shirt-shorts-sleeveless-dress-baby-boy-baby-original-imagbxa9dsdduhsd.jpeg",
        "brand": "KIDS PARYANIS",
        "description": "Baby Boys & Baby Girls Casual T-shirt Shorts",
        "new-price": "₹322",
        "old-price": "₹999",
        "discount": "67% off",
        "delivery-type": "Free delivery"
    },
    {
        "image": "https://rukminim2.flixcart.com/image/612/612/kod858w0/kids-t-shirt/j/d/p/11-12-years-lnlbyshlsl006-11-12-luke-and-lilly-original-imag2u2f6zt7ydgq.jpeg",
        "brand": "Luke and Lilly",
        "description": "Boys Colorblock Pure Cotton T Shirt",
        "new-price": "₹426",
        "old-price": "₹1,499",
        "discount": "71% off"
    },
    {
        "image": "https://rukminim2.flixcart.com/image/612/612/kwjkuq80/cap/q/1/r/m-asrcappremium-unisex-woolen-beanie-cap-scarf-warm-snow-proof-original-imag978wdnzmfdwy.jpeg",
        "brand": "GREEN AGRITECH",
        "description": "Embellished Woolen Caps Cap",
        "new-price": "₹197",
        "old-price": "₹899",
        "discount": "78% off",
        "delivery-type": "Free delivery"
    },
    {
        "image": "https://rukminim2.flixcart.com/image/612/612/k6fd47k0pkrrdj/kurta/m/c/g/xl-dx1006-dxfashion-original-imafzdc9ggnhbw7w.jpeg",
        "brand": "Siya Fashion",
        "description": "Women Printed, Self Design Pure Crepe Straight Kurta",
        "new-price": "₹180",
        "old-price": "₹999",
        "discount": "81% off",
        "delivery-type": "Free delivery"
    },
    {
        "image": "https://rukminim2.flixcart.com/image/612/612/kfmv9u80/night-dress-nighty/z/h/z/xl-whs-night-dress-sleepy-owl-pink-young-trendz-original-imafwfgezy6utugg.jpeg",
        "brand": "Young trendz",
        "description": "Women Nighty",
        "new-price": "₹222",
        "old-price": "₹1,219",
        "discount": "81% off",
        "delivery-type": "Free delivery"
    },
    {
        "image": "https://rukminim2.flixcart.com/image/612/612/klwmufk0/kids-t-shirt/a/q/q/9-10-years-lnlbysfour007-9-10-luke-and-lilly-original-imagyxjw9x8jzmgh.jpeg",
        "brand": "Luke and Lilly",
        "description": "Boys Colorblock Pure Cotton T Shirt",
        "new-price": "₹999",
        "old-price": "₹1,999",
        "discount": "50% off"
    },
    {
        "image": "https://rukminim2.flixcart.com/image/612/612/kxrvi4w0/fabric/q/w/b/no-2-35-m-unstitched-na-rs-black-white-scooter-radhe-sales-original-imaga5rwjdvuhuzr.jpeg",
        "brand": "IDISI CLOTHES",
        "description": "Unstitched Polycotton Shirt Fabric Printed",
        "new-price": "₹249",
        "old-price": "₹999",
        "discount": "75% off",
        "delivery-type": "Free delivery"
    },
    {
        "image": "https://rukminim2.flixcart.com/image/612/612/kxrvi4w0/fabric/m/h/q/no-2-35-m-unstitched-na-rs-grey-ubhi-patti-radhe-sales-original-imaga5rgtb7ehyhz.jpeg",
        "brand": "IDISI CLOTHES",
        "description": "Unstitched Polycotton Shirt Fabric Printed",
        "new-price": "₹239",
        "old-price": "₹999",
        "discount": "76% off",
        "delivery-type": "Free delivery"
    },
    {
        "image": "https://rukminim2.flixcart.com/image/612/612/kwgpz0w0/fabric/6/k/m/no-2-35-m-unstitched-na-idisi-flower-idisi-clothes-original-imag95yzvuuhfwvd.jpeg",
        "brand": "IDISI CLOTHES",
        "description": "Unstitched Polycotton Shirt Fabric Printed",
        "new-price": "₹239",
        "old-price": "₹999",
        "discount": "76% off",
        "delivery-type": "Free delivery"
    },
    {
        "image": "https://rukminim2.flixcart.com/image/612/612/kjym9ow0/track-pant/j/r/z/m-dv-track15-vero-lie-original-imafzewsegvvsktz.jpeg",
        "brand": "VERO LIE",
        "description": "Color Block Men Black Track Pants",
        "new-price": "₹359",
        "old-price": "₹1,599",
        "discount": "77% off",
        "delivery-type": "Free delivery"
    },
    {
        "image": "https://rukminim2.flixcart.com/image/612/612/ky1vl3k0/fabric/s/x/x/no-2-35-m-unstitched-na-idisi-flower-idisi-clothes-original-imagadkhcyuxffw3.jpeg",
        "brand": "IDISI CLOTHES",
        "description": "Unstitched Polycotton Shirt Fabric Color Block",
        "new-price": "₹249",
        "old-price": "₹999",
        "discount": "75% off",
        "delivery-type": "Free delivery"
    },
    {
        "image": "https://rukminim2.flixcart.com/image/612/612/kxrvi4w0/fabric/e/k/s/no-2-35-m-unstitched-na-rs-superhero-green-radhe-sales-original-imaga5ry8dt8dymg.jpeg",
        "brand": "IDISI CLOTHES",
        "description": "Unstitched Polycotton Shirt Fabric Printed",
        "new-price": "₹249",
        "old-price": "₹999",
        "discount": "75% off",
        "delivery-type": "Free delivery"
    },
    {
        "image": "https://rukminim2.flixcart.com/image/612/612/js0o9zk0/fabric/5/3/u/vimalslatesuit3mcorrect-vimal-original-imafdzrjh7pwh4mc.jpeg",
        "brand": "VIMAL",
        "description": "Unstitched Cotton Viscose Blend Trouser Fabric Solid",
        "new-price": "₹496",
        "old-price": "₹1,999",
        "discount": "75% off",
        "delivery-type": "Free delivery"
    },
    {
        "image": "https://rukminim2.flixcart.com/image/612/612/l2hwwi80/shopsy-sock/u/u/p/m-1-sock-medium-medibar-men-women-original-imagdtjjfgxarpmj.jpeg",
        "brand": "medibar",
        "description": "Men & Women Floral Print Ankle Length",
        "new-price": "₹168",
        "old-price": "₹499",
        "discount": "66% off",
        "delivery-type": "Free delivery"
    },
    {
        "image": "https://rukminim2.flixcart.com/image/612/612/ktn9pjk0/fabric/r/j/s/no-2-35-m-unstitched-na-idisi-flower-idisi-clothes-original-imag6ybzyegn6ag5.jpeg",
        "brand": "IDISI CLOTHES",
        "description": "Unstitched Polycotton Shirt Fabric Printed",
        "new-price": "₹249",
        "old-price": "₹999",
        "discount": "75% off",
        "delivery-type": "Free delivery"
    },
    {
        "image": "https://rukminim2.flixcart.com/image/612/612/krayqa80/kids-apparel-combo/w/g/9/9-12-months-baby-boy-baby-girl-dress-kids-cotton-printed-dress-original-imag54ugwu79rury.jpeg",
        "brand": "Shyamcollections",
        "description": "Baby Boys & Baby Girls Party(Festive) T-shirt Shorts",
        "new-price": "₹329",
        "old-price": "₹1,099",
        "discount": "70% off",
        "delivery-type": "Free delivery"
    },
    {
        "image": "https://rukminim2.flixcart.com/image/612/612/klicfww0/shirt/d/5/x/xl-cm-st106-cobio-man-original-imagym3fxz8w6jvx.jpeg",
        "brand": "COBIO MAN",
        "description": "Men Regular Fit Striped Spread Collar Casual Shirt",
        "new-price": "₹399",
        "old-price": "₹1,599",
        "discount": "75% off",
        "delivery-type": "Free delivery"
    },
    {
        "image": "https://rukminim2.flixcart.com/image/612/612/kdt50nk0-0/t-shirt/i/t/p/m-cv-ts78-vero-lie-original-imafumx3xtbmfewt.jpeg",
        "brand": "VERO LIE",
        "description": "Solid Men Round Neck Dark Green T-Shirt",
        "new-price": "₹219",
        "old-price": "₹999",
        "discount": "78% off",
        "delivery-type": "Free delivery"
    },
    {
        "image": "https://rukminim2.flixcart.com/image/612/612/kylvr0w0/kids-apparel-combo/q/n/p/18-24-months-baby-boy-and-baby-girls-top-shorts-dress-for-smmer-original-imagat2ygdtractf.jpeg",
        "brand": "Shyamcollections",
        "description": "Baby Girls Casual Top Shorts",
        "new-price": "₹265",
        "old-price": "₹999",
        "discount": "73% off",
        "delivery-type": "Free delivery"
    },
    {
        "image": "https://rukminim2.flixcart.com/image/612/612/kh0vonk0/kids-lehenga-choli/w/n/v/8-9-years-cs-k-black-clothes-shop-original-imafx43xqeyfz7hh.jpeg",
        "brand": "Clothes Shop",
        "description": "Girls Lehenga Choli Ethnic Wear Embroidered Lehenga, Ch...",
        "new-price": "₹365",
        "old-price": "₹999",
        "discount": "63% off",
        "delivery-type": "Free delivery"
    },
    {
        "image": "https://rukminim2.flixcart.com/image/612/612/kzfvzww0/kids-apparel-combo/6/2/9/0-3-months-baby-boy-and-baby-girls-capri-top-dress-for-summer-original-imagbgdjgaewr9wx.jpeg",
        "brand": "KIDS PARYANIS",
        "description": "Baby Boys & Baby Girls Party(Festive) Top Capri",
        "new-price": "₹284",
        "old-price": "₹999",
        "discount": "71% off",
        "delivery-type": "Free delivery"
    },
    {
        "image": "https://rukminim2.flixcart.com/image/612/612/kod858w0/kids-t-shirt/k/z/b/11-12-years-lnlbyshlsl004-11-12-luke-and-lilly-original-imag2u2gzegryvcu.jpeg",
        "brand": "Luke and Lilly",
        "description": "Boys Colorblock Pure Cotton T Shirt",
        "new-price": "₹426",
        "old-price": "₹1,499",
        "discount": "71% off"
    },
    {
        "image": "https://rukminim2.flixcart.com/image/612/612/kjym9ow0/track-pant/j/r/z/m-dv-track15-vero-lie-original-imafzewsegvvsktz.jpeg",
        "brand": "VERO LIE",
        "description": "Color Block Men Black Track Pants",
        "new-price": "₹359",
        "old-price": "₹1,599",
        "discount": "77% off",
        "delivery-type": "Free delivery"
    },
    {
        "image": "https://rukminim2.flixcart.com/image/612/612/ksoz53k0/kurta/u/7/m/l-k187-184-l-new-ethnic-fashion-original-imag67dggp2phufe.jpeg",
        "brand": "NEW ETHNIC FASHION",
        "description": "Women Printed Poly Crepe Straight Kurta",
        "new-price": "₹320",
        "old-price": "₹1,599",
        "discount": "79% off",
        "delivery-type": "Free delivery"
    },
    {
        "image": "https://rukminim2.flixcart.com/image/612/612/kflftzk0/shirt/q/a/x/3xl-ramraj-cotton-linen-zara-shirts-for-human-being-semi-formal-original-imafwf26ujqqtyys.jpeg",
        "brand": "Indi Hemp",
        "description": "Men Tailored, Slim, Regular Fit Solid Button Down Colla...",
        "new-price": "₹450",
        "old-price": "₹1,999",
        "discount": "77% off",
        "delivery-type": "Free delivery"
    },
    {
        "image": "https://rukminim2.flixcart.com/image/612/612/kflftzk0-0/shirt/o/s/u/l-vr-st142-vero-lie-original-imafwyffm3xqbxu2.jpeg",
        "brand": "VERO LIE",
        "description": "Men Regular Fit Printed Spread Collar Casual Shirt",
        "new-price": "₹329",
        "old-price": "₹1,975",
        "discount": "83% off",
        "delivery-type": "Free delivery"
    },
    {
        "image": "https://rukminim2.flixcart.com/image/612/612/kuof5ow0/fabric/d/w/f/no-2-35-m-unstitched-na-heart-fabfiza-original-imag7qyjvep9hph9.jpeg",
        "brand": "IDISI CLOTHES",
        "description": "Unstitched Polycotton Shirt Fabric Printed",
        "new-price": "₹225",
        "old-price": "₹999",
        "discount": "77% off",
        "delivery-type": "Free delivery"
    },
    {
        "image": "https://rukminim2.flixcart.com/image/612/612/kuof5ow0/fabric/x/8/r/no-2-35-m-unstitched-na-heart-fabfiza-original-imag7qyemyxfucd9.jpeg",
        "brand": "IDISI CLOTHES",
        "description": "Unstitched Polycotton Shirt Fabric Printed",
        "new-price": "₹249",
        "old-price": "₹999",
        "discount": "75% off",
        "delivery-type": "Free delivery"
    },
    {
        "image": "https://rukminim2.flixcart.com/image/612/612/kxf0jgw0/fabric/n/w/j/no-2-35-m-unstitched-na-blue-white-shirt-idisi-clothes-original-imag9vsnfyhhrasw.jpeg",
        "brand": "IDISI CLOTHES",
        "description": "Unstitched Polycotton Shirt Fabric Floral Print",
        "new-price": "₹249",
        "old-price": "₹999",
        "discount": "75% off",
        "delivery-type": "Free delivery"
    },
    {
        "image": "https://rukminim2.flixcart.com/image/612/612/kdbzqfk0/shirt/x/h/h/l-vr-st211-vero-lie-original-imafu9da86fgfzfg.jpeg",
        "brand": "VERO LIE",
        "description": "Men Regular Fit Floral Print Spread Collar Casual Shirt",
        "new-price": "₹289",
        "old-price": "₹1,599",
        "discount": "81% off",
        "delivery-type": "Free delivery"
    },
    {
        "image": "https://rukminim2.flixcart.com/image/612/612/ktuewsw0/fabric/h/c/d/no-2-35-m-unstitched-na-idisi-flower-idisi-clothes-original-imag73r3kcenebuv.jpeg",
        "brand": "IDISI CLOTHES",
        "description": "Unstitched Polycotton Shirt Fabric Printed",
        "new-price": "₹249",
        "old-price": "₹999",
        "discount": "75% off",
        "delivery-type": "Free delivery"
    },
    {
        "image": "https://rukminim2.flixcart.com/image/612/612/ky3b0y80/fabric/s/a/k/no-2-35-m-unstitched-na-idisi-flower-idisi-clothes-original-imagaepkdytvz9az.jpeg",
        "brand": "IDISI CLOTHES",
        "description": "Unstitched Polycotton Shirt Fabric Color Block",
        "new-price": "₹249",
        "old-price": "₹999",
        "discount": "75% off",
        "delivery-type": "Free delivery"
    },
    {
        "image": "https://rukminim2.flixcart.com/image/612/612/l27wtjk0/fabric/d/y/e/no-2-25-m-unstitched-na-shirts-kapad-for-men-damtag-original-imagdjy3rw7h5rqu.jpeg",
        "brand": "GAMI",
        "description": "Unstitched Polycotton Shirt Fabric Printed",
        "new-price": "₹309",
        "old-price": "₹899",
        "discount": "65% off",
        "delivery-type": "Free delivery"
    },
    {
        "image": "https://rukminim2.flixcart.com/image/612/612/kyyqpow0/sweatshirt/w/p/z/xl-aot-zpr-hoodie-9tails-original-imagb2kzuhez7xnh.jpeg",
        "brand": "9tails",
        "description": "Full Sleeve Solid, Graphic Print Men Sweatshirt",
        "new-price": "₹599",
        "old-price": "₹1,999",
        "discount": "70% off",
        "delivery-type": "Free delivery"
    },
    {
        "image": "https://rukminim2.flixcart.com/image/612/612/ky1vl3k0/fabric/y/z/9/no-2-35-m-unstitched-na-idisi-flower-idisi-clothes-original-imagadhwfrnhhg2y.jpeg",
        "brand": "IDISI CLOTHES",
        "description": "Unstitched Polycotton Shirt Fabric Color Block",
        "new-price": "₹249",
        "old-price": "₹999",
        "discount": "75% off",
        "delivery-type": "Free delivery"
    },
    {
        "image": "https://rukminim2.flixcart.com/image/612/612/ki0loy80-0/t-shirt/j/r/3/l-cv-ts99-vero-lie-original-imafxw9ragmcdgcm.jpeg",
        "brand": "VERO LIE",
        "description": "Solid Men Round Neck Black T-Shirt",
        "new-price": "₹219",
        "old-price": "₹999",
        "discount": "78% off",
        "delivery-type": "Free delivery"
    },
    {
        "image": "https://rukminim2.flixcart.com/image/612/612/kzd147k0/kids-apparel-combo/k/h/x/12-18-months-baby-boy-and-baby-girls-born-baby-infant-todller-original-imagbe9ganw7pqwu.jpeg",
        "brand": "Shyamcollections",
        "description": "Baby Boys & Baby Girls Casual Top Shorts",
        "new-price": "₹379",
        "old-price": "₹999",
        "discount": "62% off",
        "delivery-type": "Free delivery"
    },
    {
        "image": "https://rukminim2.flixcart.com/image/612/612/ki0loy80-0/t-shirt/l/7/h/l-cv-ts100-vero-lie-original-imafxw9zbyuweyzy.jpeg",
        "brand": "VERO LIE",
        "description": "Solid Men s Black T-Shirt",
        "new-price": "₹249",
        "old-price": "₹999",
        "discount": "75% off",
        "delivery-type": "Free delivery"
    },
    {
        "image": "https://rukminim2.flixcart.com/image/612/612/kdt50nk0-0/t-shirt/i/t/p/m-cv-ts78-vero-lie-original-imafumx3xtbmfewt.jpeg",
        "brand": "VERO LIE",
        "description": "Solid Men Round Neck Dark Green T-Shirt",
        "new-price": "₹219",
        "old-price": "₹999",
        "discount": "78% off",
        "delivery-type": "Free delivery"
    },
    {
        "image": "https://rukminim2.flixcart.com/image/612/612/l0jwbrk0/kids-apparel-combo/e/q/d/3-6-months-kids-button-suit-dot-6-half-3-6m-atxp-original-imagcbhpecw4gzgk.jpeg",
        "brand": "ATXP",
        "description": "Baby Boys & Baby Girls Casual T-shirt Pant",
        "new-price": "₹499",
        "old-price": "₹1,199",
        "discount": "58% off",
        "delivery-type": "Free delivery"
    },
    {
        "image": "https://rukminim2.flixcart.com/image/612/612/kyoqmq80/kids-apparel-combo/j/h/d/12-18-months-babies-dress-baby-boy-baby-girl-dress-kids-cotton-original-imagavbypyj2ea65.jpeg",
        "brand": "KIDS PARYANIS",
        "description": "Baby Boys & Baby Girls Doraemon Party(Festive) T-shirt ...",
        "new-price": "₹365",
        "old-price": "₹999",
        "discount": "63% off",
        "delivery-type": "Free delivery"
    },
    {
        "image": "https://rukminim2.flixcart.com/image/612/612/l1ch4sw0/short/g/h/w/l-mensshortssportscotspand-202203-001-dorchis-original-imagcxs5pqzjg8uz.jpeg",
        "brand": "DORCHIS",
        "description": "Solid Men Black Sports Shorts",
        "new-price": "₹499",
        "old-price": "₹1,099",
        "discount": "54% off",
        "delivery-type": "Free delivery"
    },
    {
        "image": "https://rukminim2.flixcart.com/image/612/612/jcktzm80/shrug/k/g/9/s-menshrg003-bfly-original-imaffneb38nhfx2u.jpeg",
        "brand": "Bfly",
        "description": "Men Asymmetric Full Sleeve Black Shrug",
        "new-price": "₹535",
        "old-price": "₹1,199",
        "discount": "55% off",
        "delivery-type": "Free delivery"
    },
    {
        "image": "https://rukminim2.flixcart.com/image/612/612/kkwwu4w0/top/s/4/c/l-dv-top18-vero-lie-original-imagy5qjgquzbkkz.jpeg",
        "brand": "VERO LIE",
        "description": "Casual Regular Sleeves Color Block Women Blue Top",
        "new-price": "₹224",
        "old-price": "₹1,299",
        "discount": "82% off",
        "delivery-type": "Free delivery"
    },
    {
        "image": "https://rukminim2.flixcart.com/image/612/612/kfmv9u80-0/shirt/e/a/x/3xl-ramraj-cotton-linen-zara-shirts-for-human-being-semi-formal-original-imafwf5kng3hvbez.jpeg",
        "brand": "Indi Hemp",
        "description": "Men Tailored, Slim, Regular Fit Solid Button Down Colla...",
        "new-price": "₹450",
        "old-price": "₹1,999",
        "discount": "77% off",
        "delivery-type": "Free delivery"
    },
    {
        "image": "https://rukminim2.flixcart.com/image/612/612/k3g73bk0/bodysuit-sleepsuit/s/k/k/na-3-6-months-7-the-boo-boo-club-na-original-imafmgkyaexykvcz.jpeg",
        "description": "The Boo Boo Club Baby Boys & Baby Girls Green Bodysuit",
        "new-price": "₹348",
        "old-price": "₹1,000",
        "discount": "65% off",
        "delivery-type": "Free delivery"
    },
    {
        "image": "https://rukminim2.flixcart.com/image/612/612/kuof5ow0/fabric/e/o/j/no-2-35-m-unstitched-na-heart-fabfiza-original-imag7qykkhufhvdj.jpeg",
        "brand": "IDISI CLOTHES",
        "description": "Unstitched Polycotton Shirt Fabric Printed",
        "new-price": "₹249",
        "old-price": "₹999",
        "discount": "75% off",
        "delivery-type": "Free delivery"
    },
    {
        "image": "https://rukminim2.flixcart.com/image/612/612/kuof5ow0/fabric/k/0/u/no-2-35-m-unstitched-na-heart-fabfiza-original-imag7qym9gqgqffh.jpeg",
        "brand": "IDISI CLOTHES",
        "description": "Unstitched Polycotton Shirt Fabric Printed, Color Block",
        "new-price": "₹249",
        "old-price": "₹999",
        "discount": "75% off",
        "delivery-type": "Free delivery"
    },
    {
        "image": "https://rukminim2.flixcart.com/image/612/612/kxhvf680/fabric/t/a/n/no-2-35-m-unstitched-na-new-01-maitree-creations-original-imag9xzgyb4da8fn.jpeg",
        "brand": "IDISI CLOTHES",
        "description": "Unstitched Polycotton Shirt Fabric Printed",
        "new-price": "₹249",
        "old-price": "₹999",
        "discount": "75% off",
        "delivery-type": "Free delivery"
    },
    {
        "image": "https://rukminim2.flixcart.com/image/612/612/k3j1z0w0/night-dress-nighty/c/n/u/l-ns204nb-attempt-original-imafhyubmtpjzcdx.jpeg",
        "brand": "Attempt",
        "description": "Women Nighty",
        "new-price": "₹440",
        "old-price": "₹1,699",
        "discount": "74% off",
        "delivery-type": "Free delivery"
    },
    {
        "image": "https://rukminim2.flixcart.com/image/612/612/kxrvi4w0/fabric/d/6/z/no-2-35-m-unstitched-na-rs-money-haist-fab-radhe-sales-original-imaga5rge88rby6c.jpeg",
        "brand": "IDISI CLOTHES",
        "description": "Unstitched Polycotton Shirt Fabric Printed",
        "new-price": "₹249",
        "old-price": "₹999",
        "discount": "75% off",
        "delivery-type": "Free delivery"
    },
    {
        "image": "https://rukminim2.flixcart.com/image/612/612/ktuewsw0/fabric/8/p/l/no-2-35-m-unstitched-na-idisi-flower-idisi-clothes-original-imag73rjp9we4mrn.jpeg",
        "brand": "IDISI CLOTHES",
        "description": "Unstitched Polycotton Shirt Fabric Printed",
        "new-price": "₹249",
        "old-price": "₹999",
        "discount": "75% off",
        "delivery-type": "Free delivery"
    },
    {
        "image": "https://rukminim2.flixcart.com/image/612/612/ktn9pjk0/fabric/o/s/6/no-2-35-m-unstitched-na-idisi-flower-idisi-clothes-original-imag6yb76khvpzpp.jpeg",
        "brand": "IDISI CLOTHES",
        "description": "Unstitched Polycotton Shirt Fabric Paisley",
        "new-price": "₹249",
        "old-price": "₹999",
        "discount": "75% off",
        "delivery-type": "Free delivery"
    },
    {
        "image": "https://rukminim2.flixcart.com/image/612/612/ksgehzk0/shirt/x/f/x/m-vr-st219-vero-lie-original-imag6yqxzhkyrqs4.jpeg",
        "brand": "VERO LIE",
        "description": "Men Slim Fit Printed Spread Collar Casual Shirt",
        "new-price": "₹331",
        "old-price": "₹1,599",
        "discount": "79% off",
        "delivery-type": "Free delivery"
    },
    {
        "image": "https://rukminim2.flixcart.com/image/612/612/kz1lle80/fabric/x/d/6/no-2-35-m-unstitched-na-idisi-idisi-clothes-original-imagb5hnrgzrgfth.jpeg",
        "brand": "IDISI CLOTHES",
        "description": "Unstitched Polycotton Shirt Fabric Color Block",
        "new-price": "₹249",
        "old-price": "₹999",
        "discount": "75% off",
        "delivery-type": "Free delivery"
    },
    {
        "image": "https://rukminim2.flixcart.com/image/612/612/l2xmqvk0/kids-t-shirt/y/o/5/18-24-months-baby-girls-infant-todller-jhabla-baby-girl-half-t-original-image6djbxb3vyyb.jpeg",
        "brand": "KIDS PARYANIS",
        "description": "Boys Typography Cotton Blend T Shirt",
        "new-price": "₹359",
        "old-price": "₹999",
        "discount": "64% off",
        "delivery-type": "Free delivery"
    },
    {
        "image": "https://rukminim2.flixcart.com/image/612/612/kb89ea80/t-shirt/4/g/d/m-465-466-blue-mustard-london-hills-original-imafshrzdyrmvgzb.jpeg",
        "brand": "London Hills",
        "description": "Solid Men Round Neck Blue, Yellow T-Shirt",
        "new-price": "₹450",
        "old-price": "₹2,598",
        "discount": "82% off",
        "delivery-type": "Free delivery"
    },
    {
        "image": "https://rukminim2.flixcart.com/image/612/612/km57hjk0/shirt/i/m/b/m-cm-krdup65-cobio-man-original-imagf4fyffhgnzuk.jpeg",
        "brand": "COBIO MAN",
        "description": "Solid Men Round Neck Maroon T-Shirt",
        "new-price": "₹370",
        "old-price": "₹1,599",
        "discount": "76% off",
        "delivery-type": "Free delivery"
    },
    {
        "image": "https://rukminim2.flixcart.com/image/612/612/ktizdzk0/shopsy-fabric/j/5/u/unstitched-dogy-black-shirt-fabric-margi-designer-original-imag6ugaem9bhvvy.jpeg",
        "brand": "Eshopable",
        "description": "Men Slim Fit Printed Button Down Collar Casual Shirt",
        "new-price": "₹307",
        "old-price": "₹899",
        "discount": "65% off",
        "delivery-type": "Free delivery"
    },
    {
        "image": "https://rukminim2.flixcart.com/image/612/612/k5msb680/shirt/e/x/b/m-zara-men-unique-model-3-indi-hemp-original-imafz9q2vhnte6sj.jpeg",
        "brand": "Indi Hemp",
        "description": "Men Slim, Tailored, Regular Fit Solid Button Down Colla...",
        "new-price": "₹450",
        "old-price": "₹1,799",
        "discount": "74% off",
        "delivery-type": "Free delivery"
    },
    {
        "image": "https://rukminim2.flixcart.com/image/612/612/l2w7b0w0/kids-apparel-combo/x/d/p/6-12-months-baby-boy-and-baby-girls-infant-todller-jhabla-baby-original-image59mzfdazakz.jpeg",
        "brand": "Shyamcollections",
        "description": "Boys & Girls Party(Festive) T-shirt Shorts",
        "new-price": "₹405",
        "old-price": "₹999",
        "discount": "59% off",
        "delivery-type": "Free delivery"
    },
    {
        "image": "https://rukminim2.flixcart.com/image/612/612/kikluvk0-0/shirt/h/c/h/m-vr-st252-vero-lie-original-imafyc3hvdagkbgh.jpeg",
        "brand": "VERO LIE",
        "description": "Men Regular Fit Printed Spread Collar Casual Shirt",
        "new-price": "₹289",
        "old-price": "₹1,599",
        "discount": "81% off",
        "delivery-type": "Free delivery"
    },
    {
        "image": "https://rukminim2.flixcart.com/image/612/612/kg2l47k0-0/kurta/5/p/q/xl-dx1045-siya-fashion-original-imafwefrktfv4utm.jpeg",
        "brand": "Siya Fashion",
        "description": "Women Printed, Self Design, Floral Print Crepe A-line K...",
        "new-price": "₹180",
        "old-price": "₹1,299",
        "discount": "86% off",
        "delivery-type": "Free delivery"
    },
    {
        "image": "https://rukminim2.flixcart.com/image/612/612/k5jxfgw0/kids-track-pant/s/b/h/0-6-months-trackpant-opan-print-set-6-b-ramulus-original-imafny4nsph87zcc.jpeg",
        "brand": "Ramulus",
        "description": "Track Pant For Boys & Girls",
        "new-price": "₹275",
        "old-price": "₹799",
        "discount": "65% off",
        "delivery-type": "Free delivery"
    },
    {
        "image": "https://rukminim2.flixcart.com/image/612/612/kiyw9e80-0/ethnic-set/d/c/0/l-srj-001-ehasas-original-imafyncuqcfmasea.jpeg",
        "brand": "EHASAS",
        "description": "Women Kurta and Sharara Set Rayon",
        "new-price": "₹310",
        "old-price": "₹1,900",
        "discount": "83% off"
    },
    {
        "image": "https://rukminim2.flixcart.com/image/612/612/kfmv9u80/night-dress-nighty/v/6/v/s-yt-whs-night-dress-gothic-red-young-trendz-original-imafwfgehaqa2zyt.jpeg",
        "brand": "Young trendz",
        "description": "Women Nighty",
        "new-price": "₹289",
        "old-price": "₹1,219",
        "discount": "76% off",
        "delivery-type": "Free delivery"
    }
]