[
    {
        "image": "https://rukminim2.flixcart.com/image/612/612/kwqq1zk0/desktop-computer/h/m/z/0-i3-550-8gb-500gb-18-5-dzab-original-imag9cg5tbutpagt.jpeg",
        "description": "ENTWINO Intel Core i5 (8 GB DDR3/500 GB/120 GB SSD/Wind...",
        "color": "Black",
        "stars": "3.8",
        "reviews": "(72)",
        "new-price": "₹18,890",
        "old-price": "₹42,999",
        "discount": "56% off",
        "delivery-type": "Free delivery",
        "offer": "Bank Offer"
    },
    {
        "image": "https://rukminim2.flixcart.com/image/612/612/l071d3k0/allinone-desktop/m/3/5/di3-4gb-500-15-4-dzab-original-imagcf9hgvgz3uzd.jpeg",
        "description": "DZAB Assembled Computer Core i3 (4 GB DDR3/500 GB/Windo...",
        "color": "Black",
        "stars": "4.1",
        "reviews": "(50)",
        "new-price": "₹12,999",
        "old-price": "₹23,999",
        "discount": "45% off",
        "delivery-type": "Free delivery",
        "offer": "Bank Offer"
    },
    {
        "image": "https://rukminim2.flixcart.com/image/612/612/l2z26q80/allinone-desktop/n/4/q/i5-650-8gb-500-120-18-5led-zoonis-original-image7czcjjzhhzz.jpeg",
        "description": "ZOONIS Economical Core i5 (8 GB DDR3/500 GB/120 GB SSD/...",
        "color": "Black",
        "stars": "3.5",
        "reviews": "(10)",
        "new-price": "₹18,999",
        "old-price": "₹36,999",
        "discount": "48% off",
        "delivery-type": "Free delivery",
        "offer": "Bank Offer"
    },
    {
        "image": "https://rukminim2.flixcart.com/image/612/612/kox8b680/allinone-desktop/n/e/s/entwinoallinonewithwificore2duo-entwino-original-imag39w4m8sthmgc.jpeg",
        "description": "ENTWINO Intel Core 2 Duo (4 GB DDR2/500 GB/Free DOS/512...",
        "color": "Black",
        "stars": "3.4",
        "reviews": "(413)",
        "new-price": "₹10,949",
        "old-price": "₹29,000",
        "discount": "62% off",
        "delivery-type": "Free delivery",
        "offer": "Bank Offer"
    },
    {
        "image": "https://rukminim2.flixcart.com/image/612/612/l0tweq80/allinone-desktop/t/1/n/i3-h55-500gb-12gb-ssd-18-led-zoonis-original-imagcgugudjacgwh.jpeg",
        "description": "ZOONIS Premium Core i3 (4 GB DDR3/500 GB/120 GB SSD/Win...",
        "color": "Black",
        "stars": "3.6",
        "reviews": "(10)",
        "new-price": "₹16,999",
        "old-price": "₹29,999",
        "discount": "43% off",
        "delivery-type": "Free delivery",
        "offer": "Bank Offer"
    },
    {
        "image": "https://rukminim2.flixcart.com/image/612/612/l34ry4w0/allinone-desktop/n/z/5/g9-1708-1710-zoonis-original-imagebs2ax3yrp3c.jpeg",
        "description": "ZOONIS BASIC Core 2 Duo (4 GB DDR3/500 GB/Windows 7 Pro...",
        "color": "GRY/BLACK",
        "stars": "3.5",
        "reviews": "(15)",
        "new-price": "₹10,999",
        "old-price": "₹29,000",
        "discount": "62% off",
        "delivery-type": "Free delivery",
        "offer": "Bank Offer"
    },
    {
        "image": "https://rukminim2.flixcart.com/image/612/612/ktyp8cw0/allinone-desktop/3/l/4/1710-1708-1709-any-brozzo-original-imag76n3hctffsbg.jpeg",
        "description": "brozzo i3 Core i3 (4 GB DDR3/500 GB/120 GB SSD/Windows ...",
        "color": "Black",
        "stars": "3.4",
        "reviews": "(22)",
        "new-price": "₹14,998",
        "old-price": "₹29,999",
        "discount": "50% off",
        "delivery-type": "Free delivery",
        "offer": "Bank Offer"
    },
    {
        "image": "https://rukminim2.flixcart.com/image/612/612/l09w8sw0/allinone-desktop/y/0/a/aic-i5-650-8gb-1tb-20-inchled-dzab-original-imagc3njwwkhyss2.jpeg",
        "description": "ENTWINO Intel Core i5 (8 GB DDR3/500 GB/120 GB SSD/Wind...",
        "color": "Black",
        "new-price": "₹22,999",
        "old-price": "₹47,999",
        "discount": "52% off",
        "delivery-type": "Free delivery",
        "offer": "Bank Offer"
    },
    {
        "image": "https://rukminim2.flixcart.com/image/612/612/kklhbbk0/desktop-computer/p/y/p/afm-core2duo-after-market-original-imafzww4pb75gahb.jpeg",
        "description": "Assembled Intel Core 2 Duo (4 GB DDR2/320 GB/Windows 7 ...",
        "color": "Black",
        "stars": "3.1",
        "reviews": "(312)",
        "new-price": "₹10,359",
        "old-price": "₹15,999",
        "discount": "35% off",
        "delivery-type": "Free delivery",
        "offer": "Bank Offer"
    },
    {
        "image": "https://rukminim2.flixcart.com/image/612/612/kqwobrk0/allinone-desktop/d/t/x/core-i5-4-gb-ddr2-500-gb-windows-7-ultimate-15-4-inch-screen-original-imag4tgmckghqurc.jpeg",
        "description": "TECH- Assemblers Core i5 Core i5 (4 GB DDR2/500 GB/Wind...",
        "color": "Multicolor",
        "new-price": "₹15,999",
        "old-price": "₹29,999",
        "discount": "46% off",
        "delivery-type": "Free delivery",
        "offer": "Bank Offer"
    },
    {
        "image": "https://rukminim2.flixcart.com/image/612/612/l2arp8w0/allinone-desktop/w/0/i/1702-brozzo-original-imagdny5wfw9vhxf.jpeg",
        "description": "brozzo Basic Core i3 (4 GB DDR3/500 GB/Windows 10 Pro/1...",
        "color": "Black",
        "stars": "3.8",
        "reviews": "(5)",
        "new-price": "₹13,899",
        "old-price": "₹19,999",
        "discount": "30% off",
        "delivery-type": "Free delivery",
        "offer": "Bank Offer"
    },
    {
        "image": "https://rukminim2.flixcart.com/image/612/612/k2urhjk0/allinone-desktop/d/v/c/assembled-aszi35004gb-original-imafm3vqsyku9ken.jpeg",
        "description": "Assembled Intel Core i3 (4 GB DDR3/500 GB/Windows 10 Pr...",
        "color": "Black",
        "stars": "2.9",
        "reviews": "(665)",
        "new-price": "₹13,749",
        "old-price": "₹19,999",
        "discount": "31% off",
        "delivery-type": "Free delivery",
        "offer": "Bank Offer"
    },
    {
        "image": "https://rukminim2.flixcart.com/image/612/612/kjom6q80-0/allinone-desktop/a/0/d/c2d-500-4gb-assembled-original-imafz7g8rzedcfwz.jpeg",
        "description": "Assembled Intel Core 2 Duo (4 GB DDR3/500 GB/Windows 7 ...",
        "color": "Multicolor",
        "stars": "3",
        "reviews": "(750)",
        "new-price": "₹11,249",
        "old-price": "₹29,990",
        "discount": "62% off",
        "delivery-type": "Free delivery",
        "offer": "Bank Offer"
    },
    {
        "image": "https://rukminim2.flixcart.com/image/612/612/kzn17680/allinone-desktop/p/s/q/f0g100h8in-lenovo-original-imagbmy52taknxuj.jpeg",
        "description": "Lenovo IdeaCentre AIO 3 24ALC6 Ryzen 3 Dual Core (8 GB ...",
        "color": "Black, 45 cm x 19 cm x 185 mm, 6.81 kg",
        "new-price": "₹51,990",
        "old-price": "₹66,190",
        "discount": "21% off",
        "delivery-type": "Free delivery",
        "offer": "Bank Offer"
    },
    {
        "image": "https://rukminim2.flixcart.com/image/612/612/kpr8k280/allinone-desktop/7/u/o/1-gb-free-dos-core-2-duo-15-6-23-0-4-0-bl-tech-assemblers-original-imag3xyxdrtnzgvy.jpeg",
        "description": "TECH- Assemblers Intel Core 2 Duo (4 GB DDR3/500 GB/Win...",
        "color": "Black",
        "stars": "2.8",
        "reviews": "(24)",
        "new-price": "₹10,766",
        "old-price": "₹21,599",
        "discount": "50% off",
        "delivery-type": "Free delivery",
        "offer": "Bank Offer"
    },
    {
        "image": "https://rukminim2.flixcart.com/image/612/612/kwzap3k0/allinone-desktop/p/a/z/aic-i5-650-8gb-500-120-18-5led-dzab-original-imag9jyzhgrpqxxp.jpeg",
        "description": "ENTWINO Intel Core i3 (8 GB DDR3/500 GB/120 GB SSD/Wind...",
        "color": "Black",
        "stars": "3.6",
        "reviews": "(11)",
        "new-price": "₹17,938",
        "old-price": "₹29,999",
        "discount": "40% off",
        "delivery-type": "Free delivery",
        "offer": "Bank Offer"
    },
    {
        "image": "https://rukminim2.flixcart.com/image/612/612/k3yrte80/allinone-desktop/p/n/s/brozzo-c2d-4gb-320gb-with-window7-15-1-led-original-imafmyjcwmgfeqhf.jpeg",
        "description": "brozzo C2D Core 2 Duo (4 GB DDR2/320 GB/Windows 7 Home ...",
        "color": "Black",
        "stars": "3.4",
        "reviews": "(45)",
        "new-price": "₹10,964",
        "old-price": "₹19,999",
        "discount": "45% off",
        "delivery-type": "Free delivery",
        "offer": "Bank Offer"
    },
    {
        "image": "https://rukminim2.flixcart.com/image/612/612/kuzuoi80/allinone-desktop/f/g/w/core-i5-65-zoonis-original-imag8yfrvnmcfawz.jpeg",
        "description": "ZOONIS Z Series Core i3 (4 GB DDR3/500 GB/Windows 10 Pr...",
        "color": "Black",
        "stars": "3.6",
        "reviews": "(310)",
        "new-price": "₹15,998",
        "old-price": "₹19,999",
        "discount": "20% off",
        "delivery-type": "Free delivery",
        "offer": "Bank Offer"
    },
    {
        "image": "https://rukminim2.flixcart.com/image/612/612/ko62xzk0/allinone-desktop/i/b/r/c2d-ddr-3-d41-motherboard-wifi-brozzo-original-imag2zrpwncw2x2v.jpeg",
        "description": "brozzo G SERIES Core 2 Duo (4 GB DDR3/500 GB/Windows 7 ...",
        "color": "Black",
        "new-price": "₹14,999",
        "old-price": "₹26,999",
        "discount": "44% off",
        "delivery-type": "Free delivery",
        "offer": "Bank Offer"
    },
    {
        "image": "https://rukminim2.flixcart.com/image/612/612/kqttg280/allinone-desktop/8/x/s/i5-tech-assemblers-original-imag4rfk4sgjamnz.jpeg",
        "description": "TECH- Assemblers PRO Core i5 (8 GB DDR3/500 GB/Windows ...",
        "color": "Black",
        "new-price": "₹19,999",
        "old-price": "₹29,999",
        "discount": "33% off",
        "delivery-type": "Free delivery",
        "offer": "Bank Offer"
    },
    {
        "image": "https://rukminim2.flixcart.com/image/612/612/kua4r680/desktop-computer/o/w/t/intechvisioni32102-intechvision-original-imag7fv2sngkkghn.jpeg",
        "description": "ENTWINO Intel Core i3 (4 GB DDR3/500 GB/120 GB SSD/Wind...",
        "color": "Black",
        "stars": "3.6",
        "reviews": "(7)",
        "new-price": "₹16,899",
        "old-price": "₹29,999",
        "discount": "43% off",
        "delivery-type": "Free delivery",
        "offer": "Bank Offer"
    },
    {
        "image": "https://rukminim2.flixcart.com/image/612/612/kpvivm80/allinone-desktop/e/v/h/assembled-desktop-computer-tech-assemblers-original-imag3zskjs58nxbj.jpeg",
        "description": "TECH- Assemblers Intel Core 2 Duo (4 GB DDR2/1 TB/Windo...",
        "color": "Black",
        "stars": "3.7",
        "reviews": "(3)",
        "new-price": "₹11,999",
        "old-price": "₹24,999",
        "discount": "52% off",
        "delivery-type": "Free delivery",
        "offer": "Bank Offer"
    },
    {
        "image": "https://rukminim2.flixcart.com/image/612/612/ktlu9ow0/allinone-desktop/a/y/e/mxwt2hn-a-apple-original-imag6xfhkf6nes63.jpeg",
        "description": "APPLE iMac with 5K Retina display Core i5 (8 GB DDR4/51...",
        "color": "White, 516 mm x 516 mm x 203 mm, 8.92 kg",
        "new-price": "₹1,78,990",
        "old-price": "₹1,89,900",
        "discount": "5% off",
        "delivery-type": "Free delivery",
        "offer": "Bank Offer"
    },
    {
        "image": "https://rukminim2.flixcart.com/image/612/612/kzn17680/allinone-desktop/k/x/3/f0g100h7in-lenovo-original-imagbmy5jzhhdbhf.jpeg",
        "description": "Lenovo IdeaCentre AIO 3 24ALC6 Ryzen 5 (8 GB DDR4/512 G...",
        "color": "White, 45 cm x 19 cm x 185 mm, 6.81 kg",
        "stars": "4.7",
        "reviews": "(6)",
        "new-price": "₹57,490",
        "old-price": "₹74,890",
        "discount": "23% off",
        "delivery-type": "Free delivery",
        "offer": "Bank Offer"
    },
    {
        "image": "https://rukminim2.flixcart.com/image/612/612/kj0bp8w0-0/allinone-desktop/d/p/m/i5-3rd-generation-processor-16gb-ram-1tb-hdd-120gb-ssd-18-5-inch-original-imafyzggwyvhyxrw.jpeg",
        "description": "Connect Infotech Assemble Desktop Core i3 (8 GB DDR3/1 ...",
        "color": "Multicolor",
        "stars": "3.3",
        "reviews": "(14)",
        "new-price": "₹25,499",
        "old-price": "₹59,000",
        "discount": "56% off",
        "delivery-type": "Free delivery",
        "offer": "Bank Offer"
    },
    {
        "image": "https://rukminim2.flixcart.com/image/612/612/l2xmqvk0/allinone-desktop/w/2/g/c2d-with-120gb-ssd-brozzo-original-image6fyy4pfsy4q.jpeg",
        "description": "brozzo BUDGET Core 2 Duo (4 GB DDR3/500 GB/120 GB SSD/W...",
        "color": "Black",
        "new-price": "₹12,499",
        "old-price": "₹19,999",
        "discount": "37% off",
        "delivery-type": "Free delivery",
        "offer": "Bank Offer"
    },
    {
        "image": "https://rukminim2.flixcart.com/image/612/612/kmgn0cw0/allinone-desktop/j/y/g/online-class-computer-01-assembled-original-imagfckgzrvnvbpm.jpeg",
        "description": "Assembled Intel Core 2 Duo (4 GB DDR2/500 GB/Windows 7 ...",
        "color": "Multicolor",
        "stars": "3",
        "reviews": "(310)",
        "new-price": "₹11,199",
        "old-price": "₹30,999",
        "discount": "63% off",
        "delivery-type": "Free delivery",
        "offer": "Bank Offer"
    },
    {
        "image": "https://rukminim2.flixcart.com/image/612/612/kzn17680/allinone-desktop/k/x/3/f0g100h7in-lenovo-original-imagbmy5jzhhdbhf.jpeg",
        "description": "Lenovo IdeaCentre AIO 3 24ALC6 Ryzen 7 (8 GB DDR4/512 G...",
        "color": "White, 45 cm x 19 cm x 185 mm, 6.81 kg",
        "new-price": "₹63,490",
        "old-price": "₹82,390",
        "discount": "22% off",
        "delivery-type": "Free delivery",
        "offer": "Bank Offer"
    },
    {
        "image": "https://rukminim2.flixcart.com/image/612/612/kp1imq80/allinone-desktop/c/e/j/mgpl3hn-a-apple-original-imag3d5vdx7ha995.jpeg",
        "description": "APPLE 2021 iMac with 4.5K Retina display M1 (8 GB Unifi...",
        "color": "Blue, 461 mm x 547 mm x 130 mm, 4.48 kg",
        "stars": "4.3",
        "reviews": "(6)",
        "new-price": "₹1,45,990",
        "old-price": "₹1,59,900",
        "discount": "8% off",
        "delivery-type": "Free delivery",
        "offer": "Bank Offer"
    },
    {
        "image": "https://rukminim2.flixcart.com/image/612/612/k2urhjk0/allinone-desktop/v/p/5/assembled-aszc2d5004gb-original-imafm3vqmwhsbxty.jpeg",
        "description": "Assembled Intel Core 2 Duo (4 GB DDR2/500 GB/Windows 7 ...",
        "color": "Black",
        "stars": "3.2",
        "reviews": "(238)",
        "new-price": "₹10,999",
        "old-price": "₹15,999",
        "discount": "31% off",
        "delivery-type": "Free delivery",
        "offer": "Bank Offer"
    },
    {
        "image": "https://rukminim2.flixcart.com/image/612/612/l01blow0/allinone-desktop/b/q/e/1708-1709-economical-zoonis-original-imagbwynmftp9qht.jpeg",
        "description": "ZOONIS Office Series Core i3 (4 GB DDR3/500 GB/120 GB S...",
        "color": "Black",
        "new-price": "₹17,999",
        "old-price": "₹29,999",
        "discount": "40% off",
        "delivery-type": "Free delivery",
        "offer": "Bank Offer"
    },
    {
        "image": "https://rukminim2.flixcart.com/image/612/612/ktlu9ow0/allinone-desktop/6/p/q/mhk03hn-a-apple-original-imag6xfhaxggptbk.jpeg",
        "description": "APPLE iMac Core i5 (7th Gen) (8 GB Unified/256 GB SSD/M...",
        "color": "White, 450 mm x 528 mm x 175 mm, 5.44 kg",
        "new-price": "₹89,990",
        "old-price": "₹99,900",
        "discount": "9% off",
        "delivery-type": "Free delivery",
        "offer": "Bank Offer"
    },
    {
        "image": "https://rukminim2.flixcart.com/image/612/612/l1whaq80/allinone-desktop/9/k/b/c2d-with-120gb-ssd-brozzo-original-imagddaubbdgyv7z.jpeg",
        "description": "brozzo Brozzo BUDGET Core i3 (4 GB DDR3/500 GB/Windows ...",
        "color": "Black",
        "new-price": "₹14,798",
        "old-price": "₹24,999",
        "discount": "40% off",
        "delivery-type": "Free delivery",
        "offer": "Bank Offer"
    },
    {
        "image": "https://rukminim2.flixcart.com/image/612/612/kffq2kw0/desktop-computer/t/c/j/g41-ddr-3-4gb-ram-500gb-zoonis-original-imafvvsfm93kuezg.jpeg",
        "description": "ZOONIS CORE 2 DUE Core 2 Duo (4 GB DDR3/500 GB/120 GB S...",
        "color": "Black",
        "stars": "3.5",
        "reviews": "(86)",
        "new-price": "₹12,499",
        "old-price": "₹19,999",
        "discount": "37% off",
        "delivery-type": "Free delivery",
        "offer": "Bank Offer"
    },
    {
        "image": "https://rukminim2.flixcart.com/image/612/612/kwfaj680/allinone-desktop/y/k/1/assemb-zeneric-assembled-original-imag93schmftkhcj.jpeg",
        "description": "mansi all in onepc ALL IN ONE Core 2 Duo (4 GB DDR3/320...",
        "color": "Black",
        "new-price": "₹10,899",
        "old-price": "₹23,900",
        "discount": "54% off",
        "offer": "Bank Offer"
    },
    {
        "image": "https://rukminim2.flixcart.com/image/612/612/l046he80/allinone-desktop/d/d/0/aic-i5-650-8gb-500-120-20-inchled-dzab-original-imagbzagh8t2xhyv.jpeg",
        "description": "INTECHVISION Intel Core i5 (8 GB DDR3/500 GB/120 GB SSD...",
        "color": "Black",
        "new-price": "₹21,999",
        "old-price": "₹31,999",
        "discount": "31% off",
        "offer": "Bank Offer"
    },
    {
        "image": "https://rukminim2.flixcart.com/image/612/612/kp1imq80/allinone-desktop/u/m/3/mgtf3hn-a-apple-original-imag3d5thhhfgtyg.jpeg",
        "description": "APPLE 2021 iMac with 4.5K Retina display M1 (8 GB Unifi...",
        "color": "Silver, 461 mm x 547 mm x 130 mm, 4.46 kg",
        "stars": "3.7",
        "reviews": "(11)",
        "new-price": "₹1,09,990",
        "old-price": "₹1,19,900",
        "discount": "8% off",
        "delivery-type": "Free delivery",
        "offer": "Bank Offer"
    },
    {
        "image": "https://rukminim2.flixcart.com/image/612/612/kljrvrk0/desktop-computer/9/e/k/ent2gb8gb-002-entwino-original-imagyn3jfmz5ugjz.jpeg",
        "description": "ASSEMBLD 2400 Core i5 (16 GB DDR4/1 TB/128 GB SSD/Windo...",
        "color": "Black, 45 cm x 9 cm x 55 cm, 4 kg",
        "new-price": "₹26,000",
        "old-price": "₹42,500",
        "discount": "38% off",
        "offer": "Bank Offer"
    },
    {
        "image": "https://rukminim2.flixcart.com/image/612/612/k2urhjk0/allinone-desktop/y/m/c/assembled-aszi55004gb-original-imafm3hfcfaqkfcm.jpeg",
        "description": "Assembled Intel Core i5 (4 GB DDR3/500 GB/Windows 10 Pr...",
        "color": "Black",
        "stars": "3",
        "reviews": "(322)",
        "new-price": "₹15,999",
        "old-price": "₹22,999",
        "discount": "30% off",
        "delivery-type": "Free delivery",
        "offer": "Bank Offer"
    },
    {
        "image": "https://rukminim2.flixcart.com/image/612/612/kpr8k280/allinone-desktop/i/b/4/1-gb-graphic-free-dos-core-2-duo-15-6-23-0-4-gb-tech-assemblers-original-imag3x27bz2akyyy.jpeg",
        "description": "TECH- Assemblers Core2Duo Series Core 2 Duo (4 GB DDR3/...",
        "color": "Multicolor",
        "stars": "2.6",
        "reviews": "(21)",
        "new-price": "₹11,999",
        "old-price": "₹25,666",
        "discount": "53% off",
        "delivery-type": "Free delivery",
        "offer": "Bank Offer"
    },
    {
        "image": "https://rukminim2.flixcart.com/image/612/612/kwwfte80/allinone-desktop/e/3/6/dzaballinone-core-i3-dzab-original-imag9gyct4hcsdc6.jpeg",
        "description": "INTECHVISION Intel Core i5 (8 GB DDR3/1 TB/Windows 10 H...",
        "color": "Black",
        "new-price": "₹20,999",
        "old-price": "₹29,000",
        "discount": "27% off",
        "offer": "Bank Offer"
    },
    {
        "image": "https://rukminim2.flixcart.com/image/612/612/ktizdzk0/allinone-desktop/k/o/p/24ada6-lenovo-original-imag6umfux69jvfh.jpeg",
        "description": "Lenovo IdeaCentre Ryzen 5 (8 GB DDR4/512 GB SSD/Windows...",
        "color": "White, 54.1 cm x 43.35 cm x 18.53 cm, 6.81 kg",
        "stars": "4.8",
        "reviews": "(5)",
        "new-price": "₹54,490",
        "old-price": "₹55,990",
        "discount": "2% off",
        "delivery-type": "Free delivery",
        "offer": "Bank Offer"
    },
    {
        "image": "https://rukminim2.flixcart.com/image/612/612/kp1imq80/allinone-desktop/a/g/z/mgph3hn-a-apple-original-imag3d5ttap34g3m.jpeg",
        "description": "APPLE 2021 iMac with 4.5K Retina display M1 (8 GB Unifi...",
        "color": "Green, 461 mm x 547 mm x 130 mm, 4.48 kg",
        "stars": "4.8",
        "reviews": "(5)",
        "new-price": "₹1,45,990",
        "old-price": "₹1,59,900",
        "discount": "8% off",
        "delivery-type": "Free delivery",
        "offer": "Bank Offer"
    },
    {
        "image": "https://rukminim2.flixcart.com/image/612/612/k2z1t3k0/allinone-desktop/2/3/t/zoonis-f1-8gb-1tb-120gbssd-with-4gb-graphics-original-imafm6rrgrgkgjnf.jpeg",
        "description": "ZOONIS F1 I3 Core i3 (4 GB DDR3/500 GB/Windows 10 Pro/1...",
        "color": "Black",
        "stars": "3.7",
        "reviews": "(10)",
        "new-price": "₹19,999",
        "delivery-type": "Free delivery",
        "offer": "Bank Offer"
    },
    {
        "image": "https://rukminim2.flixcart.com/image/612/612/kzn17680/allinone-desktop/p/s/q/f0g100h8in-lenovo-original-imagbmy52taknxuj.jpeg",
        "description": "Lenovo IdeaCentre AIO 3 24ALC6 Ryzen 7 (8 GB DDR4/512 G...",
        "color": "Black, 45 cm x 19 cm x 185 mm, 6.81 kg",
        "new-price": "₹63,490",
        "old-price": "₹82,390",
        "discount": "22% off",
        "delivery-type": "Free delivery",
        "offer": "Bank Offer"
    },
    {
        "image": "https://rukminim2.flixcart.com/image/612/612/kvtuxe80/allinone-desktop/t/a/m/-original-imag8n3ezpfsfmfc.jpeg",
        "description": "Lenovo ideacentre A340-24IWL Core i3 (8 GB DDR4/1 TB/Wi...",
        "color": "Business Black, 45 cm x 19 cm x 185 mm, 6.81 kg",
        "stars": "4.4",
        "reviews": "(14)",
        "new-price": "₹50,019",
        "old-price": "₹58,890",
        "discount": "15% off",
        "delivery-type": "Free delivery",
        "offer": "Bank Offer"
    },
    {
        "image": "https://rukminim2.flixcart.com/image/612/612/l2f20sw0/allinone-desktop/y/p/k/i3-h55-500gb-12gb-ssd-18-led-zoonis-original-imagdrtghezymew7.jpeg",
        "description": "brozzo Premium Core i3 (4 GB DDR3/500 GB/120 GB SSD/Win...",
        "color": "Black",
        "new-price": "₹16,999",
        "old-price": "₹24,999",
        "discount": "32% off",
        "delivery-type": "Free delivery",
        "offer": "Bank Offer"
    },
    {
        "image": "https://rukminim2.flixcart.com/image/612/612/kxhvf680/desktop-computer/a/4/y/1-met-cd304516-methei-original-imag9xz4d9jzj98c.jpeg",
        "description": "METHEI Basic Core 2 Duo (4 GB DDR3/500 GB/Windows 7 Ult...",
        "color": "Black",
        "new-price": "₹12,999",
        "old-price": "₹29,999",
        "discount": "56% off",
        "delivery-type": "Free delivery",
        "offer": "Bank Offer"
    },
    {
        "image": "https://rukminim2.flixcart.com/image/612/612/l367dzk0/allinone-desktop/c/d/q/ryzen-3-powered-budget-gaming-build-tech-maticians-original-imaged2y7ssfdf5y.jpeg",
        "description": "Tech Maticians RYZEN 3 Ryzen 3 Dual Core (8 GB DDR4/256...",
        "color": "Black",
        "new-price": "₹34,999",
        "old-price": "₹45,999",
        "discount": "23% off",
        "delivery-type": "Free delivery",
        "offer": "Bank Offer"
    },
    {
        "image": "https://rukminim2.flixcart.com/image/612/612/khtghow0-0/allinone-desktop/c/z/w/15-6new-wifi-assembled-original-imafxqxtvka9x6ap.jpeg",
        "description": "Assembled Intel Pentium Dual Core (2 GB DDR2/320 GB/Fre...",
        "color": "Black",
        "stars": "2.9",
        "reviews": "(33)",
        "new-price": "₹10,777",
        "old-price": "₹21,999",
        "discount": "51% off",
        "delivery-type": "Free delivery",
        "offer": "Bank Offer"
    },
    {
        "image": "https://rukminim2.flixcart.com/image/612/612/k48rwcw0/allinone-desktop/z/p/y/assembled-bright-i3-4-500-original-imafn2wpz4kq5f7j.jpeg",
        "description": "Assembled Pro Core 2 Duo (4 GB DDR2/500 GB/Windows 10 H...",
        "color": "Multicolor",
        "stars": "3.4",
        "reviews": "(28)",
        "new-price": "₹15,666",
        "old-price": "₹19,900",
        "discount": "21% off",
        "delivery-type": "Free delivery",
        "offer": "Bank Offer"
    },
    {
        "image": "https://rukminim2.flixcart.com/image/612/612/kp1imq80/allinone-desktop/u/m/3/mgtf3hn-a-apple-original-imag3d5thhhfgtyg.jpeg",
        "description": "APPLE 2021 iMac with 4.5K Retina display M1 (8 GB Unifi...",
        "color": "Silver, 461 mm x 547 mm x 130 mm, 4.48 kg",
        "stars": "3.4",
        "reviews": "(5)",
        "new-price": "₹1,45,990",
        "old-price": "₹1,59,900",
        "discount": "8% off",
        "delivery-type": "Free delivery",
        "offer": "Bank Offer"
    },
    {
        "image": "https://rukminim2.flixcart.com/image/612/612/allinone-desktop/m/x/g/apple-imac-original-imaejxpjgm4xrtym.jpeg",
        "description": "APPLE All-in-One Core i5 (6th Gen) (8 GB DDR3/2 TB/Mac ...",
        "color": "Silver",
        "new-price": "₹1,79,990",
        "old-price": "₹1,88,900",
        "discount": "4% off",
        "delivery-type": "Free delivery",
        "offer": "Bank Offer"
    },
    {
        "image": "https://rukminim2.flixcart.com/image/612/612/l071d3k0/allinone-desktop/m/3/5/di3-4gb-500-15-4-dzab-original-imagcf9hgvgz3uzd.jpeg",
        "description": "INTECHVISION Intel Core i3 (4 GB DDR3/500 GB/Windows 7 ...",
        "color": "Black",
        "new-price": "₹12,999",
        "old-price": "₹19,999",
        "discount": "35% off",
        "offer": "Bank Offer"
    },
    {
        "image": "https://rukminim2.flixcart.com/image/612/612/kp1imq80/allinone-desktop/c/e/j/mgpl3hn-a-apple-original-imag3d5vdx7ha995.jpeg",
        "description": "APPLE 2021 iMac with 4.5K Retina display M1 (8 GB Unifi...",
        "color": "Blue, 461 mm x 547 mm x 130 mm, 4.48 kg",
        "stars": "4.6",
        "reviews": "(7)",
        "new-price": "₹1,28,990",
        "old-price": "₹1,39,900",
        "discount": "7% off",
        "delivery-type": "Free delivery",
        "offer": "Bank Offer"
    },
    {
        "image": "https://rukminim2.flixcart.com/image/612/612/k48rwcw0/allinone-desktop/h/s/q/assembled-fire-c2d-4-500-original-imafn2tsqhqjrfaj.jpeg",
        "description": "Assembled Pro Core i3 (4 GB DDR3/500 GB/Windows 10 Home...",
        "color": "Multicolor",
        "stars": "3",
        "reviews": "(3)",
        "new-price": "₹18,666",
        "old-price": "₹22,000",
        "discount": "15% off",
        "delivery-type": "Free delivery",
        "offer": "Bank Offer"
    },
    {
        "image": "https://rukminim2.flixcart.com/image/612/612/kruyw7k0/allinone-desktop/f/b/5/m241dak-ba021ts-asus-original-imag5kd8v67gqvyx.jpeg",
        "description": "ASUS Core i5 (11th Gen) (4 GB DDR4/1 TB/256 GB SSD/Wind...",
        "color": "Black, 409 mm x 540 mm x 165 mm, 5.4 kg",
        "stars": "4.7",
        "reviews": "(6)",
        "new-price": "₹59,990",
        "old-price": "₹76,990",
        "discount": "22% off",
        "delivery-type": "Free delivery",
        "offer": "Bank Offer"
    },
    {
        "image": "https://rukminim2.flixcart.com/image/612/612/ktq4l8w0/allinone-desktop/6/g/7/168-10-168-08-g1-brozzo-original-imag7y2guuxqdrzg.jpeg",
        "description": "brozzo I3 Core i3 (4 GB DDR3/500 GB/120 GB SSD/Windows ...",
        "color": "Black",
        "stars": "3.5",
        "reviews": "(28)",
        "new-price": "₹16,999",
        "old-price": "₹29,999",
        "discount": "43% off",
        "delivery-type": "Free delivery",
        "offer": "Bank Offer"
    },
    {
        "image": "https://rukminim2.flixcart.com/image/612/612/khtghow0-0/allinone-desktop/h/0/v/2-gb-gddr4-windows-10-core-i5-4-gb-assembled-model-no-2-iball-original-imafxr26cxprxfcm.jpeg",
        "description": "iball Allinone Core i5 (4th Gen) (4 GB DDR3/1 TB/Window...",
        "color": "Black",
        "new-price": "₹36,999",
        "old-price": "₹44,999",
        "discount": "17% off",
        "offer": "Bank Offer"
    },
    {
        "image": "https://rukminim2.flixcart.com/image/612/612/kzn17680/allinone-desktop/2/z/k/24-df1530in-bundle-pc-hp-original-imagbhzxzmacw7t8.jpeg",
        "description": "HP All-in-One Core i3 (8 GB DDR4/512 GB SSD/Windows 11 ...",
        "color": "Snow White, 409.3 mm x 497 mm x 235 mm, 5.85 Kg",
        "new-price": "₹54,490",
        "old-price": "₹57,599",
        "discount": "5% off",
        "delivery-type": "Free delivery",
        "offer": "Bank Offer"
    },
    {
        "image": "https://rukminim2.flixcart.com/image/612/612/kr9jafk0/allinone-desktop/3/8/v/all-in-one-series-core-i5-4-gb-ddr4-500gb-240-gb-ssd-windows-10-original-imag53a7zzmgg6xr.jpeg",
        "description": "Assembled PRO Core i5 (4 GB DDR3/500 GB/Windows 8/15.6 ...",
        "color": "Black",
        "new-price": "₹18,999",
        "old-price": "₹49,999",
        "discount": "62% off",
        "delivery-type": "Free delivery",
        "offer": "Bank Offer"
    },
    {
        "image": "https://rukminim2.flixcart.com/image/612/612/kmjhw280/allinone-desktop/m/k/x/c2d-4gb-ram-320gb-hdd-win-7-with-led-15-brozzo-original-imagfeugzfpzkqqu.jpeg",
        "description": "brozzo ALL IN ONE Core 2 Duo (4 GB DDR3/500 GB/Windows ...",
        "color": "Black",
        "stars": "2.5",
        "reviews": "(4)",
        "new-price": "₹10,999",
        "old-price": "₹21,999",
        "discount": "50% off",
        "delivery-type": "Free delivery",
        "offer": "Bank Offer"
    },
    {
        "image": "https://rukminim2.flixcart.com/image/612/612/l01blow0/allinone-desktop/b/q/e/1708-1709-economical-zoonis-original-imagbwynmftp9qht.jpeg",
        "description": "ZOONIS Economical Core 2 Duo (4 GB DDR3/500 GB/120 GB S...",
        "color": "Black",
        "stars": "3.9",
        "reviews": "(7)",
        "new-price": "₹12,798",
        "old-price": "₹19,899",
        "discount": "35% off",
        "delivery-type": "Free delivery",
        "offer": "Bank Offer"
    },
    {
        "image": "https://rukminim2.flixcart.com/image/612/612/kp1imq80/allinone-desktop/a/g/z/mgph3hn-a-apple-original-imag3d5ttap34g3m.jpeg",
        "description": "APPLE 2021 iMac with 4.5K Retina display M1 (8 GB Unifi...",
        "color": "Green, 461 mm x 547 mm x 130 mm, 4.48 kg",
        "stars": "5",
        "reviews": "(5)",
        "new-price": "₹1,28,990",
        "old-price": "₹1,39,900",
        "discount": "7% off",
        "delivery-type": "Free delivery",
        "offer": "Bank Offer"
    },
    {
        "image": "https://rukminim2.flixcart.com/image/612/612/kl9rssw0/allinone-desktop/z/s/0/ideacentre-a340-24iwl-lenovo-original-imagyfvbhawukw39.jpeg",
        "description": "Lenovo ideacentre A340 Core i5 (16 GB DDR4/512 GB SSD/W...",
        "color": "Business Black, 45 cm x 19 cm x 185 mm, 6.81 kg",
        "new-price": "₹66,990",
        "old-price": "₹87,390",
        "discount": "23% off",
        "delivery-type": "Free delivery",
        "offer": "Bank Offer"
    },
    {
        "image": "https://rukminim2.flixcart.com/image/612/612/kt4ozgw0/allinone-desktop/c/u/2/desktop-computer-core2duo-series-core-2-duo-2-gb-ddr2-320-gb-original-imag6jkhuzdx7hvx.jpeg",
        "description": "IC 1 2021 Core 2 Duo (2 GB DDR2/500 GB/Windows 10 Pro/5...",
        "color": "Multicolor",
        "new-price": "₹10,999",
        "old-price": "₹28,999",
        "discount": "62% off",
        "offer": "Bank Offer"
    },
    {
        "image": "https://rukminim2.flixcart.com/image/612/612/kjq1mkw0-0/cpu/m/p/r/ma-10-8gb-500gb-120ssd-i5-3rd-500-zoonis-original-imafz7zbhcgmkbwg.jpeg",
        "description": "ZOONIS Z SERIES Core 2 Duo (4 GB DDR3/320 GB/120 GB SSD...",
        "color": "Black",
        "stars": "3.2",
        "reviews": "(5)",
        "new-price": "₹16,999",
        "old-price": "₹29,999",
        "discount": "43% off",
        "delivery-type": "Free delivery",
        "offer": "Bank Offer"
    },
    {
        "image": "https://rukminim2.flixcart.com/image/612/612/kr9jafk0/allinone-desktop/s/c/l/ci510th-desktop-computer-core-i5-4-gb-ddr4-500-gb-windows-10-original-imag53d4nd6tvrx7.jpeg",
        "description": "Assembled CI5 Desktop Computer Core i5 (4 GB DDR4/500 G...",
        "color": "Black",
        "new-price": "₹29,999",
        "old-price": "₹39,999",
        "discount": "25% off",
        "delivery-type": "Free delivery",
        "offer": "Bank Offer"
    },
    {
        "image": "https://rukminim2.flixcart.com/image/612/612/jljri4w0/allinone-desktop/4/v/z/zoonis-core-2-duo-3-0-500-gb-4gb-ddr2-ram-15-6-led-original-imaf7spbhtpe4gtb.jpeg",
        "description": "ZOONIS Z Series Core 2 Duo (2 GB DDR2/250 GB/Windows 7 ...",
        "color": "Black",
        "stars": "3.2",
        "reviews": "(27)",
        "new-price": "₹14,999",
        "delivery-type": "Free delivery",
        "offer": "Bank Offer"
    },
    {
        "image": "https://rukminim2.flixcart.com/image/612/612/kl9rssw0/allinone-desktop/z/s/0/ideacentre-a340-24iwl-lenovo-original-imagyfvbhawukw39.jpeg",
        "description": "Lenovo Ideacentre Core i5 (10th Gen) (8 GB DDR4/512 GB ...",
        "color": "Business Black, 44.73 cm x 54.1 cm x 18.5 cm, 5.87 KG",
        "stars": "4.6",
        "reviews": "(31)",
        "new-price": "₹61,490",
        "old-price": "₹72,390",
        "discount": "15% off",
        "delivery-type": "Free delivery",
        "offer": "Bank Offer"
    },
    {
        "image": "https://rukminim2.flixcart.com/image/612/612/kkec4280/allinone-desktop/e/w/h/core-i5-4gb-ddr4-500-gb-hdd-assembled-original-imafzr9nyzy3meqc.jpeg",
        "description": "Assembled CI5 Desktop Computer Core i5 (4 GB DDR4/500 G...",
        "color": "Black",
        "new-price": "₹29,999",
        "old-price": "₹39,999",
        "discount": "25% off",
        "delivery-type": "Free delivery",
        "offer": "Bank Offer"
    },
    {
        "image": "https://rukminim2.flixcart.com/image/612/612/kmwcuq80/allinone-desktop/l/j/g/24-dp0813in-hp-original-imagfp93y4yzvhzu.jpeg",
        "description": "HP All in One Desktop PC Core i5 (10th Gen) (8 GB DDR4/...",
        "color": "Natural silver, 41.03 cm x 54.08 Cm x 20.43 cm, 7.71 Kg",
        "new-price": "₹74,051",
        "delivery-type": "Free delivery",
        "offer": "Bank Offer"
    },
    {
        "image": "https://rukminim2.flixcart.com/image/612/612/l09w8sw0/allinone-desktop/y/0/a/aic-i5-650-8gb-1tb-20-inchled-dzab-original-imagc3njwwkhyss2.jpeg",
        "description": "INTECHVISION Intel Core i5 (8 GB DDR3/500 GB/Windows 10...",
        "color": "Black",
        "new-price": "₹20,999",
        "old-price": "₹28,999",
        "discount": "27% off",
        "offer": "Bank Offer"
    },
    {
        "image": "https://rukminim2.flixcart.com/image/612/612/jubjte80/allinone-desktop/r/z/p/hp-22c0019il-original-imaffgxrzzap98gb.jpeg",
        "description": "HP All in One PC Core i5 (9th Gen) (8 GB DDR4/1 TB/Free...",
        "color": "Jet Black, 390.7 mm x 490.3 mm x 204.1 mm, 5.39 kg",
        "stars": "4.1",
        "reviews": "(62)",
        "new-price": "₹55,090",
        "old-price": "₹56,920",
        "discount": "3% off",
        "delivery-type": "Free delivery",
        "offer": "Bank Offer"
    },
    {
        "image": "https://rukminim2.flixcart.com/image/612/612/ktq4l8w0/allinone-desktop/6/g/7/168-10-168-08-g1-brozzo-original-imag7y2guuxqdrzg.jpeg",
        "description": "brozzo G1 Core 2 Duo (4 GB DDR2/500 GB/120 GB SSD/Windo...",
        "color": "Black",
        "stars": "3.1",
        "reviews": "(8)",
        "new-price": "₹13,887",
        "old-price": "₹24,999",
        "discount": "44% off",
        "delivery-type": "Free delivery",
        "offer": "Bank Offer"
    },
    {
        "image": "https://rukminim2.flixcart.com/image/612/612/kzn17680/allinone-desktop/p/s/q/f0g100h8in-lenovo-original-imagbmy52taknxuj.jpeg",
        "description": "Lenovo IdeaCentre AIO 3 24ALC6 Ryzen 5 (8 GB DDR4/512 G...",
        "color": "Black, 45 cm x 19 cm x 185 mm, 6.81 kg",
        "new-price": "₹57,490",
        "old-price": "₹74,890",
        "discount": "23% off",
        "delivery-type": "Free delivery",
        "offer": "Bank Offer"
    },
    {
        "image": "https://rukminim2.flixcart.com/image/612/612/k2z1t3k0/allinone-desktop/2/3/t/zoonis-f1-8gb-1tb-120gbssd-with-4gb-graphics-original-imafm6rrgrgkgjnf.jpeg",
        "description": "ZOONIS F1 I5 Core i5 (8 GB DDR3/1 TB/Windows 10 Pro/4 G...",
        "color": "Black",
        "stars": "3.4",
        "reviews": "(49)",
        "new-price": "₹34,999",
        "delivery-type": "Free delivery",
        "offer": "Bank Offer"
    },
    {
        "image": "https://rukminim2.flixcart.com/image/612/612/kljrvrk0/desktop-computer/9/e/k/ent2gb8gb-002-entwino-original-imagyn3jfmz5ugjz.jpeg",
        "description": "ASSEMBLD 1000 Core i5 (16 GB DDR4/1 TB/128 GB SSD/Windo...",
        "color": "Black, 44 cm",
        "stars": "3.3",
        "reviews": "(24)",
        "new-price": "₹29,999",
        "old-price": "₹59,999",
        "discount": "50% off",
        "offer": "Bank Offer"
    },
    {
        "image": "https://rukminim2.flixcart.com/image/612/612/kmxsakw0/allinone-desktop/o/a/t/i5-2nd-500gb-4gb-wifi-win-10-with-ms-office-zoonis-original-imagfq73hdszhpfu.jpeg",
        "description": "ZOONIS W Series Core i5 (4 GB DDR3/500 GB/Windows 10 Pr...",
        "color": "White",
        "new-price": "₹26,999",
        "old-price": "₹34,999",
        "discount": "22% off",
        "delivery-type": "Free delivery",
        "offer": "Bank Offer"
    },
    {
        "image": "https://rukminim2.flixcart.com/image/612/612/kljrvrk0/desktop-computer/9/e/k/ent2gb8gb-002-entwino-original-imagyn3jfmz5ugjz.jpeg",
        "description": "ASSEMBLD CORE I3 Core i3 (8 GB DDR3/500 GB/128 GB SSD/W...",
        "color": "Black, 40 cm x 18 cm x 38 cm, 4 kg",
        "stars": "3",
        "reviews": "(24)",
        "new-price": "₹22,999",
        "old-price": "₹39,999",
        "discount": "42% off",
        "offer": "Bank Offer"
    }
]