[
    {
        "image": "https://rukminim2.flixcart.com/image/612/612/k6xxua80/remote-control-toy/c/8/6/hx-750-toy-drone-quadcopter-without-camera-stable-flght-ir-original-imafpahwh9gxnkr4.jpeg",
        "description": "AKSHAT D3064 Drone",
        "stars": "3.4",
        "reviews": "(4,385)",
        "new-price": "₹2,439",
        "old-price": "₹2,525",
        "discount": "3% off",
        "delivery-type": "Free delivery"
    },
    {
        "image": "https://rukminim2.flixcart.com/image/612/612/kg40k280/remote-control-toy/p/6/z/u65-flying-man-drone-tector-original-imafwfdqvhrychgt.jpeg",
        "description": "Tector U65 Drone",
        "stars": "3.9",
        "reviews": "(271)",
        "new-price": "₹1,620",
        "old-price": "₹5,499",
        "discount": "70% off",
        "delivery-type": "Free delivery"
    },
    {
        "image": "https://rukminim2.flixcart.com/image/612/612/kv1a4cw0/remote-control-toy/m/k/p/exceed-helicopter-remote-control-rechargeable-flying-unbreakable-original-imag8fffmczhjmyt.jpeg",
        "description": "Wekidz D001 Drone",
        "stars": "3.2",
        "reviews": "(180)",
        "new-price": "₹749",
        "old-price": "₹1,399",
        "discount": "46% off",
        "delivery-type": "Free delivery"
    },
    {
        "image": "https://rukminim2.flixcart.com/image/612/612/k30h8y80/remote-control-toy/4/x/j/latest-wi-fi-camera-drone-professional-quadcopter-with-2-4g-rc-original-imafm89fuxjfhssb.jpeg",
        "description": "SuperToy D2253 Drone",
        "stars": "3.7",
        "reviews": "(51)",
        "new-price": "₹4,439",
        "old-price": "₹7,999",
        "discount": "44% off",
        "delivery-type": "Free delivery"
    },
    {
        "image": "https://rukminim2.flixcart.com/image/612/612/l2xmqvk0/drone/v/n/d/20-600-2-quadcopter-aerocraft-drone-vezimon-original-image6bssuu46aaq.jpeg",
        "description": "Vezimon Quadcopter Aerocraft drone Drone",
        "new-price": "₹3,700",
        "old-price": "₹6,000",
        "discount": "38% off",
        "delivery-type": "Free delivery"
    },
    {
        "image": "https://rukminim2.flixcart.com/image/612/612/kyag87k0/drone/z/i/d/50-10-1-pro-nano-drone-with-720p-hd-camera-with-battle-mode-original-imagajva8akzwp8x.jpeg",
        "description": "IZI PRO Nano RC Drone | 720P HD Camera |2 Batteries | B...",
        "new-price": "₹9,375",
        "old-price": "₹12,999",
        "discount": "27% off",
        "delivery-type": "Free delivery"
    },
    {
        "image": "https://rukminim2.flixcart.com/image/612/612/l2nmnww0/drone/y/z/a/100-25-25-white-quadcopter-one-key-take-off-one-key-land-tes-la-original-imagdy4nqj9yf4z8.jpeg",
        "description": "TES-LA White Quadcopter One Key Take-off/One Key Land D...",
        "new-price": "₹5,999",
        "old-price": "₹10,000",
        "discount": "40% off",
        "delivery-type": "Free delivery"
    },
    {
        "image": "https://rukminim2.flixcart.com/image/612/612/kt4ozgw0/drone/g/d/x/100-20-1-5-professional-kit-foldable-grey-wi-fi-dual-4k-hd-original-imag6jn9kqvvb5wz.jpeg",
        "description": "TES-LA FOLDABLE ARM GREY Drone",
        "new-price": "₹7,299",
        "old-price": "₹15,000",
        "discount": "51% off",
        "delivery-type": "Free delivery"
    },
    {
        "image": "https://rukminim2.flixcart.com/image/612/612/kt39jm80/drone/x/t/b/50-20-1-grey-dual-camera-foldable-professional-drone-the-sky-original-imag6gg36x9erwhg.jpeg",
        "description": "ACTIVA Foldable Arm Wi-Fi Quadcopter 4K Grey Drone",
        "new-price": "₹7,999",
        "old-price": "₹10,000",
        "discount": "20% off",
        "delivery-type": "Free delivery"
    },
    {
        "image": "https://rukminim2.flixcart.com/image/612/612/l2f20sw0/drone/p/e/w/1-10-1-vision-multicolor-panther-original-imagdrdhzggerghe.jpeg",
        "description": "Panther Vision wifi Drone",
        "new-price": "₹6,999",
        "old-price": "₹15,000",
        "discount": "53% off",
        "delivery-type": "Free delivery"
    },
    {
        "image": "https://rukminim2.flixcart.com/image/612/612/l2nmnww0/drone/b/u/6/100-25-25-black-quadcopter-one-key-take-off-one-key-land-tes-la-original-imagdy4yjqarfxuz.jpeg",
        "description": "TES-LA Black Quadcopter One Key Take-off/One Key Land D...",
        "new-price": "₹5,999",
        "old-price": "₹10,000",
        "discount": "40% off",
        "delivery-type": "Free delivery"
    },
    {
        "image": "https://rukminim2.flixcart.com/image/612/612/ktvucnk0/electronic-hobby-kit/j/o/b/dc-3-7v-716-7x16mm-micro-coreless-motor-helicopter-cw-ccw-original-imag752df3z9jbpx.jpeg",
        "description": "TechSupreme DC 3.7V 716 7x16mm Micro Coreless Motor Hel...",
        "stars": "3.4",
        "reviews": "(583)",
        "new-price": "₹228",
        "old-price": "₹600",
        "discount": "62% off",
        "delivery-type": "Free delivery"
    },
    {
        "image": "https://rukminim2.flixcart.com/image/612/612/kll7bm80/remote-control-toy/o/l/y/helicopter10-ynam-original-imagyz3ndpxzugtg.jpeg",
        "description": "NXI Exceed Helicopter Sensor Aircraft 2 in 1 Flying Hel...",
        "stars": "3.4",
        "reviews": "(103)",
        "new-price": "₹589",
        "old-price": "₹999",
        "discount": "41% off"
    },
    {
        "image": "https://rukminim2.flixcart.com/image/612/612/kjn6qvk0-0/drone/s/g/l/hx-750-vfinancers-original-imafz5y2j3pectqf.jpeg",
        "description": "RetroWind HX750D Drone",
        "new-price": "₹2,499",
        "old-price": "₹4,999",
        "discount": "50% off",
        "delivery-type": "Free delivery"
    },
    {
        "image": "https://rukminim2.flixcart.com/image/612/612/kg40k280/remote-control-toy/8/y/b/u58-funair-drone-tector-original-imafwfdqytcbvm2n.jpeg",
        "description": "Tector U58 Drone",
        "stars": "3.4",
        "reviews": "(115)",
        "new-price": "₹1,457",
        "old-price": "₹4,999",
        "discount": "70% off",
        "delivery-type": "Free delivery"
    },
    {
        "image": "https://rukminim2.flixcart.com/image/612/612/kg40k280/remote-control-toy/u/n/h/u58-funair-drone-tector-original-imafwfdpz5xu3uha.jpeg",
        "description": "Tector U58 Drone",
        "stars": "3.4",
        "reviews": "(115)",
        "new-price": "₹1,292",
        "old-price": "₹4,999",
        "discount": "74% off",
        "delivery-type": "Free delivery"
    },
    {
        "image": "https://rukminim2.flixcart.com/image/612/612/kt7jv680/drone/2/2/t/0-0-0-antenna-amplifier-signal-booster-for-dji-mavic-mini-range-original-imag6hvqczbkyhgx.jpeg",
        "description": "amiciCare Antenna Amplifier Signal Booster for DJI Mavi...",
        "stars": "3.4",
        "reviews": "(7)",
        "new-price": "₹1,839",
        "old-price": "₹2,500",
        "discount": "26% off",
        "delivery-type": "Free delivery"
    },
    {
        "image": "https://rukminim2.flixcart.com/image/612/612/ku04o7k0/drone/v/g/0/25-20-30-d1249-pacific-toys-original-imag7844va3uuvgk.jpeg",
        "description": "Pacific Toys D1249 Drone",
        "stars": "3.3",
        "reviews": "(56)",
        "new-price": "₹2,939",
        "old-price": "₹3,999",
        "discount": "26% off"
    },
    {
        "image": "https://rukminim2.flixcart.com/image/612/612/kz8qsnk0/drone/f/e/l/200-50-10-ulh2500-voyeger-original-imagbarg2prmnzjg.jpeg",
        "description": "voyeger ULH2500 Drone",
        "new-price": "₹3,20,000",
        "delivery-type": "Free delivery"
    },
    {
        "image": "https://rukminim2.flixcart.com/image/612/612/ktaeqvk0/drone/r/3/7/50-30-1-aj-rc-anti-collision-propeller-led-light-dual-camera-original-imag6nzwwjrwnchy.jpeg",
        "description": "Cosmo AJRC - White Foldable Arm Colorful LED Light in P...",
        "new-price": "₹12,999",
        "old-price": "₹18,000",
        "discount": "27% off",
        "delivery-type": "Free delivery"
    },
    {
        "image": "https://rukminim2.flixcart.com/image/612/612/k7f34i80/electronic-hobby-kit/t/z/e/4-pcs-dc-3-7v-716-7x16mm-micro-coreless-motor-with-propeller-original-imafpnaaytfayzdr.jpeg",
        "description": "Creative Tech 4 Pcs DC 3.7V 716 7x16mm Micro Coreless M...",
        "stars": "3.7",
        "reviews": "(88)",
        "new-price": "₹271",
        "old-price": "₹999",
        "discount": "72% off"
    },
    {
        "image": "https://rukminim2.flixcart.com/image/612/612/kf8kvbk0/electronic-hobby-kit/x/9/7/f450-drone-frame-kit-4-axis-airframe-450mm-quadcopter-frame-kit-original-imafvqn9zczqqzhy.jpeg",
        "description": "Manushre Manas Enterprises F450 Drone Frame Kit 4-Axis ...",
        "new-price": "₹861",
        "old-price": "₹1,500",
        "discount": "42% off",
        "delivery-type": "Free delivery"
    },
    {
        "image": "https://rukminim2.flixcart.com/image/612/612/l2p23rk0/remote-control-toy/j/g/r/kids-flying-ufo-drone-easy-indoor-small-ufo-helicopter-hands-original-imagdzh33tv4z8h4.jpeg",
        "description": "Goodmarts Kids Flying UFO Drone Easy Indoor Small UFO H...",
        "new-price": "₹1,039",
        "old-price": "₹1,699",
        "discount": "38% off",
        "delivery-type": "Free delivery"
    },
    {
        "image": "https://rukminim2.flixcart.com/image/612/612/k5msb680/vehicle-pull-along/c/d/j/friction-powered-aircraft-ufo-drone-with-4x4-inertia-powered-original-imafza2gphw5hgau.jpeg",
        "description": "HALO NATION Friction Powered Aircraft UFO Drone with 4x...",
        "new-price": "₹479",
        "old-price": "₹1,000",
        "discount": "52% off",
        "delivery-type": "Free delivery"
    },
    {
        "image": "https://rukminim2.flixcart.com/image/612/612/kod858w0/electronic-hobby-kit/g/y/u/lark-diy-2-4g-3d-flip-altitude-hold-rc-quadcopter-drone-original-imag2uyjbzxrdgeg.jpeg",
        "description": "SunRobotics LARK DIY 2.4G 3D Flip Altitude Hold RC Quad...",
        "stars": "3.7",
        "reviews": "(3)",
        "new-price": "₹2,797",
        "old-price": "₹8,899",
        "discount": "68% off",
        "delivery-type": "Free delivery"
    },
    {
        "image": "https://rukminim2.flixcart.com/image/612/612/k186fm80/remote-control-toy/x/y/h/drone-hand-control-with-flashing-light-and-usb-charger-halo-original-imafku48khtzsmvb.jpeg",
        "description": "HALO NATION D6806 Drone",
        "stars": "3.2",
        "reviews": "(13)",
        "new-price": "₹830",
        "old-price": "₹2,555",
        "discount": "67% off",
        "delivery-type": "Free delivery"
    },
    {
        "image": "https://rukminim2.flixcart.com/image/612/612/l34ry4w0/drone/d/p/y/50-120-2-1213-femico-original-imagebgmupdgfffa.jpeg",
        "description": "FEMICO 1213 Drone",
        "new-price": "₹9,939",
        "old-price": "₹9,999"
    },
    {
        "image": "https://rukminim2.flixcart.com/image/612/612/jykfxjk0/remote-control-toy/w/3/z/s-16-sky-phantom-foldable-selfie-drone-wifi-camera-480p-sirius-original-imafgrxhknpabhcn.jpeg",
        "description": "Sirius Toys D6750 Drone",
        "stars": "2.9",
        "reviews": "(493)",
        "new-price": "₹7,939",
        "old-price": "₹9,999",
        "discount": "20% off"
    },
    {
        "image": "https://rukminim2.flixcart.com/image/612/612/kjlrb0w0-0/drone/t/e/c/190021030787-kk-electronics-original-imafz4xzbhnaxczp.jpeg",
        "description": "DJI Mini 2 Fly More Combo – Ultralight Foldable Drone, ...",
        "new-price": "₹86,940",
        "old-price": "₹1,29,999",
        "discount": "33% off",
        "delivery-type": "Free delivery"
    },
    {
        "image": "https://rukminim2.flixcart.com/image/612/612/k5bcscw0pkrrdj/wallet-card-wallet/n/n/e/sld03-samtroh-brown-slide-original-imafc2ybjprehhha.jpeg",
        "description": "SAMTROH Men Brown Artificial Leather Money Clip",
        "stars": "4.2",
        "reviews": "(27)",
        "new-price": "₹197",
        "old-price": "₹999",
        "discount": "80% off",
        "delivery-type": "Free delivery"
    },
    {
        "image": "https://rukminim2.flixcart.com/image/612/612/l2xmqvk0/remote-control-toy/r/3/u/drone-for-kids-remote-control-2-4ghz-kids-mini-nano-rc-drone-original-image5hx2pd3h47p.jpeg",
        "description": "Nickeepopz Drone for Kids Remote Control 2.4GHz Kids Mi...",
        "new-price": "₹1,539",
        "old-price": "₹2,499",
        "discount": "38% off",
        "delivery-type": "Free delivery"
    },
    {
        "image": "https://rukminim2.flixcart.com/image/612/612/kn7sdjk0/electronic-hobby-kit/3/8/9/f450-drone-frame-kit-4-axis-airframe-450mm-quadcopter-frame-kit-original-imagfy443zhnh6hj.jpeg",
        "description": "DS Robotics F450 Drone Frame Kit 4-Axis Airframe 450mm ...",
        "stars": "3.7",
        "reviews": "(6)",
        "new-price": "₹839",
        "old-price": "₹1,500",
        "discount": "44% off",
        "delivery-type": "Free delivery"
    },
    {
        "image": "https://rukminim2.flixcart.com/image/612/612/kwdv3bk0/battery/lithium-polymer/d/5/i/403048p-3-7v-800mah-rechargeable-battery-for-bluetooth-handset-original-imag924hg3fmvuhn.jpeg",
        "description": "SHIVANTECH 403048P 3.7v 800mAh Rechargeable  for Blueto...",
        "stars": "3.9",
        "reviews": "(47)",
        "new-price": "₹349",
        "old-price": "₹690",
        "discount": "49% off",
        "delivery-type": "Free delivery"
    },
    {
        "image": "https://rukminim2.flixcart.com/image/612/612/kjym9ow0/drone/p/7/x/bb24-blessbe-original-imafzffxey6hzkgf.jpeg",
        "description": "BLESSBE Drone For Kids With Hand Free Operated Child Mi...",
        "stars": "3.4",
        "reviews": "(224)",
        "new-price": "₹2,029",
        "old-price": "₹5,000",
        "discount": "59% off",
        "delivery-type": "Free delivery"
    },
    {
        "image": "https://rukminim2.flixcart.com/image/612/612/kelptow0/remote-control-toy/e/8/n/military-airfcraft-qy66-d1-4-channel-6-axis-gyro-quadcopter-original-imafv8zj92wdvds3.jpeg",
        "description": "Tector Military Airfcraft QY66-D1 4 Channel 6 Axis Gyro...",
        "stars": "3.1",
        "reviews": "(98)",
        "new-price": "₹2,373",
        "old-price": "₹6,999",
        "discount": "66% off",
        "delivery-type": "Free delivery"
    },
    {
        "image": "https://rukminim2.flixcart.com/image/612/612/kz8qsnk0/drone/7/1/r/25-0-0-axis-brushless-motor-gimbal-with-controller-for-dji-original-imagbatthfvmryxh.jpeg",
        "description": "Multi Bazar Axis Brushless Motor Gimbal with Controller...",
        "new-price": "₹6,595",
        "old-price": "₹9,999",
        "discount": "34% off",
        "delivery-type": "Free delivery"
    },
    {
        "image": "https://rukminim2.flixcart.com/image/612/612/kjn6qvk0-0/drone/s/g/l/hx-750-vfinancers-original-imafz5y2j3pectqf.jpeg",
        "description": "Dherik Tradworld HX750 Drone 2.6 Ghz 6 Channel Remote C...",
        "stars": "3.9",
        "reviews": "(14)",
        "new-price": "₹2,799",
        "old-price": "₹6,199",
        "discount": "54% off",
        "delivery-type": "Buy 2 items, save extra 5%"
    },
    {
        "image": "https://rukminim2.flixcart.com/image/612/612/l2xmqvk0/remote-control-toy/w/j/q/ufo-flying-ball-fingertip-upgrade-flight-gyro-flying-spinner-original-image5v97zdxyfqq.jpeg",
        "description": "The Cube Mart Magic Flying Ball Fly Boomerang Spinner B...",
        "new-price": "₹794",
        "old-price": "₹1,499",
        "discount": "47% off",
        "delivery-type": "Free delivery"
    },
    {
        "image": "https://rukminim2.flixcart.com/image/612/612/jkh6m4w0/electronic-hobby-kit/c/b/u/4-pics-flat-cylinder-dc-motor-rc-toys-high-speed-heavy-load-original-imaf7sz6anfgyjhf.jpeg",
        "description": "UG LAND INDIA 4 Pics Flat Cylinder DC Motor RC Toys Hig...",
        "stars": "3.3",
        "reviews": "(52)",
        "new-price": "₹160",
        "old-price": "₹499",
        "discount": "67% off",
        "delivery-type": "Free delivery"
    },
    {
        "image": "https://rukminim2.flixcart.com/image/612/612/ku1k4280/remote-control-toy/u/h/n/x-drone-nano-quadcopter-with-360-degree-axis-gyro-stabilization-original-imag797vtykcreje.jpeg",
        "description": "Lattice X Drone Nano Quadcopter with 360 Degree Axis Gy...",
        "stars": "2.3",
        "reviews": "(3)",
        "new-price": "₹2,939",
        "old-price": "₹3,999",
        "discount": "26% off",
        "delivery-type": "Free delivery"
    },
    {
        "image": "https://rukminim2.flixcart.com/image/612/612/kpodocw0/filter/variable-nd-filter/b/6/m/6pcs-set-drone-camera-lens-filters-set-for-dji-mavic-mini-easy-original-imag3v3zfj98gzj7.jpeg",
        "description": "amiciCare 6pcs/Set Drone Camera Lens Filters Set for DJ...",
        "stars": "4.4",
        "reviews": "(8)",
        "new-price": "₹4,499",
        "old-price": "₹6,000",
        "discount": "25% off",
        "delivery-type": "Free delivery"
    },
    {
        "image": "https://rukminim2.flixcart.com/image/612/612/l2urv680/drone/j/e/p/50-30-1-zum-1770-quad-v-18-wifi-480p-fpv-dual-camera-and-original-image3wqhg3gfuxy.jpeg",
        "description": "zumanza ZUM 1770 QUAD V 18 WiFi 480P FPV Dual Camera an...",
        "new-price": "₹7,939",
        "old-price": "₹15,999",
        "discount": "50% off"
    },
    {
        "image": "https://rukminim2.flixcart.com/image/612/612/kjabs7k0-0/electronic-hobby-kit/k/y/5/generic-aluminum-2-axle-brushless-gimbal-camera-mount-controller-original-imafyvwn8vjfcm5y.jpeg",
        "description": "Multi Bazar Aluminium 2-axle brushless gimbal camera mo...",
        "new-price": "₹6,590",
        "old-price": "₹8,813",
        "discount": "25% off",
        "delivery-type": "Free delivery"
    },
    {
        "image": "https://rukminim2.flixcart.com/image/612/612/kxrvi4w0/remote-control-toy/j/g/n/induction-helicopter-2-exceed-original-imaga5npgdyrmx6y.jpeg",
        "description": "NXI Exceed Helicopter Sensor Aircraft 2 in 1 Flying Hel...",
        "stars": "3.2",
        "reviews": "(163)",
        "new-price": "₹589",
        "old-price": "₹899",
        "discount": "34% off"
    },
    {
        "image": "https://rukminim2.flixcart.com/image/612/612/kkoc70w0/electronic-hobby-kit/o/z/n/7x16mm-15000kv-brushed-motors-1-0mm-shaft-with-cw-ccw-8520-original-imafzzy7zscypua6.jpeg",
        "description": "Electrobot 7x16mm 15000KV Brushed Motors 1.0mm Shaft wi...",
        "stars": "3.6",
        "reviews": "(28)",
        "new-price": "₹203",
        "old-price": "₹500",
        "discount": "59% off"
    },
    {
        "image": "https://rukminim2.flixcart.com/image/612/612/kg40k280/remote-control-toy/q/c/h/expert-bf-008-4-channel-6-axis-gyro-quadcopter-tector-original-imafwfdpzuhfhdtm.jpeg",
        "description": "Tector Expert BF-008 4 Channel 6 Axis Gyro Quadcopter",
        "stars": "3.3",
        "reviews": "(71)",
        "new-price": "₹2,496",
        "old-price": "₹6,999",
        "discount": "64% off",
        "delivery-type": "Free delivery"
    },
    {
        "image": "https://rukminim2.flixcart.com/image/612/612/jrjizrk0/puzzle/t/v/c/59-3d-diy-wooden-scouting-drone-jigsaw-puzzle-pacific-toys-original-imafc9s9zyumtrdz.jpeg",
        "description": "Webby 3D DIY Wooden Scouting Drone Jigsaw Puzzle",
        "new-price": "₹158",
        "old-price": "₹399",
        "discount": "60% off",
        "delivery-type": "Free delivery"
    },
    {
        "image": "https://rukminim2.flixcart.com/image/612/612/krxtrww0/electronic-hobby-kit/f/z/g/dji-mavic-mini-1-2-colored-propellers-amicicare-original-imag5hzatyegrzjy.jpeg",
        "description": "amiciCare Mini 1/2 Colored Propellers Drone",
        "new-price": "₹1,139",
        "old-price": "₹1,200",
        "discount": "5% off",
        "delivery-type": "Free delivery"
    },
    {
        "image": "https://rukminim2.flixcart.com/image/612/612/k6mibgw0/electronic-hobby-kit/g/m/n/clockwise-blade-propeller-prop-for-coreless-brushed-motor-for-original-imafpfegktr3trcm.jpeg",
        "description": "Electronic Spices Clockwise Blade Propeller Prop for Co...",
        "stars": "3.3",
        "reviews": "(100)",
        "new-price": "₹90",
        "old-price": "₹399",
        "discount": "77% off"
    },
    {
        "image": "https://rukminim2.flixcart.com/image/612/612/k8uiz680/strap/convertible-strap/z/c/w/yantralay-30-75cm-universal-drone-and-quadcopter-landing-pad-original-imaf5zckybzxhqe5.jpeg",
        "description": "Yantralay 30\" (75cm) Universal Drone And Quadcopter Lan...",
        "stars": "4.6",
        "reviews": "(10)",
        "new-price": "₹1,199",
        "old-price": "₹1,799",
        "discount": "33% off",
        "delivery-type": "Free delivery"
    },
    {
        "image": "https://rukminim2.flixcart.com/image/612/612/kpr8k280/strap/hand-strap/f/g/m/dji-mavic-mini-propeller-holder-protection-belt-for-drone-original-imag3wwbnmkfmyzf.jpeg",
        "description": "amiciCare DJI Mavic Mini Propeller Holder, Protection B...",
        "new-price": "₹999",
        "old-price": "₹1,200",
        "discount": "16% off",
        "delivery-type": "Free delivery"
    },
    {
        "image": "https://rukminim2.flixcart.com/image/612/612/kziqvm80/backpack/x/7/6/7-indigo-drone-laptop-backpack-13-cb-cb-244-laptop-backpack-original-imagbgm5azyuzjzp.jpeg",
        "description": "CLOUDS GEAR INDIGO DRONE LAPTOP BACKPACK 32 L Laptop Ba...",
        "new-price": "₹1,499",
        "old-price": "₹4,199",
        "discount": "64% off",
        "delivery-type": "Free delivery"
    },
    {
        "image": "https://rukminim2.flixcart.com/image/612/612/l2m78280/drone/k/z/1/10-31-1-mini-2-propeller-dji-original-imagdx3nzej359pt.jpeg",
        "description": "DJI MINI 2 PROPELLER Drone",
        "new-price": "₹2,839",
        "old-price": "₹3,999",
        "discount": "29% off"
    },
    {
        "image": "https://rukminim2.flixcart.com/image/612/612/kt64fbk0/electronic-hobby-kit/l/3/f/c1555-pandya-tech-original-imag6knzvppcfdyy.jpeg",
        "description": "pandya tech 1555 Drone",
        "new-price": "₹1,240",
        "old-price": "₹2,000",
        "discount": "38% off"
    },
    {
        "image": "https://rukminim2.flixcart.com/image/612/612/l3dcl8w0/drone/h/3/9/15-12-1-s-16-v-18-2v-brothers-original-imageg2kxapze48a.jpeg",
        "description": "2V BROTHERS s-16/v-18 Drone",
        "new-price": "₹9,839",
        "old-price": "₹14,999",
        "discount": "34% off",
        "delivery-type": "Free delivery"
    },
    {
        "image": "https://rukminim2.flixcart.com/image/612/612/l26hdow0/remote-control-toy/a/e/e/flying-ufo-drone-infrared-induction-flying-drone-with-lights-0-original-imagdkemz78fwezn.jpeg",
        "description": "The Cube Mart Flying UFO Drone, Infrared Induction Flyi...",
        "stars": "2.7",
        "reviews": "(3)",
        "new-price": "₹1,079",
        "old-price": "₹1,999",
        "discount": "46% off",
        "delivery-type": "Free delivery"
    },
    {
        "image": "https://rukminim2.flixcart.com/image/612/612/kn6cxow0/camera-bag/case/l/r/9/storage-bag-for-dji-tello-drone-and-accessories-batteries-box-original-imagfxfmpnqavytw.jpeg",
        "description": "KRAPTICK Storage Bag for Drone and Accessories Batterie...",
        "stars": "3.2",
        "reviews": "(18)",
        "new-price": "₹699",
        "old-price": "₹999",
        "discount": "30% off",
        "delivery-type": "Free delivery"
    },
    {
        "image": "https://rukminim2.flixcart.com/image/612/612/ktszgy80/remote-control-toy/o/o/m/quad-v-18-wifi-480p-fpv-dual-camera-and-position-locking-drone-2-original-imag72jrgdhmfy4h.jpeg",
        "description": "SVE QUAD V 18 WiFi 480P FPV Dual Camera and Position Lo...",
        "stars": "2.9",
        "reviews": "(64)",
        "new-price": "₹5,788",
        "old-price": "₹7,999",
        "discount": "27% off"
    },
    {
        "image": "https://rukminim2.flixcart.com/image/612/612/kr0ynbk0/battery/lithium-ion/6/j/g/18650-lithium-ion-12-6v-rechargeable-replacement-battery-gps-psp-original-imag4wufckqs8b65.jpeg",
        "description": "Neoware 18650 Lithium ion 12.6V Rechargeable Replacemen...",
        "stars": "2.9",
        "reviews": "(10)",
        "new-price": "₹639",
        "old-price": "₹1,499",
        "discount": "57% off",
        "delivery-type": "Free delivery"
    },
    {
        "image": "https://rukminim2.flixcart.com/image/612/612/ku1k4280/remote-control-toy/d/x/a/x-drone-nano-quadcopter-with-360-degree-axis-gyro-stabilization-original-imag797vtscswsgj.jpeg",
        "description": "PromoCart X Defender Automatic trim function Drone Oran...",
        "new-price": "₹2,939",
        "old-price": "₹4,499",
        "discount": "34% off",
        "delivery-type": "Free delivery"
    },
    {
        "image": "https://rukminim2.flixcart.com/image/612/612/kufuikw0/remote-control-toy/3/t/m/quad-v-18-wifi-480p-fpv-dual-camera-and-position-locking-drone-3-original-imag7k89gstwprhy.jpeg",
        "description": "BabyBliss QUAD V 18 WiFi 480P FPV Dual Camera and Posit...",
        "stars": "3",
        "reviews": "(71)",
        "new-price": "₹5,838",
        "old-price": "₹8,999",
        "discount": "35% off"
    },
    {
        "image": "https://rukminim2.flixcart.com/image/612/612/kylvr0w0/electronic-hobby-kit/a/e/t/flying-fish-f550-hexacopter-air-frame-flamewheel-kit-for-diy-original-imagasyxmhehwzsz.jpeg",
        "description": "SunRobotics Flying-Fish F550 Hexacopter Air Frame Flame...",
        "new-price": "₹1,365",
        "old-price": "₹6,479",
        "discount": "78% off",
        "delivery-type": "Free delivery"
    },
    {
        "image": "https://rukminim2.flixcart.com/image/612/612/kxjav0w0/shirt/l/o/1/-original-imag9y7x3wczaanm.jpeg",
        "description": "JACK & JONES Men Checkered Casual Green Shirt",
        "new-price": "₹1,349",
        "old-price": "₹3,499",
        "discount": "61% off",
        "delivery-type": "Free delivery"
    },
    {
        "image": "https://rukminim2.flixcart.com/image/612/612/ku1k4280/remote-control-toy/x/8/l/x-drone-nano-quadcopter-with-360-degree-axis-gyro-stabilization-original-imag798yazhghgzv.jpeg",
        "description": "Lattice X Drone Nano Quadcopter with 360 Degree Axis Gy...",
        "stars": "2.7",
        "reviews": "(3)",
        "new-price": "₹2,939",
        "old-price": "₹3,999",
        "discount": "26% off",
        "delivery-type": "Free delivery"
    },
    {
        "image": "https://rukminim2.flixcart.com/image/612/612/kge0n0w0/electronic-hobby-kit/g/h/x/4-pcs-big-rc-drone-motors-for-quadcopter-spare-micro-motors-original-imafwn8gdr8uztnr.jpeg",
        "description": "HUMSER 4 pcs Big RC Drone motors for Quadcopter spare m...",
        "stars": "4.8",
        "reviews": "(5)",
        "new-price": "₹938",
        "old-price": "₹1,349",
        "discount": "30% off",
        "delivery-type": "Free delivery"
    },
    {
        "image": "https://rukminim2.flixcart.com/image/612/612/jmp79u80-1/wallet-card-wallet/g/2/z/atm-blk-classic-money-clip-wild-edge-original-imaf3jbgb8gdpvzf.jpeg",
        "description": "WILD EDGE Men Casual Black Artificial Leather Wallet",
        "stars": "4.1",
        "reviews": "(572)",
        "new-price": "₹229",
        "old-price": "₹999",
        "discount": "77% off"
    },
    {
        "image": "https://rukminim2.flixcart.com/image/612/612/ks0onm80/battery/lithium-polymer/8/v/y/802035-3-7v-380-mah-drone-rechargeable-drone-battery-toys-original-imag5zggvhf89gfn.jpeg",
        "description": "kp 802035 3.7v/380 Mah Drone Rechargeable Drone  / Toys...",
        "stars": "3.6",
        "reviews": "(7)",
        "new-price": "₹695",
        "old-price": "₹999",
        "discount": "30% off"
    },
    {
        "image": "https://rukminim2.flixcart.com/image/612/612/l0o6nbk0/electronic-hobby-kit/9/b/y/rc-quadcopter-360-flips-remote-control-2-4g-diy-drone-kit-rc-original-imagcez5eccegg58.jpeg",
        "description": "TechSupreme RC Quadcopter 360° Flips Remote Control 2.4...",
        "stars": "3",
        "reviews": "(4)",
        "new-price": "₹3,321",
        "old-price": "₹6,000",
        "discount": "44% off",
        "delivery-type": "Free delivery"
    },
    {
        "image": "https://rukminim2.flixcart.com/image/612/612/jevpj0w0/wallet-card-wallet/z/w/z/black-wallet-clipper-wallet-wild-edge-original-imaf3dppcerbwnvh.jpeg",
        "description": "WILD EDGE Men Black Artificial Leather Wallet",
        "stars": "4.2",
        "reviews": "(112)",
        "new-price": "₹229",
        "old-price": "₹999",
        "discount": "77% off"
    },
    {
        "image": "https://rukminim2.flixcart.com/image/612/612/jsj90280/electronic-hobby-kit/v/3/9/coreless-motors-dc-3-7v-4-2v-50000rpm-7x16-mm-micro-brush-metal-original-imafe2g9uadqeqek.jpeg",
        "description": "UG LAND INDIA CoreLess Motors DC 3.7V-4.2V 50000RPM 7x1...",
        "stars": "3.8",
        "reviews": "(339)",
        "new-price": "₹335",
        "old-price": "₹550",
        "discount": "39% off",
        "delivery-type": "Free delivery"
    },
    {
        "image": "https://rukminim2.flixcart.com/image/612/612/ks0onm80/battery/lithium-polymer/o/0/i/lipo-rechargeable-drone-battery-3-7v-350mah-702035-for-rc-drone-original-imag5zhxkyndmawn.jpeg",
        "description": "kp Lipo Rechargeable Drone -3.7V/350mAH-702035 For RC D...",
        "stars": "3.4",
        "reviews": "(9)",
        "new-price": "₹635",
        "old-price": "₹999",
        "discount": "36% off"
    },
    {
        "image": "https://rukminim2.flixcart.com/image/612/612/ks3jjbk0/remote-control-toy/z/f/a/izizy-development-pvt-ltd-sirius-toys-original-imag5qruwzzvuxya.jpeg",
        "description": "Sirius Toys Izizy Development Pvt. Ltd.",
        "new-price": "₹3,539",
        "old-price": "₹3,999",
        "discount": "11% off",
        "delivery-type": "Free delivery"
    },
    {
        "image": "https://rukminim2.flixcart.com/image/612/612/ktvucnk0/electronic-hobby-kit/d/i/u/dc-3-7v-716-7x16mm-micro-coreless-motor-helicopter-cw-ccw-original-imag752ddyjk9sgn.jpeg",
        "description": "TechSupreme 12 Pieces of DC 3.7V 6mm x 14mm Micro Corel...",
        "new-price": "₹849",
        "old-price": "₹2,499",
        "discount": "66% off",
        "delivery-type": "Free delivery"
    },
    {
        "image": "https://rukminim2.flixcart.com/image/612/612/jidg9zk0/art-craft-kit/b/a/j/meeden-non-slip-precision-craft-detail-knife-with-6-blades-original-imaf66j5ahe8j3hy.jpeg",
        "description": "Generic MEEDEN Non-Slip Precision Craft Detail Knife wi...",
        "stars": "1",
        "reviews": "(1)",
        "new-price": "₹734",
        "old-price": "₹1,807",
        "discount": "59% off",
        "delivery-type": "Free delivery"
    },
    {
        "image": "https://rukminim2.flixcart.com/image/612/612/kjq1mkw0-0/learning-toy/p/9/d/dc-motor-kit-22-tech-original-imafz8gfbuxsqwzy.jpeg",
        "description": "SunRobotics Science Educational Project DC Motor DIY ki...",
        "stars": "3",
        "reviews": "(14)",
        "new-price": "₹269",
        "old-price": "₹599",
        "discount": "55% off"
    },
    {
        "image": "https://rukminim2.flixcart.com/image/612/612/k7f34i80/electronic-hobby-kit/f/m/8/smart-advance-coreless-motor-20x08-mm-510000-rpm-4-pieces-3-7v-original-imafpnaagfgjjafd.jpeg",
        "description": "Creative Tech Smart Advance Coreless Motor 20x08 mm 510...",
        "stars": "3.5",
        "reviews": "(46)",
        "new-price": "₹319",
        "old-price": "₹999",
        "discount": "68% off"
    },
    {
        "image": "https://rukminim2.flixcart.com/image/612/612/jx3kn0w0/electronic-hobby-kit/b/r/h/tech1018-techtonics-original-imafhn366euqyth6.jpeg",
        "description": "Techleads A2212 1400 KV BLDC Brushless DC Motor for Dro...",
        "stars": "3.2",
        "reviews": "(13)",
        "new-price": "₹550",
        "old-price": "₹999",
        "discount": "44% off"
    },
    {
        "image": "https://rukminim2.flixcart.com/image/612/612/kyag87k0/battery/lithium-polymer/p/r/h/502030-3-7v-250mah-rechargeable-battery-for-bluetooth-speaker-original-imagajyfnq6hqczw.jpeg",
        "description": "kp 502030 3.7v 250mAh Rechargeable  for Bluetooth Speak...",
        "new-price": "₹289",
        "old-price": "₹699",
        "discount": "58% off"
    },
    {
        "image": "https://rukminim2.flixcart.com/image/612/612/k6ci8i80/electronic-hobby-kit/g/w/v/8-pieces-universal-tall-landing-gear-skids-ug-land-india-original-imafztzzvj2ytmcf.jpeg",
        "description": "UG LAND INDIA 8 Pieces Universal Tall Landing Gear Skid...",
        "stars": "3.5",
        "reviews": "(4)",
        "new-price": "₹539",
        "old-price": "₹649",
        "discount": "16% off",
        "delivery-type": "Free delivery"
    },
    {
        "image": "https://rukminim2.flixcart.com/image/612/612/k6fd47k0pkrrdj/wallet-card-wallet/7/w/w/sam-29-tan-blk-cntr-samtroh-original-imafgf5kd5zzrgr6.jpeg",
        "description": "WILD EDGE Men Multicolor Artificial Leather Wallet",
        "stars": "4.5",
        "reviews": "(29)",
        "new-price": "₹229",
        "old-price": "₹999",
        "discount": "77% off"
    }
]