[
    {
        "image": "https://rukminim2.flixcart.com/image/612/612/kd1zngw0/headphone/v/k/n/tws-l21-mini-wireless-bluetooth-headset-earphone-dayneo-original-imafuf4ffbvgxckc.jpeg",
        "description": "DAYNEO TwsL21 Mini Wireless Bluetooth Headset / Earphon...",
        "color": "Black, True Wireless",
        "stars": "3.7",
        "reviews": "(8,317)",
        "new-price": "₹499",
        "old-price": "₹1,999",
        "discount": "75% off",
        "delivery-type": "Free delivery"
    },
    {
        "image": "https://rukminim2.flixcart.com/image/612/612/kthjy4w0/headphone/u/u/r/i12s-ma05-plus-shine-original-imag6tkj5eewhqwj.jpeg",
        "description": "Plus Shine i12s_MA05 Bluetooth Headset",
        "color": "White, True Wireless",
        "stars": "3.7",
        "reviews": "(4,917)",
        "new-price": "₹356",
        "old-price": "₹1,599",
        "discount": "77% off",
        "delivery-type": "Free delivery"
    },
    {
        "image": "https://rukminim2.flixcart.com/image/612/612/ktvucnk0/headphone/q/o/9/air-buds-mini-truly-wireless-noise-original-imag74hycpspckgk.jpeg",
        "description": "Noise Air Buds Mini Truly Wireless Bluetooth Headset",
        "color": "Pearl White, True Wireless",
        "stars": "3.9",
        "reviews": "(1,28,904)",
        "new-price": "₹1,299",
        "old-price": "₹2,999",
        "discount": "56% off",
        "delivery-type": "Free delivery"
    },
    {
        "image": "https://rukminim2.flixcart.com/image/612/612/l1jmc280/headphone/e/4/m/air-tune-buds-true-wireless-bluetooth-headset-xtune-avlokan-original-imagd32zhd2ykwjs.jpeg",
        "description": "Avlokan I12 (Buds) True wireless Bluetooth headset XTUN...",
        "color": "Black, True Wireless",
        "stars": "3.6",
        "reviews": "(11,975)",
        "new-price": "₹399",
        "old-price": "₹1,299",
        "discount": "69% off",
        "delivery-type": "Free delivery"
    },
    {
        "image": "https://rukminim2.flixcart.com/image/612/612/l2jcccw0/headphone/s/f/r/earbuds-in-ear-sensor-bluetooth-touch-control-headset-with-original-imagdvyztwhhskn6.jpeg",
        "description": "Grostar Earbuds In-ear Sensor Bluetooth Touch Control H...",
        "color": "White, True Wireless",
        "stars": "3.8",
        "reviews": "(194)",
        "new-price": "₹449",
        "old-price": "₹2,299",
        "discount": "80% off",
        "delivery-type": "Free delivery"
    },
    {
        "image": "https://rukminim2.flixcart.com/image/612/612/ksdjma80/headphone/o/f/c/airdopes-131-airdopes-138-boat-original-imag5yz96jehyqrg.jpeg",
        "description": "boAt Airdopes 131 with upto 15 Hours Playback, 13mm Dri...",
        "color": "Active Black, True Wireless",
        "stars": "4.1",
        "reviews": "(8,51,053)",
        "new-price": "₹1,299",
        "old-price": "₹2,990",
        "discount": "56% off",
        "delivery-type": "Free delivery"
    },
    {
        "image": "https://rukminim2.flixcart.com/image/612/612/ksdjma80/headphone/a/q/z/airdopes-131-boat-original-imag5yzanjduekzn.jpeg",
        "description": "boAt Airdopes 131 with upto 15 Hours Playback, 13mm Dri...",
        "color": "Ivory White, In the Ear",
        "stars": "4.1",
        "reviews": "(8,51,053)",
        "new-price": "₹1,299",
        "old-price": "₹2,990",
        "discount": "56% off",
        "delivery-type": "Free delivery"
    },
    {
        "image": "https://rukminim2.flixcart.com/image/612/612/kekadu80-0/headphone/u/w/d/new-arrival-xi-aomi-red-mii-handfree-note-8-7-pro-a3-k20-pro-original-imafv7judzxzmzzb.jpeg",
        "description": "Headrick Wired Earphones Powerful HD Sound High Bass Ga...",
        "color": "Black, In the Ear",
        "new-price": "₹159",
        "old-price": "₹500",
        "discount": "68% off",
        "delivery-type": "Bank Offer"
    },
    {
        "image": "https://rukminim2.flixcart.com/image/612/612/l0lbrm80/headphone/t/3/j/my-dots-series-true-wireless-earbuds-with-20-hours-battery-original-imagcccq3kz4mytz.jpeg",
        "description": "U&i My Dots Series True Wireless Earbuds with 20 Hours ...",
        "color": "Black, True Wireless",
        "stars": "3.8",
        "reviews": "(1,058)",
        "new-price": "₹549",
        "old-price": "₹2,999",
        "discount": "81% off",
        "delivery-type": "Free delivery"
    },
    {
        "image": "https://rukminim2.flixcart.com/image/612/612/kqwobrk0/headphone/3/n/b/bassheads-100-boat-original-imag4tgdrpxfh3pk.jpeg",
        "description": "boAt Bassheads 100 Wired Headset",
        "color": "Black, In the Ear",
        "stars": "4.3",
        "reviews": "(11,46,960)",
        "new-price": "₹399",
        "old-price": "₹999",
        "discount": "60% off",
        "delivery-type": "Bank Offer"
    },
    {
        "image": "https://rukminim2.flixcart.com/image/612/612/kcz4rrk0/smart-headphone/z/6/c/tws-l-21-dayneo-original-imaftz7gjwt2hzjb.jpeg",
        "description": "DAYNEO TWS- I 21 - Bluetooth Headset",
        "color": "Black, True Wireless",
        "stars": "3.6",
        "reviews": "(8,436)",
        "new-price": "₹499",
        "old-price": "₹3,999",
        "discount": "87% off",
        "delivery-type": "Free delivery"
    },
    {
        "image": "https://rukminim2.flixcart.com/image/612/612/kw9krrk0/headphone/v/k/x/-original-imag8z6gjjnctgqt.jpeg",
        "description": "Boult Audio AirBass Xpods TWS Earbuds with 20H Playtime...",
        "color": "Black, True Wireless",
        "stars": "3.9",
        "reviews": "(67,782)",
        "new-price": "₹1,299",
        "old-price": "₹4,999",
        "discount": "74% off",
        "delivery-type": "Free delivery"
    },
    {
        "image": "https://rukminim2.flixcart.com/image/612/612/ktketu80/headphone/p/o/l/s21-truke-original-imag6v6gghe7yhpv.jpeg",
        "description": "truke Buds S1 with Quad Mic ENC | 72Hrs Playtime | Slid...",
        "color": "Black, True Wireless",
        "stars": "4",
        "reviews": "(34,977)",
        "new-price": "₹1,299",
        "old-price": "₹3,999",
        "discount": "67% off",
        "delivery-type": "Free delivery"
    },
    {
        "image": "https://rukminim2.flixcart.com/image/612/612/krayqa80/headphone/x/9/r/rma2010-realme-original-imag54ey5mxggzcy.jpeg",
        "description": "realme Buds Q2 Neo with Environment Noise Cancellation ...",
        "color": "Black, True Wireless",
        "stars": "4",
        "reviews": "(1,03,310)",
        "new-price": "₹1,399",
        "old-price": "₹2,499",
        "discount": "44% off",
        "delivery-type": "Free delivery"
    },
    {
        "image": "https://rukminim2.flixcart.com/image/612/612/l1zc6fk0/headphone/t/j/l/-original-imagdffhsbfz743n.jpeg",
        "description": "OPPO Enco M32 Bluetooth Headset",
        "color": "Black, In the Ear",
        "stars": "4.2",
        "reviews": "(15,591)",
        "new-price": "₹1,599",
        "old-price": "₹2,999",
        "discount": "46% off",
        "delivery-type": "Free delivery"
    },
    {
        "image": "https://rukminim2.flixcart.com/image/612/612/ks99aq80/headphone/c/5/n/rock-series-single-bluetooth-headset-with-12-hours-of-call-time-original-imag5v8ymyfjqxpg.jpeg",
        "description": "U&i Rock Series Single Bluetooth Headset with 12 Hours ...",
        "color": "White, True Wireless",
        "stars": "3.4",
        "reviews": "(81)",
        "new-price": "₹499",
        "old-price": "₹1,999",
        "discount": "75% off",
        "delivery-type": "Bank Offer"
    },
    {
        "image": "https://rukminim2.flixcart.com/image/612/612/l0jwbrk0/headphone/w/u/g/2000mah-voice-assistance-led-display-touchpad-tws-earbuds-original-imagcb6pxhjyzwax.jpeg",
        "description": "Microflash (2000mah) Voice Assistance, Led Display & To...",
        "color": "Black, True Wireless",
        "stars": "4.1",
        "reviews": "(150)",
        "new-price": "₹999",
        "old-price": "₹2,499",
        "discount": "60% off",
        "delivery-type": "Free delivery"
    },
    {
        "image": "https://rukminim2.flixcart.com/image/612/612/kw9krrk0/headphone/e/w/c/-original-imag8z6gfvsgchzj.jpeg",
        "description": "Boult Audio Airbass Truebuds Bluetooth Headset",
        "color": "Grey, True Wireless",
        "stars": "3.8",
        "reviews": "(12,382)",
        "new-price": "₹999",
        "old-price": "₹7,999",
        "discount": "87% off",
        "delivery-type": "Free delivery"
    },
    {
        "image": "https://rukminim2.flixcart.com/image/612/612/l15bxjk0/headphone/h/p/w/rma2105-realme-original-imagcsfvjhsygg6x.jpeg",
        "description": "realme Buds Air 3 with Fast Charge & Active Noise Cance...",
        "color": "Starry Blue, True Wireless",
        "stars": "4.2",
        "reviews": "(5,357)",
        "new-price": "₹3,999",
        "old-price": "₹5,999",
        "discount": "33% off",
        "delivery-type": "Free delivery"
    },
    {
        "image": "https://rukminim2.flixcart.com/image/612/612/k5bcscw0pkrrdj/headphone/e/2/8/kluzie-earphone-deep-bass-sound-premium-original-imafg2rhqkfvvmgs.jpeg",
        "description": "Headrick 100% Original Earphone Perfect bass handsfree ...",
        "color": "White, In the Ear",
        "new-price": "₹168",
        "old-price": "₹500",
        "discount": "66% off",
        "delivery-type": "Bank Offer"
    },
    {
        "image": "https://rukminim2.flixcart.com/image/612/612/kh3qkcw0-0/headphone/4/p/z/bassheads-103-boat-original-imafx6sbc2qmsvzt.jpeg",
        "description": "boAt Bassheads 103 Wired Headset",
        "color": "Mint Blue, In the Ear",
        "stars": "4.3",
        "reviews": "(4,99,788)",
        "new-price": "₹499",
        "old-price": "₹1,290",
        "discount": "61% off",
        "delivery-type": "Bank Offer"
    },
    {
        "image": "https://rukminim2.flixcart.com/image/612/612/kar44280/headphone/s/a/q/in-ear-bluetooth-headsets-catbull-original-imafs8ggypx37pzc.jpeg",
        "description": "CatBull In-ear Bluetooth Headset",
        "color": "Black, True Wireless",
        "stars": "3.4",
        "reviews": "(73,714)",
        "new-price": "₹168",
        "old-price": "₹499",
        "discount": "66% off",
        "delivery-type": "Bank Offer"
    },
    {
        "image": "https://rukminim2.flixcart.com/image/612/612/l29c9e80/headphone/h/h/5/nord-buds-oneplus-original-imagdmxba5hjgzxd.jpeg",
        "description": "OnePlus Nord Buds Bluetooth Headset",
        "color": "Black Slate, True Wireless",
        "stars": "4.5",
        "reviews": "(452)",
        "new-price": "₹2,799",
        "old-price": "₹2,999",
        "discount": "6% off"
    },
    {
        "image": "https://rukminim2.flixcart.com/image/612/612/ky7lci80/headphone/e/l/e/at-x80e-bluetooth-truly-wireless-in-ear-earbuds-with-mic-aiwa-original-imagahtp7tvjzrvy.jpeg",
        "description": "Aiwa AT-X80E Bluetooth Truly Wireless in Ear Earbuds wi...",
        "color": "White, True Wireless",
        "new-price": "₹995",
        "old-price": "₹3,350",
        "discount": "70% off",
        "delivery-type": "Free delivery"
    },
    {
        "image": "https://rukminim2.flixcart.com/image/612/612/ksdjma80/headphone/u/4/o/airdopes-131-airdopes-138-boat-original-imag5yzacvxdzu6p.jpeg",
        "description": "boAt Airdopes 131 with upto 15 Hours Playback, 13mm Dri...",
        "color": "Cherry Blossom, True Wireless",
        "stars": "4.1",
        "reviews": "(8,51,053)",
        "new-price": "₹1,299",
        "old-price": "₹2,990",
        "discount": "56% off",
        "delivery-type": "Free delivery"
    },
    {
        "image": "https://rukminim2.flixcart.com/image/612/612/kbzergw0/headphone/q/j/f/ydjc01jy-mi-original-imaft7gypyfhhpjr.jpeg",
        "description": "Mi Basic Wired Headset",
        "color": "Blue, Black, In the Ear",
        "stars": "4.3",
        "reviews": "(7,30,292)",
        "new-price": "₹429",
        "old-price": "₹599",
        "discount": "28% off",
        "delivery-type": "Bank Offer"
    },
    {
        "image": "https://rukminim2.flixcart.com/image/612/612/kura1e80/headphone/4/q/c/eti81-eti82-oppo-original-imag7szsu66kqugv.jpeg",
        "description": "OPPO Enco Buds With 24 hours Battery Life Bluetooth Hea...",
        "color": "Blue, True Wireless",
        "stars": "4.2",
        "reviews": "(61,656)",
        "new-price": "₹1,799",
        "old-price": "₹3,999",
        "discount": "55% off",
        "delivery-type": "Free delivery"
    },
    {
        "image": "https://rukminim2.flixcart.com/image/612/612/l16rde80/headphone/p/i/j/storm-4-true-wireless-ear-buds-with-upto-120-hours-playtime-bv5-original-imagct6ufnth2ebx.jpeg",
        "description": "Boston Levin Storm 4 True Wireless Ear Buds with Upto 1...",
        "color": "Black, True Wireless",
        "stars": "3.7",
        "reviews": "(6)",
        "new-price": "₹1,699",
        "old-price": "₹7,999",
        "discount": "78% off",
        "delivery-type": "Free delivery"
    },
    {
        "image": "https://rukminim2.flixcart.com/image/612/612/l26hdow0/headphone/g/2/j/nord-buds-oneplus-original-imagdkhgdvwgugx5.jpeg",
        "description": "OnePlus Nord Buds Bluetooth Headset",
        "color": "White Marble, True Wireless",
        "stars": "4.5",
        "reviews": "(452)",
        "new-price": "₹2,799",
        "old-price": "₹2,999",
        "discount": "6% off",
        "delivery-type": "Free delivery"
    },
    {
        "image": "https://rukminim2.flixcart.com/image/612/612/l1xwqkw0/headphone/n/c/w/-original-imagddshbh6jhbnt.jpeg",
        "description": "OPPO Enco M32 Bluetooth Headset",
        "color": "Green, In the Ear",
        "stars": "4.2",
        "reviews": "(15,591)",
        "new-price": "₹1,599",
        "old-price": "₹2,999",
        "discount": "46% off",
        "delivery-type": "Free delivery"
    },
    {
        "image": "https://rukminim2.flixcart.com/image/612/612/kxqg2a80/headphone/t/0/1/-original-imaga4m7bc96fyrb.jpeg",
        "description": "Boult Audio AirBass Y1 TWS Earbuds, 40H Playtime, Fast ...",
        "color": "White, True Wireless",
        "stars": "4.1",
        "reviews": "(10,479)",
        "new-price": "₹1,499",
        "old-price": "₹5,499",
        "discount": "72% off"
    },
    {
        "image": "https://rukminim2.flixcart.com/image/612/612/krkyt8w0/headphone/a/j/c/b097-truke-original-imag5cf7866egnxp.jpeg",
        "description": "truke Fit1+ with 48Hrs Playtime | 10mm drivers with AAC...",
        "color": "Blue, True Wireless",
        "stars": "3.9",
        "reviews": "(42,370)",
        "new-price": "₹899",
        "old-price": "₹2,799",
        "discount": "67% off",
        "delivery-type": "Free delivery"
    },
    {
        "image": "https://rukminim2.flixcart.com/image/612/612/kziqvm80/headphone/p/i/o/grand-with-power-bank-function-upto-75-hours-playtime-hoppup-original-imagbgdxxw55pgar.jpeg",
        "description": "HOPPUP GRAND With Power Bank Function & Upto 75 Hours P...",
        "color": "Black, True Wireless",
        "stars": "3.9",
        "reviews": "(7,448)",
        "new-price": "₹799",
        "old-price": "₹2,999",
        "discount": "73% off",
        "delivery-type": "Free delivery"
    },
    {
        "image": "https://rukminim2.flixcart.com/image/612/612/ksdjma80/headphone/p/8/k/airdopes-131-boat-original-imag5yzavdqcub9r.jpeg",
        "description": "boAt Airdopes 131 with upto 15 Hours Playback, 13mm Dri...",
        "color": "Viper Green, In the Ear",
        "stars": "4.1",
        "reviews": "(8,51,053)",
        "new-price": "₹1,299",
        "old-price": "₹2,990",
        "discount": "56% off",
        "delivery-type": "Free delivery"
    },
    {
        "image": "https://rukminim2.flixcart.com/image/612/612/kura1e80/headphone/d/e/s/eti81-eti82-oppo-original-imag7szs9dcxyrhs.jpeg",
        "description": "OPPO Enco Buds With 24 hours Battery Life Bluetooth Hea...",
        "color": "White, True Wireless",
        "stars": "4.2",
        "reviews": "(61,656)",
        "new-price": "₹1,799",
        "old-price": "₹3,999",
        "discount": "55% off",
        "delivery-type": "Free delivery"
    },
    {
        "image": "https://rukminim2.flixcart.com/image/612/612/kxnl6kw0/headphone/r/y/8/airjams-gamex-bluetooth-5-2-gaming-headphone-wireless-earbuds-original-imaga2agx53gvgxx.jpeg",
        "description": "FUR JADEN AirJams GameX Bluetooth 5.2 Gaming Headphone ...",
        "color": "Black, True Wireless",
        "stars": "4.1",
        "reviews": "(1,353)",
        "new-price": "₹1,299",
        "old-price": "₹3,000",
        "discount": "56% off",
        "delivery-type": "Free delivery"
    },
    {
        "image": "https://rukminim2.flixcart.com/image/612/612/kvjuufk0/headphone/y/k/e/-original-imag8f6g8fbd3ry2.jpeg",
        "description": "boAt Airdopes 402 Bluetooth Headset",
        "color": "Active Black, True Wireless",
        "stars": "3.9",
        "reviews": "(2,36,698)",
        "new-price": "₹1,799",
        "old-price": "₹5,990",
        "discount": "69% off",
        "delivery-type": "Free delivery"
    },
    {
        "image": "https://rukminim2.flixcart.com/image/612/612/l27wtjk0/headphone/u/7/2/t-2-tws-with-power-bank-hq-digiclues-original-imagdhw5hxrpgfty.jpeg",
        "description": "DigiClues T-2 TWS With Power-Bank HQ Bluetooth Headset",
        "color": "Black, True Wireless",
        "stars": "3.8",
        "reviews": "(188)",
        "new-price": "₹999",
        "old-price": "₹3,999",
        "discount": "75% off",
        "delivery-type": "Free delivery"
    },
    {
        "image": "https://rukminim2.flixcart.com/image/612/612/l1l1rww0/headphone/7/5/g/-original-imagd3xdgq9q5k6f.jpeg",
        "description": "boAt Airdopes 115 with ENx & Beast Mode, upto 24 Hrs Pl...",
        "color": "Raging Red, True Wireless",
        "stars": "4",
        "reviews": "(4,059)",
        "new-price": "₹1,399",
        "old-price": "₹2,990",
        "discount": "53% off",
        "delivery-type": "Free delivery"
    },
    {
        "image": "https://rukminim2.flixcart.com/image/612/612/l186t8w0/headphone/g/f/o/magnet-k1-i7-pack3-bluetooth-headset-without-mic-black-white-in-original-imagcu5ueuka4pyr.jpeg",
        "description": "FIER MAGNET-K1-I7 Pack of 3 Bluetooth Bluetooth Headset...",
        "color": "Black, White, In the Ear",
        "stars": "3.6",
        "reviews": "(1,889)",
        "new-price": "₹445",
        "old-price": "₹1,999",
        "discount": "77% off",
        "delivery-type": "Free delivery"
    },
    {
        "image": "https://rukminim2.flixcart.com/image/612/612/l1dwknk0/headphone/t/4/n/-original-imagcyma7kzg97xr.jpeg",
        "description": "Noise Buds VS102 Truly Wireless Bluetooth Headset",
        "color": "Pearl White, True Wireless",
        "stars": "4.1",
        "reviews": "(69,205)",
        "new-price": "₹1,099",
        "old-price": "₹2,999",
        "discount": "63% off",
        "delivery-type": "Free delivery"
    },
    {
        "image": "https://rukminim2.flixcart.com/image/612/612/kl6wx3k0/headphone/6/t/b/pods-true-wireless-with-portable-charging-case-sensor-touch-nkl-original-imagydjgahuk4qdz.jpeg",
        "description": "MASOORI Headset11 5.0 P With Mic Bluetooth Headset Blue...",
        "color": "White, True Wireless",
        "stars": "3.7",
        "reviews": "(320)",
        "new-price": "₹399",
        "old-price": "₹1,999",
        "discount": "80% off",
        "delivery-type": "Free delivery"
    },
    {
        "image": "https://rukminim2.flixcart.com/image/612/612/l1dwknk0/headphone/g/z/n/-original-imagcymasb9kxfsy.jpeg",
        "description": "Noise Buds VS102 Truly Wireless Bluetooth Headset",
        "color": "Jet Black, True Wireless",
        "stars": "4.1",
        "reviews": "(69,205)",
        "new-price": "₹1,099",
        "old-price": "₹2,999",
        "discount": "63% off"
    },
    {
        "image": "https://rukminim2.flixcart.com/image/612/612/kar44280/headphone/s/a/q/in-ear-bluetooth-headsets-catbull-original-imafs8ggypx37pzc.jpeg",
        "description": "CatBull In-ear Bluetooth Headsets Bluetooth Headset",
        "color": "Black, True Wireless",
        "stars": "3.5",
        "reviews": "(26,681)",
        "new-price": "₹167",
        "old-price": "₹699",
        "discount": "76% off",
        "delivery-type": "Bank Offer"
    },
    {
        "image": "https://rukminim2.flixcart.com/image/612/612/ksdjma80/headphone/a/u/p/airdopes-131-airdopes-138-boat-original-imag5yz9sfz9bzq8.jpeg",
        "description": "boAt Airdopes 131 with upto 15 Hours Playback, 13mm Dri...",
        "color": "Midnight Blue, True Wireless",
        "stars": "4.1",
        "reviews": "(8,51,053)",
        "new-price": "₹1,299",
        "old-price": "₹2,990",
        "discount": "56% off",
        "delivery-type": "Free delivery"
    },
    {
        "image": "https://rukminim2.flixcart.com/image/612/612/keq058w0-0/headphone/1/l/g/bassheads-242-boat-original-imafvcfg7zepvqps.jpeg",
        "description": "boAt Bassheads 242 Wired Headset",
        "color": "Red, In the Ear",
        "stars": "4.3",
        "reviews": "(4,66,185)",
        "new-price": "₹499",
        "old-price": "₹1,490",
        "discount": "66% off",
        "delivery-type": "Bank Offer"
    },
    {
        "image": "https://rukminim2.flixcart.com/image/612/612/kdj4xow0-0/headphone/t/c/r/gp-321-champ-earphone-ubon-original-imafuf7pppfqtbs5.jpeg",
        "description": "Ubon GP-321 Champ Earphone Wired Headset",
        "color": "Black, In the Ear",
        "stars": "3.8",
        "reviews": "(1,930)",
        "new-price": "₹179",
        "old-price": "₹249",
        "discount": "28% off",
        "delivery-type": "Free delivery"
    },
    {
        "image": "https://rukminim2.flixcart.com/image/612/612/knan98w0/headphone/x/l/s/381-with-asap-charge-microphone-v5-0-10-hrs-battery-backup-original-imag2ycy2nqzkczn.jpeg",
        "description": "Mytrack 381 With ASAP Charge Microphone V5.0 10 hrs Bat...",
        "color": "Black, True Wireless",
        "stars": "3.7",
        "reviews": "(737)",
        "new-price": "₹799",
        "old-price": "₹3,495",
        "discount": "77% off",
        "delivery-type": "Free delivery"
    },
    {
        "image": "https://rukminim2.flixcart.com/image/612/612/kk1h5e80/headphone/k/o/8/rma2003-realme-original-imafzh4g9cmfefgm.jpeg",
        "description": "realme Buds Air 2 with Active Noise Cancellation (ANC) ...",
        "color": "Closer Black, True Wireless",
        "stars": "4.1",
        "reviews": "(1,11,713)",
        "new-price": "₹2,999",
        "old-price": "₹4,999",
        "discount": "40% off",
        "delivery-type": "Free delivery"
    },
    {
        "image": "https://rukminim2.flixcart.com/image/612/612/ksdjma80/headphone/q/u/f/airdopes-131-boat-original-imag5yz95hccezzd.jpeg",
        "description": "boAt Airdopes 131 with upto 15 Hours Playback, 13mm Dri...",
        "color": "Crimson Cream, In the Ear",
        "stars": "4.1",
        "reviews": "(8,51,053)",
        "new-price": "₹1,299",
        "old-price": "₹2,990",
        "discount": "56% off",
        "delivery-type": "Free delivery"
    },
    {
        "image": "https://rukminim2.flixcart.com/image/612/612/krayqa80/headphone/l/i/r/rma2010-realme-original-imag54eybt7meu7r.jpeg",
        "description": "realme Buds Q2 Neo with Environment Noise Cancellation ...",
        "color": "Blue, True Wireless",
        "stars": "4",
        "reviews": "(1,03,310)",
        "new-price": "₹1,599",
        "old-price": "₹2,499",
        "discount": "36% off",
        "delivery-type": "Free delivery"
    },
    {
        "image": "https://rukminim2.flixcart.com/image/612/612/ktn9pjk0/headphone/d/y/k/s21-truke-original-imag6y8swhtygkyh.jpeg",
        "description": "truke Buds S1 with Quad Mic ENC | 72Hrs Playtime | Slid...",
        "color": "Blue, True Wireless",
        "stars": "4",
        "reviews": "(34,977)",
        "new-price": "₹1,399",
        "old-price": "₹3,999",
        "discount": "65% off",
        "delivery-type": "Free delivery"
    },
    {
        "image": "https://rukminim2.flixcart.com/image/612/612/ky90scw0/headphone/o/k/a/freesolo-x3-bluetooth-gaming-earbuds-with-60ms-low-latency-30-original-imagagyyqgqjze3g.jpeg",
        "description": "WeCool Freesolo x3 Bluetooth Gaming Earbuds Bluetooth H...",
        "color": "Black, True Wireless",
        "stars": "4.2",
        "reviews": "(2,076)",
        "new-price": "₹1,199",
        "old-price": "₹4,999",
        "discount": "76% off",
        "delivery-type": "Free delivery"
    },
    {
        "image": "https://rukminim2.flixcart.com/image/612/612/keq058w0-0/headphone/s/e/l/bassheads-242-boat-original-imafvcfgxhfysyhh.jpeg",
        "description": "boAt Bassheads 242 Wired Headset",
        "color": "Blue, In the Ear",
        "stars": "4.3",
        "reviews": "(4,66,185)",
        "new-price": "₹499",
        "old-price": "₹1,490",
        "discount": "66% off",
        "delivery-type": "Bank Offer"
    },
    {
        "image": "https://rukminim2.flixcart.com/image/612/612/ksdjma80/headphone/w/c/f/airdopes-381-airdopes-383-boat-original-imag5ygavs8eryqw.jpeg",
        "description": "boAt Airdopes 381 with ASAP charge Bluetooth Headset",
        "color": "Active Black, True Wireless",
        "stars": "3.9",
        "reviews": "(2,26,594)",
        "new-price": "₹2,199",
        "old-price": "₹4,990",
        "discount": "55% off",
        "delivery-type": "Free delivery"
    },
    {
        "image": "https://rukminim2.flixcart.com/image/612/612/l05lx8w0/headphone/g/n/y/-original-imagcyjmh3abykcy.jpeg",
        "description": "Jabra Elite 7 Active with ShakeGrip active fit and Wate...",
        "color": "Navy, True Wireless",
        "stars": "4.1",
        "reviews": "(14)",
        "new-price": "₹9,999",
        "old-price": "₹15,999",
        "discount": "37% off",
        "delivery-type": "Free delivery"
    },
    {
        "image": "https://rukminim2.flixcart.com/image/612/612/l15bxjk0/headphone/a/n/u/sync-with-bluetooth-5-1-type-c-fast-charging-hoppup-original-imagcrt7jxfgdfyh.jpeg",
        "description": "HOPPUP SYNC with Bluetooth 5.1 & Type C Fast Charging B...",
        "color": "Black, True Wireless",
        "stars": "4",
        "reviews": "(1,834)",
        "new-price": "₹699",
        "old-price": "₹1,499",
        "discount": "53% off",
        "delivery-type": "Free delivery"
    },
    {
        "image": "https://rukminim2.flixcart.com/image/612/612/l0pm3680/headphone/r/m/6/-original-imagcfktmstgpybw.jpeg",
        "description": "Boult Audio Bass Buds StormX Wired Headset",
        "color": "Grey, In the Ear",
        "stars": "3.9",
        "reviews": "(34,136)",
        "new-price": "₹299",
        "old-price": "₹999",
        "discount": "70% off",
        "delivery-type": "Free delivery"
    },
    {
        "image": "https://rukminim2.flixcart.com/image/612/612/kn3i1zk0/headphone/b/p/f/b097-truke-original-imagfukbrmg3uyde.jpeg",
        "description": "truke Fit1+ with 48Hrs Playtime | 10mm drivers with AAC...",
        "color": "Black, True Wireless",
        "stars": "3.9",
        "reviews": "(42,370)",
        "new-price": "₹899",
        "old-price": "₹2,799",
        "discount": "67% off",
        "delivery-type": "Free delivery"
    },
    {
        "image": "https://rukminim2.flixcart.com/image/612/612/kz8qsnk0/headphone/p/r/w/military-series-true-wireless-headset-with-20-hours-battery-original-imagbammmeqzbsgh.jpeg",
        "description": "U&i Military Series True Wireless Headset with 20 Hours...",
        "color": "Dark Green, True Wireless",
        "stars": "4.1",
        "reviews": "(31)",
        "new-price": "₹1,089",
        "old-price": "₹2,999",
        "discount": "63% off",
        "delivery-type": "Free delivery"
    },
    {
        "image": "https://rukminim2.flixcart.com/image/612/612/l0sgyvk0/headphone/j/v/o/-original-imagcg3rfdfcfh2v.jpeg",
        "description": "OPPO Enco Air 2 With 13.4 dynamic driver Bluetooth Head...",
        "color": "White, True Wireless",
        "stars": "4.1",
        "reviews": "(1,872)",
        "new-price": "₹1,999",
        "old-price": "₹3,990",
        "discount": "49% off",
        "delivery-type": "Free delivery"
    },
    {
        "image": "https://rukminim2.flixcart.com/image/612/612/kmwcuq80/headphone/h/d/k/e21-truke-original-imagfp8fbsz6qbgx.jpeg",
        "description": "truke Buds Q1 with Quad Mic ENC | 48Hrs Playtime | 10mm...",
        "color": "Black, True Wireless",
        "stars": "4",
        "reviews": "(41,873)",
        "new-price": "₹1,199",
        "old-price": "₹3,499",
        "discount": "65% off",
        "delivery-type": "Free delivery"
    },
    {
        "image": "https://rukminim2.flixcart.com/image/612/612/l186t8w0/headphone/g/f/o/magnet-k1-i7-pack3-bluetooth-headset-without-mic-black-white-in-original-imagcu5ueuka4pyr.jpeg",
        "description": "FIER MAGNET-K1-I7 Pack of 3 Bluetooth Bluetooth Headset...",
        "color": "Black, White, In the Ear",
        "stars": "3.6",
        "reviews": "(1,889)",
        "new-price": "₹445",
        "old-price": "₹1,999",
        "discount": "77% off",
        "delivery-type": "Free delivery"
    },
    {
        "image": "https://rukminim2.flixcart.com/image/612/612/l1dwknk0/headphone/o/l/b/-original-imagcye9whgfbhna.jpeg",
        "description": "Boult Audio Airbass XPods Pro with 20 hrs Playtime, Typ...",
        "color": "Black, True Wireless",
        "stars": "3.7",
        "reviews": "(3,301)",
        "new-price": "₹1,299",
        "old-price": "₹5,999",
        "discount": "78% off",
        "delivery-type": "Free delivery"
    },
    {
        "image": "https://rukminim2.flixcart.com/image/612/612/kt0enww0/headphone/q/8/9/rma2008-realme-original-imag6ge7xabedfhg.jpeg",
        "description": "realme Buds Q2 with Active Noise Cancellation Bluetooth...",
        "color": "Black, In the Ear",
        "stars": "4",
        "reviews": "(10,860)",
        "new-price": "₹1,999",
        "old-price": "₹3,499",
        "discount": "42% off",
        "delivery-type": "Free delivery"
    },
    {
        "image": "https://rukminim2.flixcart.com/image/612/612/l12h1u80/headphone/q/s/m/-original-imagcpt573zcxx2q.jpeg",
        "description": "OPPO Enco Air 2 With 13.4 dynamic driver Bluetooth Head...",
        "color": "Blue, True Wireless",
        "stars": "4.1",
        "reviews": "(1,872)",
        "new-price": "₹1,999",
        "old-price": "₹3,990",
        "discount": "49% off",
        "delivery-type": "Free delivery"
    },
    {
        "image": "https://rukminim2.flixcart.com/image/612/612/kn97te80/headphone/h/d/h/moonwalk-mini-in-ear-true-wireless-bluetooth-earbuds-with-mic-original-imagfz6wme6stkgu.jpeg",
        "description": "WeCool Moonwalk Mini in ear Bluetooth Earbuds with 16 h...",
        "color": "Black, True Wireless",
        "stars": "3.9",
        "reviews": "(23,304)",
        "new-price": "₹699",
        "old-price": "₹1,999",
        "discount": "65% off",
        "delivery-type": "Free delivery"
    },
    {
        "image": "https://rukminim2.flixcart.com/image/612/612/ksaoqkw0/headphone/m/4/i/bassbuds-dope-true-wireless-v5-0-bluetooth-earbuds-enter-go-original-imag5wfdb7dhtyyy.jpeg",
        "description": "Enter Go BASSBUDS Dope true wireless v5.0 Bluetooth EAR...",
        "color": "Black, True Wireless",
        "new-price": "₹949",
        "old-price": "₹1,495",
        "discount": "36% off",
        "delivery-type": "Free delivery"
    },
    {
        "image": "https://rukminim2.flixcart.com/image/612/612/keq058w0-0/headphone/x/m/c/bassheads-242-boat-original-imafvcfhytrasrhe.jpeg",
        "description": "boAt Bassheads 242 Wired Headset",
        "color": "Neon Green, In the Ear",
        "stars": "4.3",
        "reviews": "(4,66,185)",
        "new-price": "₹499",
        "old-price": "₹1,490",
        "discount": "66% off",
        "delivery-type": "Bank Offer"
    },
    {
        "image": "https://rukminim2.flixcart.com/image/612/612/kmxsakw0/audioplayer/s/t/f/a6s-tws-bluetooth-earbuds-bluetooth-headset-mp3-player-grostar-original-imagfqf4xfvzehve.jpeg",
        "description": "Grostar TWS A6S ear buds True Wireless A6S Bluetooth (B...",
        "color": "Black, True Wireless",
        "stars": "3.5",
        "reviews": "(1,700)",
        "new-price": "₹499",
        "old-price": "₹1,999",
        "discount": "75% off",
        "delivery-type": "Free delivery"
    },
    {
        "image": "https://rukminim2.flixcart.com/image/612/612/ku5ufm80/headphone/4/d/t/led-display-tws-earbuds-royalrich-original-imag7cgdq4sfzymc.jpeg",
        "description": "RoyalRich Voice Assistant, With Touch Pad Funtion LED D...",
        "color": "Black, True Wireless",
        "stars": "4",
        "reviews": "(821)",
        "new-price": "₹949",
        "old-price": "₹2,499",
        "discount": "62% off",
        "delivery-type": "Free delivery"
    },
    {
        "image": "https://rukminim2.flixcart.com/image/612/612/kg5fzww0-0/headphone/v/8/j/portable-bassbud-majestic-wireless-bluetooth-headphone-enter-go-original-imafwgftrvffjtqc.jpeg",
        "description": "Enter Go Portable Bassbud Majestic Wireless Bluetooth H...",
        "color": "Black, True Wireless",
        "stars": "3.3",
        "reviews": "(3)",
        "new-price": "₹970",
        "old-price": "₹1,995",
        "discount": "51% off",
        "delivery-type": "Free delivery"
    },
    {
        "image": "https://rukminim2.flixcart.com/image/612/612/kv5kfww0/headphone/g/3/z/tws-blutooth-headset-with-mic-and-touch-plus-shine-original-imag84dmxh5qg8wx.jpeg",
        "description": "Plus Shine Tws Blutooth headset with Mic and Touch Blue...",
        "color": "White, True Wireless",
        "stars": "3.4",
        "reviews": "(2,418)",
        "new-price": "₹331",
        "old-price": "₹1,999",
        "discount": "83% off",
        "delivery-type": "Free delivery"
    },
    {
        "image": "https://rukminim2.flixcart.com/image/612/612/l1dwknk0/headphone/j/d/y/-original-imagcyzhybgpe3yn.jpeg",
        "description": "realme Buds Air 3 with Fast Charge & Active Noise Cance...",
        "color": "Galaxy White, True Wireless",
        "stars": "4.2",
        "reviews": "(5,357)",
        "new-price": "₹3,999",
        "old-price": "₹5,999",
        "discount": "33% off",
        "delivery-type": "Free delivery"
    },
    {
        "image": "https://rukminim2.flixcart.com/image/612/612/kwv0djk0/headphone/4/x/s/-original-imag9g44yx95cud2.jpeg",
        "description": "Nothing ear (1) Bluetooth Headset",
        "color": "Black, True Wireless",
        "stars": "4.3",
        "reviews": "(5,712)",
        "new-price": "₹5,999",
        "old-price": "₹8,499",
        "discount": "29% off",
        "delivery-type": "Free delivery"
    },
    {
        "image": "https://rukminim2.flixcart.com/image/612/612/kql8sy80/headphone/o/y/7/i12-tws-with-charging-case-wireless-bluetooth-headset-royal-scot-original-imag4jvje7pgr4a9.jpeg",
        "description": "ROYAL SCOT GREY i12 TWS with Charging Case Wireless Blu...",
        "color": "White, True Wireless",
        "stars": "3.3",
        "reviews": "(1,107)",
        "new-price": "₹474",
        "old-price": "₹1,199",
        "discount": "60% off",
        "delivery-type": "Free delivery"
    },
    {
        "image": "https://rukminim2.flixcart.com/image/612/612/kyhlfgw0/headphone/g/j/d/buds-z2-truly-wireless-earbuds-oneplus-original-imagapfcp38gzydz.jpeg",
        "description": "OnePlus Buds Z2 with Active Noise cancellation Bluetoot...",
        "color": "Obsidian Black, In the Ear",
        "stars": "4.2",
        "reviews": "(9,823)",
        "new-price": "₹4,999",
        "old-price": "₹5,999",
        "discount": "16% off"
    },
    {
        "image": "https://rukminim2.flixcart.com/image/612/612/ktszgy80/headphone/i/t/w/airbass-gearpods-boult-audio-original-imag72hmzxqm9xxs.jpeg",
        "description": "Boult Audio AirBass GearPods with 32H Playtime Bluetoot...",
        "color": "Black, True Wireless",
        "stars": "3.7",
        "reviews": "(42,327)",
        "new-price": "₹1,499",
        "old-price": "₹5,999",
        "discount": "75% off",
        "delivery-type": "Free delivery"
    },
    {
        "image": "https://rukminim2.flixcart.com/image/612/612/kw9krrk0/headphone/v/k/x/-original-imag8z6gjjnctgqt.jpeg",
        "description": "Boult Audio AirBass Xpods TWS Earbuds with 20H Playtime...",
        "color": "Black, True Wireless",
        "stars": "3.9",
        "reviews": "(67,782)",
        "new-price": "₹1,299",
        "old-price": "₹4,999",
        "discount": "74% off",
        "delivery-type": "Free delivery"
    },
    {
        "image": "https://rukminim2.flixcart.com/image/612/612/kp78e4w0/headphone/9/d/p/airplay-tws-buds-with-digital-display-ipx5-callmate-original-imag3hstwazfgyx9.jpeg",
        "description": "Callmate AirPlay (TWS Buds) With Digital Display | IPX5...",
        "color": "Black, True Wireless",
        "stars": "3.4",
        "reviews": "(376)",
        "new-price": "₹901",
        "old-price": "₹2,499",
        "discount": "63% off",
        "delivery-type": "Free delivery"
    }
]