[
    {
        "image": "https://rukminim2.flixcart.com/image/612/612/kar44280/headphone/s/a/q/in-ear-bluetooth-headsets-catbull-original-imafs8ggypx37pzc.jpeg",
        "description": "CatBull In-ear Bluetooth Headset",
        "color": "Black, True Wireless",
        "stars": "3.4",
        "reviews": "(73,714)",
        "new-price": "₹168",
        "old-price": "₹499",
        "discount": "66% off",
        "delivery-type": "Bank Offer"
    },
    {
        "image": "https://rukminim2.flixcart.com/image/612/612/kws5hu80/headphone/j/w/c/buds-wireless-with-24-hours-music-playback-bluetooth-headset-original-imag9dvyvfhwhqqj.jpeg",
        "description": "CatBull Buds Wireless With 24 Hours Music Playback Blue...",
        "color": "Black, True Wireless",
        "stars": "3.2",
        "reviews": "(1,820)",
        "new-price": "₹279",
        "old-price": "₹899",
        "discount": "68% off",
        "delivery-type": "Bank Offer"
    },
    {
        "image": "https://rukminim2.flixcart.com/image/612/612/kv2pk7k0/headphone/l/g/p/nb119b-40-hours-playtime-with-superior-sound-neckband-aroma-original-imag828sgv7wmsb6.jpeg",
        "description": "Aroma NB119B Badshah - 40 Hours Playtime Bluetooth Neck...",
        "color": "Black, In the Ear",
        "stars": "4",
        "reviews": "(85,187)",
        "new-price": "₹379",
        "old-price": "₹1,499",
        "discount": "74% off",
        "delivery-type": "Free delivery"
    },
    {
        "image": "https://rukminim2.flixcart.com/image/612/612/l0sgyvk0/headphone/e/w/c/buds-z2-oneplus-original-imagcg5gfpcg5ndv.jpeg",
        "description": "OnePlus Bullets Wireless Z2 with Fast Charge, 30 Hrs Ba...",
        "color": "Magico Black, In the Ear",
        "stars": "4.2",
        "reviews": "(21,641)",
        "new-price": "₹1,999",
        "old-price": "₹2,299",
        "discount": "13% off",
        "delivery-type": "Free delivery"
    },
    {
        "image": "https://rukminim2.flixcart.com/image/612/612/kd1zngw0/headphone/v/k/n/tws-l21-mini-wireless-bluetooth-headset-earphone-dayneo-original-imafuf4ffbvgxckc.jpeg",
        "description": "DAYNEO TwsL21 Mini Wireless Bluetooth Headset / Earphon...",
        "color": "Black, True Wireless",
        "stars": "3.7",
        "reviews": "(8,317)",
        "new-price": "₹499",
        "old-price": "₹1,999",
        "discount": "75% off",
        "delivery-type": "Free delivery"
    },
    {
        "image": "https://rukminim2.flixcart.com/image/612/612/kuof5ow0/headphone/g/x/n/nb119-titanium-48-hours-bluetooth-neckband-aroma-original-imag7qvc7tw4yfwe.jpeg",
        "description": "Aroma NB119 Titanium - 48 Hours Playtime Bluetooth Neck...",
        "color": "Blue, In the Ear",
        "stars": "4.1",
        "reviews": "(50,951)",
        "new-price": "₹499",
        "old-price": "₹2,499",
        "discount": "80% off",
        "delivery-type": "Free delivery"
    },
    {
        "image": "https://rukminim2.flixcart.com/image/612/612/ksqeky80/headphone/x/r/m/rma2011-realme-original-imag68fe7xdnavuh.jpeg",
        "description": "realme Buds Wireless 2 Neo with Type-C Fast Charge & Ba...",
        "color": "Blue, In the Ear",
        "stars": "4.2",
        "reviews": "(1,31,337)",
        "new-price": "₹1,299",
        "old-price": "₹2,499",
        "discount": "48% off",
        "delivery-type": "Free delivery"
    },
    {
        "image": "https://rukminim2.flixcart.com/image/612/612/kn97te80/headphone/h/d/h/moonwalk-mini-in-ear-true-wireless-bluetooth-earbuds-with-mic-original-imagfz6wme6stkgu.jpeg",
        "description": "WeCool Moonwalk Mini in ear Bluetooth Earbuds with 16 h...",
        "color": "Black, True Wireless",
        "stars": "3.9",
        "reviews": "(23,304)",
        "new-price": "₹699",
        "old-price": "₹1,999",
        "discount": "65% off",
        "delivery-type": "Free delivery"
    },
    {
        "image": "https://rukminim2.flixcart.com/image/612/612/kthjy4w0/headphone/u/u/r/i12s-ma05-plus-shine-original-imag6tkj5eewhqwj.jpeg",
        "description": "Plus Shine i12s_MA05 Bluetooth Headset",
        "color": "White, True Wireless",
        "stars": "3.7",
        "reviews": "(4,917)",
        "new-price": "₹356",
        "old-price": "₹1,599",
        "discount": "77% off",
        "delivery-type": "Free delivery"
    },
    {
        "image": "https://rukminim2.flixcart.com/image/612/612/kskotjk0/headphone/p/c/b/nb120-tehalka-28-hours-playtime-neckband-aroma-original-imag6444my9aegkg.jpeg",
        "description": "Aroma NB120 Tehalka - 28 Hours Playtime Bluetooth Neckb...",
        "color": "Black, In the Ear",
        "stars": "3.9",
        "reviews": "(48,185)",
        "new-price": "₹329",
        "old-price": "₹1,999",
        "discount": "83% off",
        "delivery-type": "Free delivery"
    },
    {
        "image": "https://rukminim2.flixcart.com/image/612/612/ktvucnk0/headphone/q/o/9/air-buds-mini-truly-wireless-noise-original-imag74hycpspckgk.jpeg",
        "description": "Noise Air Buds Mini Truly Wireless Bluetooth Headset",
        "color": "Pearl White, True Wireless",
        "stars": "3.9",
        "reviews": "(1,28,904)",
        "new-price": "₹1,299",
        "old-price": "₹2,999",
        "discount": "56% off",
        "delivery-type": "Free delivery"
    },
    {
        "image": "https://rukminim2.flixcart.com/image/612/612/ks4yz680/headphone/r/t/5/pasta-series-extra-bass-wired-earphone-with-mic-u-i-original-imag5rxn2qdaqtne.jpeg",
        "description": "U&i Pasta Series Extra Bass Wired Earphone with Mic Wir...",
        "color": "Brown, In the Ear",
        "stars": "3.7",
        "reviews": "(1,547)",
        "new-price": "₹189",
        "old-price": "₹449",
        "discount": "57% off",
        "delivery-type": "Free delivery"
    },
    {
        "image": "https://rukminim2.flixcart.com/image/612/612/l0sgyvk0/headphone/m/b/c/buds-z2-oneplus-original-imagcg5stg9fzes6.jpeg",
        "description": "OnePlus Bullets Wireless Z2 Bluetooth Headset",
        "color": "Beam Blue, In the Ear",
        "stars": "4.2",
        "reviews": "(21,641)",
        "new-price": "₹1,999",
        "old-price": "₹2,299",
        "discount": "13% off",
        "delivery-type": "Free delivery"
    },
    {
        "image": "https://rukminim2.flixcart.com/image/612/612/k20r8nk0/headphone/7/w/c/realme-buds-2-original-imafhgrckbygsyrk.jpeg",
        "description": "realme Buds 2 Wired Headset",
        "color": "Black, In the Ear",
        "stars": "4.3",
        "reviews": "(6,03,493)",
        "new-price": "₹549",
        "old-price": "₹799",
        "discount": "31% off",
        "delivery-type": "Free delivery"
    },
    {
        "image": "https://rukminim2.flixcart.com/image/612/612/l0r1j0w0/headphone/c/t/u/tws-twins-wireless-bluetooth-earphone-with-mic-headphone-original-imagch3amg56htfh.jpeg",
        "description": "Grostar TWS Twins Wireless Bluetooth Earphone with Mic ...",
        "color": "White, In the Ear",
        "stars": "3.4",
        "reviews": "(5,829)",
        "new-price": "₹302",
        "old-price": "₹999",
        "discount": "69% off",
        "delivery-type": "Free delivery"
    },
    {
        "image": "https://rukminim2.flixcart.com/image/612/612/l1jmc280/headphone/e/4/m/air-tune-buds-true-wireless-bluetooth-headset-xtune-avlokan-original-imagd32zhd2ykwjs.jpeg",
        "description": "Avlokan I12 (Buds) True wireless Bluetooth headset XTUN...",
        "color": "Black, True Wireless",
        "stars": "3.6",
        "reviews": "(11,975)",
        "new-price": "₹399",
        "old-price": "₹1,299",
        "discount": "69% off",
        "delivery-type": "Free delivery"
    },
    {
        "image": "https://rukminim2.flixcart.com/image/612/612/kxhvf680/headphone/g/3/e/fire-500v2-neckband-hi-bass-wireless-bluetooth-headphone-original-imag9x6r55mzmety.jpeg",
        "description": "TECHFIRE Fire 500v2 Neckband hi-bass Wireless Bluetooth...",
        "color": "Black, In the Ear",
        "stars": "4",
        "reviews": "(23,029)",
        "new-price": "₹399",
        "old-price": "₹3,850",
        "discount": "89% off",
        "delivery-type": "Free delivery"
    },
    {
        "image": "https://rukminim2.flixcart.com/image/612/612/kj0bp8w0-0/headphone/l/j/0/bassheads-103-black-boat-original-imafyz3wqtqfzzwd.jpeg",
        "description": "boAt Bassheads 103 Black Wired Headset",
        "color": "Black, In the Ear",
        "stars": "4.3",
        "reviews": "(4,99,788)",
        "new-price": "₹399",
        "old-price": "₹1,290",
        "discount": "69% off",
        "delivery-type": "Bank Offer"
    },
    {
        "image": "https://rukminim2.flixcart.com/image/612/612/kxhvf680/headphone/m/h/p/fire-500v2-neckband-hi-bass-wireless-bluetooth-headphone-original-imag9x6ukjhhp9cc.jpeg",
        "description": "TECHFIRE Fire 500v2 Neckband hi-bass Wireless Bluetooth...",
        "color": "Blue, In the Ear",
        "stars": "4",
        "reviews": "(23,029)",
        "new-price": "₹379",
        "old-price": "₹3,850",
        "discount": "90% off",
        "delivery-type": "Free delivery"
    },
    {
        "image": "https://rukminim2.flixcart.com/image/612/612/kw9krrk0/headphone/z/0/4/-original-imag8z6hfjaphjak.jpeg",
        "description": "Boult Audio ProBass Escape Bluetooth Headset",
        "color": "Black, In the Ear",
        "stars": "3.9",
        "reviews": "(24,876)",
        "new-price": "₹899",
        "old-price": "₹3,999",
        "discount": "77% off",
        "delivery-type": "Free delivery"
    },
    {
        "image": "https://rukminim2.flixcart.com/image/612/612/l2jcccw0/headphone/s/f/r/earbuds-in-ear-sensor-bluetooth-touch-control-headset-with-original-imagdvyztwhhskn6.jpeg",
        "description": "Grostar Earbuds In-ear Sensor Bluetooth Touch Control H...",
        "color": "White, True Wireless",
        "stars": "3.8",
        "reviews": "(194)",
        "new-price": "₹449",
        "old-price": "₹2,299",
        "discount": "80% off",
        "delivery-type": "Free delivery"
    },
    {
        "image": "https://rukminim2.flixcart.com/image/612/612/ksqeky80/headphone/3/l/n/rma2011-realme-original-imag68fqfqbydmrx.jpeg",
        "description": "realme Buds Wireless 2 Neo with Type-C Fast Charge & Ba...",
        "color": "Black, In the Ear",
        "stars": "4.2",
        "reviews": "(1,31,337)",
        "new-price": "₹1,299",
        "old-price": "₹2,499",
        "discount": "48% off",
        "delivery-type": "Free delivery"
    },
    {
        "image": "https://rukminim2.flixcart.com/image/612/612/kv2pk7k0/headphone/h/0/8/nb119d-48-hours-playtime-bluetooth-neckband-aroma-original-imag828wj6562fzq.jpeg",
        "description": "Aroma NB119D Dream - 48 Hours Playtime Bluetooth Neckba...",
        "color": "Black, In the Ear",
        "stars": "4.1",
        "reviews": "(19,031)",
        "new-price": "₹449",
        "old-price": "₹1,999",
        "discount": "77% off",
        "delivery-type": "Free delivery"
    },
    {
        "image": "https://rukminim2.flixcart.com/image/612/612/ktaeqvk0/headphone/1/o/3/titanic-series-low-price-bluetooth-neckband-u-i-original-imag6nuwn32grbhc.jpeg",
        "description": "U&i Titanic Series - Low Price Bluetooth Neckband Bluet...",
        "color": "Black, In the Ear",
        "stars": "4",
        "reviews": "(1,54,750)",
        "new-price": "₹349",
        "old-price": "₹1,999",
        "discount": "82% off",
        "delivery-type": "Free delivery"
    },
    {
        "image": "https://rukminim2.flixcart.com/image/612/612/ksdjma80/headphone/o/f/c/airdopes-131-airdopes-138-boat-original-imag5yz96jehyqrg.jpeg",
        "description": "boAt Airdopes 131 with upto 15 Hours Playback, 13mm Dri...",
        "color": "Active Black, True Wireless",
        "stars": "4.1",
        "reviews": "(8,51,053)",
        "new-price": "₹1,299",
        "old-price": "₹2,990",
        "discount": "56% off",
        "delivery-type": "Free delivery"
    },
    {
        "image": "https://rukminim2.flixcart.com/image/612/612/l0lbrm80/headphone/n/r/v/fire-145-40-hours-playtime-with-superior-sound-neckband-original-imagccrtahggq6k3.jpeg",
        "description": "TECHFIRE Fire 145- 40 Hours Playtime with superior soun...",
        "color": "Green, True Wireless",
        "stars": "3.9",
        "reviews": "(4,528)",
        "new-price": "₹379",
        "old-price": "₹1,999",
        "discount": "81% off",
        "delivery-type": "Free delivery"
    },
    {
        "image": "https://rukminim2.flixcart.com/image/612/612/kxf0jgw0/headphone/w/u/z/fire-500v2-neckband-hi-bass-wireless-bluetooth-headphone-original-imag9vezehqqgvx5.jpeg",
        "description": "TECHFIRE Fire 500v2 Neckband hi-bass Wireless Bluetooth...",
        "color": "Green, In the Ear",
        "stars": "4",
        "reviews": "(23,029)",
        "new-price": "₹379",
        "old-price": "₹2,999",
        "discount": "87% off",
        "delivery-type": "Free delivery"
    },
    {
        "image": "https://rukminim2.flixcart.com/image/612/612/kwnv6a80/headphone/t/e/a/nb120g-relax-24-hours-playtime-bluetooth-neckband-aroma-original-imag9aj7qdfkh3bm.jpeg",
        "description": "Aroma NB120G Relax - 24 Hours Playtime Bluetooth Neckba...",
        "color": "Black, In the Ear",
        "stars": "3.9",
        "reviews": "(3,608)",
        "new-price": "₹329",
        "old-price": "₹999",
        "discount": "67% off",
        "delivery-type": "Free delivery"
    },
    {
        "image": "https://rukminim2.flixcart.com/image/612/612/ksdjma80/headphone/a/q/z/airdopes-131-boat-original-imag5yzanjduekzn.jpeg",
        "description": "boAt Airdopes 131 with upto 15 Hours Playback, 13mm Dri...",
        "color": "Ivory White, In the Ear",
        "stars": "4.1",
        "reviews": "(8,51,053)",
        "new-price": "₹1,299",
        "old-price": "₹2,990",
        "discount": "56% off",
        "delivery-type": "Free delivery"
    },
    {
        "image": "https://rukminim2.flixcart.com/image/612/612/l31x2fk0/headphone/m/5/v/-original-image9ehhvpt8vzt.jpeg",
        "description": "boAt Rockerz 255 Pro+ with ASAP Charge and upto 40 Hour...",
        "color": "Teal Green, In the Ear",
        "stars": "4.2",
        "reviews": "(3,17,650)",
        "new-price": "₹1,399",
        "old-price": "₹3,990",
        "discount": "64% off",
        "delivery-type": "Free delivery"
    },
    {
        "image": "https://rukminim2.flixcart.com/image/612/612/l0lbrm80/headphone/t/3/j/my-dots-series-true-wireless-earbuds-with-20-hours-battery-original-imagcccq3kz4mytz.jpeg",
        "description": "U&i My Dots Series True Wireless Earbuds with 20 Hours ...",
        "color": "Black, True Wireless",
        "stars": "3.8",
        "reviews": "(1,058)",
        "new-price": "₹549",
        "old-price": "₹2,999",
        "discount": "81% off",
        "delivery-type": "Free delivery"
    },
    {
        "image": "https://rukminim2.flixcart.com/image/612/612/kkzrpu80/headphone/e/s/y/ovl-622z-oppoo-mii-blutooth-headset-for-all-smart-phones-ak-original-imagy7vzwrhnav56.jpeg",
        "description": "i2A K1 BLACK Bluetooth Headset Bluetooth Headset",
        "color": "Black, True Wireless",
        "stars": "3.6",
        "reviews": "(293)",
        "new-price": "₹219",
        "old-price": "₹999",
        "discount": "78% off",
        "delivery-type": "Free delivery"
    },
    {
        "image": "https://rukminim2.flixcart.com/image/612/612/kqttg280/headphone/r/d/7/rockerz-333-boat-original-imag4r33r4sezgjq.jpeg",
        "description": "boAt Rockerz 333 Upto 30 Hours Battery Bluetooth Headse...",
        "color": "Active Black, In the Ear",
        "stars": "4",
        "reviews": "(1,49,959)",
        "new-price": "₹1,399",
        "old-price": "₹3,990",
        "discount": "64% off",
        "delivery-type": "Free delivery"
    },
    {
        "image": "https://rukminim2.flixcart.com/image/612/612/kw9krrk0/headphone/l/o/j/-original-imag8z6hfc8hggyg.jpeg",
        "description": "Boult Audio Bassbuds X1 Wired Headset",
        "color": "Black, In the Ear",
        "stars": "4.1",
        "reviews": "(2,10,082)",
        "new-price": "₹299",
        "old-price": "₹999",
        "discount": "70% off",
        "delivery-type": "Free delivery"
    },
    {
        "image": "https://rukminim2.flixcart.com/image/612/612/l31x2fk0/headphone/0/z/e/-original-image9egyqndhqhb.jpeg",
        "description": "boAt Rockerz 255 Pro+ with ASAP Charge and upto 40 Hour...",
        "color": "Navy Blue, In the Ear",
        "stars": "4.2",
        "reviews": "(3,17,650)",
        "new-price": "₹1,499",
        "old-price": "₹3,990",
        "discount": "62% off",
        "delivery-type": "Free delivery"
    },
    {
        "image": "https://rukminim2.flixcart.com/image/612/612/kzegk280/headphone/x/m/v/probass-curve-x-boult-audio-original-imagbezw6fgyfchh.jpeg",
        "description": "Boult Audio ProBass CurveX with 15hrs Battery Life, Fas...",
        "color": "Black, In the Ear",
        "stars": "4",
        "reviews": "(262)",
        "new-price": "₹999",
        "old-price": "₹4,499",
        "discount": "77% off",
        "delivery-type": "Free delivery"
    },
    {
        "image": "https://rukminim2.flixcart.com/image/612/612/kic17rk0-0/headphone/k/u/9/242-rockerzz-boat-original-imafy5azmzd3hrvt.jpeg",
        "description": "boAt Bassheads 242 Wired Headset",
        "color": "Active Black, In the Ear",
        "stars": "4.3",
        "reviews": "(4,66,185)",
        "new-price": "₹499",
        "old-price": "₹1,490",
        "discount": "66% off",
        "delivery-type": "Bank Offer"
    },
    {
        "image": "https://rukminim2.flixcart.com/image/612/612/kplisnk0/headphone/7/6/t/nb119c-36-hours-playtime-with-smart-voice-assistant-aroma-original-imag3smhtfwbmydz.jpeg",
        "description": "Aroma NB119C Carter - 36 Hours Playtime Bluetooth Neckb...",
        "color": "Black, In the Ear",
        "stars": "4",
        "reviews": "(39,528)",
        "new-price": "₹369",
        "old-price": "₹1,999",
        "discount": "81% off",
        "delivery-type": "Free delivery"
    },
    {
        "image": "https://rukminim2.flixcart.com/image/612/612/l0igvww0/headphone/q/r/y/fire-145-36-hours-playtime-neckband-hi-bass-wireless-bluetooth-original-imagcahb5nufzxh5.jpeg",
        "description": "TECHFIRE FIRE-145 -36 Hours Playtime Neckband hi-bass W...",
        "color": "Black, True Wireless",
        "stars": "3.9",
        "reviews": "(4,528)",
        "new-price": "₹375",
        "old-price": "₹1,999",
        "discount": "81% off",
        "delivery-type": "Free delivery"
    },
    {
        "image": "https://rukminim2.flixcart.com/image/612/612/l33cia80/shopsy-headphone/w/q/d/yes-magnet-red-k1-white-bluetooth-pack-of-2-bluetooth-headset-original-imagead2q3gczpz3.jpeg",
        "description": "Magnet Red & K1 White Bluetooth Pack of 2 Bluetooth Hea...",
        "color": "RED, WHITE, In the Ear",
        "stars": "3.6",
        "reviews": "(3,633)",
        "new-price": "₹205",
        "old-price": "₹2,198",
        "discount": "90% off",
        "delivery-type": "Free delivery"
    },
    {
        "image": "https://rukminim2.flixcart.com/image/612/612/k51cpe80pkrrdj/headphone-refurbished/c/t/8/c-bassheads-100-boat-original-imafn4qttzkvzeyq.jpeg",
        "description": "boAt BassHeads 100 Wired Headset",
        "color": "Furious Red, In the Ear",
        "stars": "4.3",
        "reviews": "(11,46,960)",
        "new-price": "₹349",
        "old-price": "₹999",
        "discount": "65% off",
        "delivery-type": "Bank Offer"
    },
    {
        "image": "https://rukminim2.flixcart.com/image/612/612/kuef2q80/headphone/n/o/e/hbs730-tsychedelic-original-imag7jafbdqwbfhv.jpeg",
        "description": "TSYCHEDELIC HBS730 Bluetooth Headset",
        "color": "Black, In the Ear",
        "stars": "3.4",
        "reviews": "(19)",
        "new-price": "₹329",
        "old-price": "₹999",
        "discount": "67% off",
        "delivery-type": "Free delivery"
    },
    {
        "image": "https://rukminim2.flixcart.com/image/612/612/krayqa80/headphone/v/k/q/rma2009-realme-original-imag54f5hsazzk99.jpeg",
        "description": "realme Buds Wireless 2 with Dart Charge and Active Nois...",
        "color": "Grey, In the Ear",
        "stars": "4.1",
        "reviews": "(94,322)",
        "new-price": "₹2,099",
        "old-price": "₹3,499",
        "discount": "40% off",
        "delivery-type": "Free delivery"
    },
    {
        "image": "https://rukminim2.flixcart.com/image/612/612/ksuowi80/headphone/t/n/5/zip-series-wired-headphone-with-mic-u-i-original-imag6bh4ysapxbbb.jpeg",
        "description": "U&i Zip Series Wired Headphone with Mic Wired Headset",
        "color": "Purple, On the Ear",
        "stars": "3.9",
        "reviews": "(1,099)",
        "new-price": "₹301",
        "old-price": "₹799",
        "discount": "62% off",
        "delivery-type": "Free delivery"
    },
    {
        "image": "https://rukminim2.flixcart.com/image/612/612/l0lbrm80/headphone/c/x/k/fire-145-40-hours-playtime-with-superior-sound-neckband-original-imagccrwtnh2rru5.jpeg",
        "description": "TECHFIRE Fire 145- 40 Hours Playtime with superior soun...",
        "color": "Blue, True Wireless",
        "stars": "3.9",
        "reviews": "(4,528)",
        "new-price": "₹379",
        "old-price": "₹1,999",
        "discount": "81% off",
        "delivery-type": "Free delivery"
    },
    {
        "image": "https://rukminim2.flixcart.com/image/612/612/kqwobrk0/headphone/3/n/b/bassheads-100-boat-original-imag4tgdrpxfh3pk.jpeg",
        "description": "boAt Bassheads 100 Wired Headset",
        "color": "Black, In the Ear",
        "stars": "4.3",
        "reviews": "(11,46,960)",
        "new-price": "₹399",
        "old-price": "₹999",
        "discount": "60% off",
        "delivery-type": "Bank Offer"
    },
    {
        "image": "https://rukminim2.flixcart.com/image/612/612/kg5fzww0-0/headphone/o/b/y/buds-classic-rma2001-wired-earphones-with-hd-microphone-realme-original-imafwg73j3bdnkeu.jpeg",
        "description": "realme Buds Classic RMA2001 Wired Earphones with HD Mic...",
        "color": "Black, In the Ear",
        "stars": "4.2",
        "reviews": "(1,25,115)",
        "new-price": "₹399",
        "old-price": "₹699",
        "discount": "42% off",
        "delivery-type": "Bank Offer"
    },
    {
        "image": "https://rukminim2.flixcart.com/image/612/612/kz7bcsw0/headphone/t/6/g/wireless-bluetooth-waterproof-headphone-with-mic-headset-original-imagb9nhnp2kgutq.jpeg",
        "description": "Wireless Noise Cancelling Bluetooth Earphone with MIC &...",
        "color": "BLACK, In the Ear",
        "stars": "3.8",
        "reviews": "(243)",
        "new-price": "₹283",
        "old-price": "₹999",
        "discount": "71% off",
        "delivery-type": "Free delivery"
    },
    {
        "image": "https://rukminim2.flixcart.com/image/612/612/kbgu1e80/headphone/t/8/5/bassheads-228-boat-original-imafstfzcequfxnt.jpeg",
        "description": "boAt BassHeads 220 Wired Headset",
        "color": "Black, In the Ear",
        "stars": "4.2",
        "reviews": "(8,58,009)",
        "new-price": "₹549",
        "old-price": "₹999",
        "discount": "45% off",
        "delivery-type": "Free delivery"
    },
    {
        "image": "https://rukminim2.flixcart.com/image/612/612/k0vbgy80pkrrdj/headphone/6/b/9/boat-bassheads-900-super-extra-bass-original-imafg96ydu4getz7.jpeg",
        "description": "boAt BassHeads 900 Wired Headset",
        "color": "Carbon Black, On the Ear",
        "stars": "4.3",
        "reviews": "(2,61,641)",
        "new-price": "₹599",
        "old-price": "₹2,490",
        "discount": "75% off",
        "delivery-type": "Free delivery"
    },
    {
        "image": "https://rukminim2.flixcart.com/image/612/612/kcz4rrk0/smart-headphone/z/6/c/tws-l-21-dayneo-original-imaftz7gjwt2hzjb.jpeg",
        "description": "DAYNEO TWS- I 21 - Bluetooth Headset",
        "color": "Black, True Wireless",
        "stars": "3.6",
        "reviews": "(8,436)",
        "new-price": "₹499",
        "old-price": "₹3,999",
        "discount": "87% off",
        "delivery-type": "Free delivery"
    },
    {
        "image": "https://rukminim2.flixcart.com/image/612/612/kr9jafk0/headphone/w/8/o/b0t-1-kasodh-original-imag537duzyf8pds.jpeg",
        "description": "POUNLA ELECTRONICS B0T-1 Bluetooth Headset",
        "color": "Red, Black, In the Ear",
        "stars": "4",
        "reviews": "(82)",
        "new-price": "₹298",
        "old-price": "₹999",
        "discount": "70% off",
        "delivery-type": "Bank Offer"
    },
    {
        "image": "https://rukminim2.flixcart.com/image/612/612/k45x0nk0/headphone/stereo-dynamic-earphones/2/8/4/boat-bassheads-100-original-imafn4qtbtwnky36.jpeg",
        "description": "boAt BassHeads 100 Wired Headset",
        "color": "White, In the Ear",
        "stars": "4.3",
        "reviews": "(11,46,960)",
        "new-price": "₹349",
        "old-price": "₹839",
        "discount": "58% off",
        "delivery-type": "Bank Offer"
    },
    {
        "image": "https://rukminim2.flixcart.com/image/612/612/ksnjp8w0/headphone/8/x/c/rockerz-255f-rockerz-255-boat-original-imag66c9fbcqjjj6.jpeg",
        "description": "boAt Rockerz 255F Bluetooth Headset",
        "color": "Neon, In the Ear",
        "stars": "4.2",
        "reviews": "(9,47,126)",
        "new-price": "₹1,099",
        "old-price": "₹2,990",
        "discount": "63% off",
        "delivery-type": "Free delivery"
    },
    {
        "image": "https://rukminim2.flixcart.com/image/612/612/ktrk13k0/headphone/h/k/5/nb119-rock-40-hours-playtime-bluetooth-neckband-with-equalizer-original-imag7fmqhhfubgyq.jpeg",
        "description": "Aroma NB119 Rock - 40 Hours Playtime Bluetooth Neckband...",
        "color": "Black, In the Ear",
        "stars": "4",
        "reviews": "(11,353)",
        "new-price": "₹499",
        "old-price": "₹2,999",
        "discount": "83% off",
        "delivery-type": "Free delivery"
    },
    {
        "image": "https://rukminim2.flixcart.com/image/612/612/klb78nk0/headphone/0/n/h/in-ear-earphone-music-game-wired-headset-with-mic-black-metal-original-imagygrpfzeuxvau.jpeg",
        "description": "Hitage In-ear Earphone Music & Game Wired Headset with ...",
        "color": "Grey, In the Ear",
        "stars": "3.8",
        "reviews": "(269)",
        "new-price": "₹249",
        "old-price": "₹799",
        "discount": "68% off",
        "delivery-type": "Free delivery"
    },
    {
        "image": "https://rukminim2.flixcart.com/image/612/612/k3g73bk0/headphone/3/b/z/realme-buds-2-original-imafmkr2z5huapjr.jpeg",
        "description": "realme Buds 2 Wired Headset",
        "color": "Green, In the Ear",
        "stars": "4.3",
        "reviews": "(6,03,493)",
        "new-price": "₹599",
        "old-price": "₹799",
        "discount": "25% off",
        "delivery-type": "Free delivery"
    },
    {
        "image": "https://rukminim2.flixcart.com/image/612/612/kxdl3m80/headphone/y/w/n/nb119-advance-40-hours-playtime-bluetooth-neckband-aroma-original-imag9ukyh5tqzwsp.jpeg",
        "description": "Aroma NB119 Advance - 40 Hours Playtime Bluetooth Neckb...",
        "color": "Yellow, Black, In the Ear",
        "stars": "4",
        "reviews": "(14,517)",
        "new-price": "₹419",
        "old-price": "₹2,499",
        "discount": "83% off",
        "delivery-type": "Free delivery"
    },
    {
        "image": "https://rukminim2.flixcart.com/image/612/612/l31x2fk0/headphone/a/s/h/-original-image9ehehz8amg2.jpeg",
        "description": "boAt Rockerz 255 Pro+ with ASAP Charge and upto 40 Hour...",
        "color": "Active Black, In the Ear",
        "stars": "4.2",
        "reviews": "(3,17,650)",
        "new-price": "₹1,599",
        "old-price": "₹3,990",
        "discount": "59% off",
        "delivery-type": "Free delivery"
    },
    {
        "image": "https://rukminim2.flixcart.com/image/612/612/kz1lle80/headphone/u/o/h/mahabali-series-cl-351-in-ear-wireless-neckband-upto-15-hours-original-imagb5f44whqfw3t.jpeg",
        "description": "Ubon Mahabali Series Cl-351 In Ear Wireless Neckband Up...",
        "color": "Black, Yellow, In the Ear",
        "stars": "4.2",
        "reviews": "(961)",
        "new-price": "₹459",
        "old-price": "₹1,999",
        "discount": "77% off",
        "delivery-type": "Free delivery"
    },
    {
        "image": "https://rukminim2.flixcart.com/image/612/612/kv9urgw0/headphone/h/0/j/-original-imag87kfhggm7chc.jpeg",
        "description": "boAt Rockerz 235v2/238 with ASAP Charge and upto 8 Hour...",
        "color": "Red, In the Ear",
        "stars": "4.2",
        "reviews": "(14,70,151)",
        "new-price": "₹999",
        "old-price": "₹2,990",
        "discount": "66% off",
        "delivery-type": "Free delivery"
    },
    {
        "image": "https://rukminim2.flixcart.com/image/612/612/kv9urgw0/headphone/f/s/v/-original-imag87kdm2hyzhyy.jpeg",
        "description": "boAt Rockerz 235v2/238 with ASAP Charge and upto 8 Hour...",
        "color": "Blue, In the Ear",
        "stars": "4.2",
        "reviews": "(14,70,151)",
        "new-price": "₹1,199",
        "old-price": "₹2,990",
        "discount": "59% off",
        "delivery-type": "Free delivery"
    },
    {
        "image": "https://rukminim2.flixcart.com/image/612/612/ktketu80/headphone/p/o/l/s21-truke-original-imag6v6gghe7yhpv.jpeg",
        "description": "truke Buds S1 with Quad Mic ENC | 72Hrs Playtime | Slid...",
        "color": "Black, True Wireless",
        "stars": "4",
        "reviews": "(34,977)",
        "new-price": "₹1,299",
        "old-price": "₹3,999",
        "discount": "67% off",
        "delivery-type": "Free delivery"
    },
    {
        "image": "https://rukminim2.flixcart.com/image/612/612/kw5ag7k0/headphone/p/u/g/prime-48-hours-playtime-wireless-neckband-earphone-ucool-original-imag8wcd7uj7uhwg.jpeg",
        "description": "Ucool Prime 48 Hours Playtime Wireless Neckband Earphon...",
        "color": "Red, In the Ear",
        "stars": "4",
        "reviews": "(5,942)",
        "new-price": "₹349",
        "old-price": "₹1,996",
        "discount": "82% off",
        "delivery-type": "Bank Offer"
    },
    {
        "image": "https://rukminim2.flixcart.com/image/612/612/kpr8k280/headphone/v/n/9/bbd-l-21-wireless-bluetooth-headphone-waterproof-ipx5-blue-seed-original-imag3x8yv7fg9af9.jpeg",
        "description": "FD1 S_S L21 Wireless bluetooth headphone Waterproof Ste...",
        "color": "Black, In the Ear",
        "stars": "3.7",
        "reviews": "(21,612)",
        "new-price": "₹499",
        "old-price": "₹1,299",
        "discount": "61% off",
        "delivery-type": "Free delivery"
    },
    {
        "image": "https://rukminim2.flixcart.com/image/612/612/k45x0nk0/headphone/h/6/h/boat-bassheads-100-original-imafn4qtgyxmm43a.jpeg",
        "description": "boAt BassHeads 100 Wired Headset",
        "color": "Taffy Pink, In the Ear",
        "stars": "4.3",
        "reviews": "(11,46,960)",
        "new-price": "₹379",
        "old-price": "₹999",
        "discount": "62% off",
        "delivery-type": "Bank Offer"
    },
    {
        "image": "https://rukminim2.flixcart.com/image/612/612/kuof5ow0/headphone/r/4/k/nb119-titanium-48-hours-bluetooth-neckband-aroma-original-imag7qvcnmwsszjc.jpeg",
        "description": "Aroma NB119 Titanium - 48 Hours Playtime Bluetooth Neck...",
        "color": "Red, In the Ear",
        "stars": "4.1",
        "reviews": "(50,951)",
        "new-price": "₹499",
        "old-price": "₹2,499",
        "discount": "80% off",
        "delivery-type": "Free delivery"
    },
    {
        "image": "https://rukminim2.flixcart.com/image/612/612/kxdl3m80/headphone/t/i/7/nb128-24-hours-playtime-bluetooth-neckband-aroma-original-imag9uhhxfvrqmkv.jpeg",
        "description": "Aroma NB128 Ruby - 24 Hours Playtime Bluetooth Neckband...",
        "color": "Black, In the Ear",
        "stars": "3.8",
        "reviews": "(2,160)",
        "new-price": "₹399",
        "old-price": "₹1,999",
        "discount": "80% off",
        "delivery-type": "Free delivery"
    },
    {
        "image": "https://rukminim2.flixcart.com/image/612/612/l0fm07k0/headphone/l/1/f/tws-a6s-ear-buds-true-wireless-earbuds-a6s-bluetooth-5-0-sports-original-imagc887h8vjkawm.jpeg",
        "description": "Grostar TWS A6S ear buds True Wireless Earbuds A6S Blue...",
        "color": "Black, True Wireless",
        "stars": "3.5",
        "reviews": "(891)",
        "new-price": "₹499",
        "old-price": "₹1,999",
        "discount": "75% off",
        "delivery-type": "Free delivery"
    },
    {
        "image": "https://rukminim2.flixcart.com/image/612/612/krayqa80/headphone/x/9/r/rma2010-realme-original-imag54ey5mxggzcy.jpeg",
        "description": "realme Buds Q2 Neo with Environment Noise Cancellation ...",
        "color": "Black, True Wireless",
        "stars": "4",
        "reviews": "(1,03,310)",
        "new-price": "₹1,399",
        "old-price": "₹2,499",
        "discount": "44% off",
        "delivery-type": "Free delivery"
    },
    {
        "image": "https://rukminim2.flixcart.com/image/612/612/kv9urgw0/headphone/t/h/u/-original-imag87kdvdhmaynm.jpeg",
        "description": "boAt Rockerz 235v2/238 with ASAP Charge and upto 8 Hour...",
        "color": "Black, In the Ear",
        "stars": "4.2",
        "reviews": "(14,70,151)",
        "new-price": "₹1,199",
        "old-price": "₹2,990",
        "discount": "59% off",
        "delivery-type": "Free delivery"
    },
    {
        "image": "https://rukminim2.flixcart.com/image/612/612/ku2zjww0/headphone/p/t/8/mh319-deep-bass-sound-prodart-original-imag7amjgafjzdqe.jpeg",
        "description": "PRODART MH319 Deep Bass Sound Wired Headset",
        "color": "Green, In the Ear",
        "stars": "4.2",
        "reviews": "(383)",
        "new-price": "₹355",
        "old-price": "₹850",
        "discount": "58% off",
        "delivery-type": "Free delivery"
    },
    {
        "image": "https://rukminim2.flixcart.com/image/612/612/l1zc6fk0/headphone/t/j/l/-original-imagdffhsbfz743n.jpeg",
        "description": "OPPO Enco M32 Bluetooth Headset",
        "color": "Black, In the Ear",
        "stars": "4.2",
        "reviews": "(15,591)",
        "new-price": "₹1,599",
        "old-price": "₹2,999",
        "discount": "46% off",
        "delivery-type": "Free delivery"
    },
    {
        "image": "https://rukminim2.flixcart.com/image/612/612/l30hmkw0/headphone/g/h/c/tws-wireless-earbuds-bluetooth-5-0-headset-with-charging-box-original-image8dmtgzd3jn8.jpeg",
        "description": "Grostar TWS Wireless Earbuds Bluetooth 5.0 Headset with...",
        "color": "White, True Wireless",
        "stars": "3.8",
        "reviews": "(396)",
        "new-price": "₹329",
        "old-price": "₹1,299",
        "discount": "74% off",
        "delivery-type": "Free delivery"
    },
    {
        "image": "https://rukminim2.flixcart.com/image/612/612/ktaeqvk0/headphone/1/o/3/titanic-series-low-price-bluetooth-neckband-u-i-original-imag6nuwn32grbhc.jpeg",
        "description": "U&i Titanic Series - Low Price Bluetooth Neckband Bluet...",
        "color": "Black, In the Ear",
        "stars": "4",
        "reviews": "(1,54,750)",
        "new-price": "₹349",
        "old-price": "₹1,999",
        "discount": "82% off",
        "delivery-type": "Free delivery"
    },
    {
        "image": "https://rukminim2.flixcart.com/image/612/612/kxqg2a80/headphone/a/v/h/nb119-boom-72-hours-playtime-bluetooth-neckband-aroma-original-imaga4hxgrc7uu7z.jpeg",
        "description": "Aroma NB119 Boom - 72 Hours Playtime Bluetooth Neckband...",
        "color": "Blue, In the Ear",
        "stars": "4",
        "reviews": "(1,272)",
        "new-price": "₹599",
        "old-price": "₹2,999",
        "discount": "80% off",
        "delivery-type": "Free delivery"
    },
    {
        "image": "https://rukminim2.flixcart.com/image/612/612/keuagsw0-0/headphone/n/v/l/bigger-series-neckband-with-100-hours-battery-backup-uinb-4500-u-original-imafvfhrx8ggkxpt.jpeg",
        "description": "U&i Bigger 100hrs Battery Backup Wireless Neckband Blue...",
        "color": "Black, In the Ear",
        "stars": "4.1",
        "reviews": "(5,730)",
        "new-price": "₹619",
        "old-price": "₹3,499",
        "discount": "82% off",
        "delivery-type": "Free delivery"
    },
    {
        "image": "https://rukminim2.flixcart.com/image/612/612/kt8zb0w0/headphone/j/c/p/teddf30-bk-mivi-original-imag6n4qkwuhmgrg.jpeg",
        "description": "Mivi Duopods F30 with 42 hours battery Fast Charging TW...",
        "color": "Black, True Wireless",
        "stars": "3.9",
        "reviews": "(92,672)",
        "new-price": "₹999",
        "old-price": "₹2,999",
        "discount": "66% off",
        "delivery-type": "Free delivery"
    },
    {
        "image": "https://rukminim2.flixcart.com/image/612/612/l0jwbrk0/headphone/w/u/g/2000mah-voice-assistance-led-display-touchpad-tws-earbuds-original-imagcb6pxhjyzwax.jpeg",
        "description": "Microflash (2000mah) Voice Assistance, Led Display & To...",
        "color": "Black, True Wireless",
        "stars": "4.1",
        "reviews": "(150)",
        "new-price": "₹999",
        "old-price": "₹2,499",
        "discount": "60% off",
        "delivery-type": "Free delivery"
    },
    {
        "image": "https://rukminim2.flixcart.com/image/612/612/kyyqpow0/headphone/p/z/2/speedy-series-fast-charging-bluetooth-headset-with-18-hours-original-imagb2qrbgpwnjus.jpeg",
        "description": "U&i Swift 50hrs TalkTime Fast Charging Wireless Neckban...",
        "color": "Silver, In the Ear",
        "stars": "3.8",
        "reviews": "(1,468)",
        "new-price": "₹499",
        "old-price": "₹2,399",
        "discount": "79% off",
        "delivery-type": "Free delivery"
    }
]