[
    {
        "image": "https://rukminim2.flixcart.com/image/612/612/l29c9e80/trouser/g/d/3/32-rmts04427-g5-raymond-original-imagdny5p9ykckst.jpeg",
        "brand": "Raymond",
        "description": "Slim Fit Men Grey Polyester Blend Trousers",
        "new-price": "₹823",
        "old-price": "₹2,299",
        "discount": "64% off",
        "delivery-type": "Free delivery"
    },
    {
        "image": "https://rukminim2.flixcart.com/image/612/612/ksgehzk0/trouser/k/2/q/32-cyfor-a-cyphus-original-imag6yyyedypgvke.jpeg",
        "brand": "CYPHUS",
        "description": "Regular Fit Men Black Cotton Blend Trousers",
        "new-price": "₹404",
        "old-price": "₹1,899",
        "discount": "78% off",
        "delivery-type": "Free delivery"
    },
    {
        "image": "https://rukminim2.flixcart.com/image/612/612/kb2jmvk0/trouser/g/u/k/44-t353-trouser-baleno-sgrey-aa36-ad-av-original-imafsgerqwzmehgs.jpeg",
        "brand": "AD & AV",
        "description": "Regular Fit Men Grey Polyester Blend Trousers",
        "new-price": "₹449",
        "old-price": "₹1,245",
        "discount": "63% off",
        "delivery-type": "Free delivery"
    },
    {
        "image": "https://rukminim2.flixcart.com/image/612/612/kzsqykw0/belt/o/h/c/28-tx01-rstx01-belt-zoro-original-imagbqcfk8yh6jhb.jpeg",
        "brand": "ZORO",
        "description": "Men Evening, Party, Formal, Casual Black Artificial Lea...",
        "new-price": "₹350",
        "old-price": "₹1,499",
        "discount": "76% off",
        "delivery-type": "Free delivery"
    },
    {
        "image": "https://rukminim2.flixcart.com/image/612/612/kflftzk0-0/trouser/v/9/o/36-t-131-trouser-baleno-green-aa-ad-av-original-imafwyf7ctgb4pfj.jpeg",
        "brand": "AD & AV",
        "description": "Regular Fit Men Green Cotton Blend Trousers",
        "new-price": "₹449",
        "old-price": "₹1,499",
        "discount": "70% off",
        "delivery-type": "Free delivery"
    },
    {
        "image": "https://rukminim2.flixcart.com/image/612/612/kw3v0cw0/trouser/w/u/z/32-rmts04307-b6-raymond-original-imag8vfnjn5hefez.jpeg",
        "brand": "Raymond",
        "description": "Slim Fit Men Dark Blue Polyester Blend Trousers",
        "new-price": "₹684",
        "old-price": "₹2,099",
        "discount": "67% off",
        "delivery-type": "Free delivery"
    },
    {
        "image": "https://rukminim2.flixcart.com/image/612/612/kfoapow0-0/trouser/v/x/5/38-t-130-trouser-baleno-black-aa-ad-av-original-imafw2jugbuxmnq9.jpeg",
        "brand": "AD & AV",
        "description": "Regular Fit Men Black Cotton Blend Trousers",
        "new-price": "₹434",
        "old-price": "₹1,545",
        "discount": "71% off",
        "delivery-type": "Free delivery"
    },
    {
        "image": "https://rukminim2.flixcart.com/image/612/612/jxz0brk0/accessories-combo/x/r/q/zr-cr04t-71clk-zoro-original-imaeya35mgkuwbzr.jpeg",
        "brand": "ZORO",
        "description": "Men Evening, Party, Formal, Casual Black Artificial Lea...",
        "new-price": "₹349",
        "old-price": "₹1,499",
        "discount": "76% off",
        "delivery-type": "Free delivery"
    },
    {
        "image": "https://rukminim2.flixcart.com/image/612/612/ksgehzk0/trouser/f/9/p/32-cyfor-b-cyphus-original-imag6yz2jnxtvc5s.jpeg",
        "brand": "CYPHUS",
        "description": "Regular Fit Men Dark Blue Cotton Blend Trousers",
        "new-price": "₹404",
        "old-price": "₹1,899",
        "discount": "78% off",
        "delivery-type": "Free delivery"
    },
    {
        "image": "https://rukminim2.flixcart.com/image/612/612/km9ht3k0/wallet-card-wallet/q/l/k/genuine-leather-card-wallets-dcswal089-wallet-dezire-crafts-original-imagf75zcwhzfrdy.jpeg",
        "brand": "DEZiRE CRAfTS",
        "description": "Men Formal, Casual Green Artificial Leather Wallet - Re...",
        "new-price": "₹276",
        "old-price": "₹1,199",
        "discount": "76% off",
        "delivery-type": "Free delivery"
    },
    {
        "image": "https://rukminim2.flixcart.com/image/612/612/jen4vww0/wallet-card-wallet/n/n/s/black-contener-casual-wallet-samtroh-original-imaf3a4yhrcrhbct.jpeg",
        "brand": "SAMTROH",
        "description": "Men Formal Black Artificial Leather Wallet - Mini",
        "new-price": "₹197",
        "old-price": "₹999",
        "discount": "80% off",
        "delivery-type": "Free delivery"
    },
    {
        "image": "https://rukminim2.flixcart.com/image/612/612/kxhvf680/belt/a/t/f/one-size-fashionable-women-belt-for-jeans-colour-black-party-original-imag9xjewqbqat5v.jpeg",
        "brand": "Hexton",
        "description": "Women Party, Evening, Formal, Party Black Artificial Le...",
        "new-price": "₹199",
        "old-price": "₹999",
        "discount": "80% off",
        "delivery-type": "Free delivery"
    },
    {
        "image": "https://rukminim2.flixcart.com/image/612/612/kq8dua80/wallet-card-wallet/2/a/6/wildhorn-men-black-genuine-leather-wallet-combo-giftbox178-original-imag4abb9gysgpgu.jpeg",
        "brand": "WILDHORN",
        "description": "Men Formal Black Genuine Leather Wallet - Mini",
        "new-price": "₹499",
        "old-price": "₹1,999",
        "discount": "75% off",
        "delivery-type": "Free delivery"
    },
    {
        "image": "https://rukminim2.flixcart.com/image/612/612/k6fd47k0pkrrdj/wallet-card-wallet/w/d/r/sam-10-blk-pln-alb-samtroh-original-imaffzxwdxry3awg.jpeg",
        "brand": "SAMTROH",
        "description": "Men Formal Black Artificial Leather Money Clip - Mini",
        "new-price": "₹219",
        "old-price": "₹999",
        "discount": "78% off",
        "delivery-type": "Free delivery"
    },
    {
        "image": "https://rukminim2.flixcart.com/image/612/612/l3dcl8w0/watch/f/v/w/1-boys-and-men-s-exclusive-men101-brown-daniel-jubile-men-original-imagehxcmwcjhvaz.jpeg",
        "brand": "Daniel Jubile",
        "description": "Boys and Men's Exclusive Men101 Brown Boys watch and Me...",
        "new-price": "₹223",
        "old-price": "₹1,499",
        "discount": "85% off",
        "delivery-type": "Free delivery"
    },
    {
        "image": "https://rukminim2.flixcart.com/image/612/612/l0r1j0w0/belt/i/m/g/one-size-elite-crafts-ratchet-belt-dress-with-1-3-8-leather-original-imagcgs3kekyszfu.jpeg",
        "brand": "Elite Crafts",
        "description": "Men Casual, Evening, Formal, Party Black Artificial Lea...",
        "new-price": "₹399",
        "old-price": "₹1,299",
        "discount": "69% off",
        "delivery-type": "Free delivery"
    },
    {
        "image": "https://rukminim2.flixcart.com/image/612/612/k7z3afk0/watch/t/c/x/lcs-8188-lois-caron-original-imafq3k9ztzdkyhe.jpeg",
        "brand": "LOIS CARON",
        "description": "LCS-8188 BLUE DIAL AND SILVER STRAP DAY & DATE FUNCTION...",
        "new-price": "₹296",
        "old-price": "₹1,799",
        "discount": "83% off",
        "delivery-type": "Free delivery"
    },
    {
        "image": "https://rukminim2.flixcart.com/image/612/612/ki7qw7k0-0/sling-bag/g/o/g/la-magnifique-porsche-cross-body-chain-sling-bag-cross-body-original-imafy2c8xtp2nxzm.jpeg",
        "brand": "BANDICOOT",
        "description": "Blue Women Sling Bag - Regular Size",
        "new-price": "₹254",
        "old-price": "₹1,799",
        "discount": "85% off",
        "delivery-type": "Free delivery"
    },
    {
        "image": "https://rukminim2.flixcart.com/image/612/612/kw3v0cw0/trouser/9/l/v/32-rmts04263-o6-raymond-original-imag8uyg9fbxmrqa.jpeg",
        "brand": "Raymond",
        "description": "Slim Fit Men Brown Polyester Blend Trousers",
        "new-price": "₹684",
        "old-price": "₹2,099",
        "discount": "67% off",
        "delivery-type": "Free delivery"
    },
    {
        "image": "https://rukminim2.flixcart.com/image/612/612/jteoosw0/wallet-card-wallet/4/a/j/tan-casual-wallet-samtroh-original-imafeqnbzd5ybczh.jpeg",
        "brand": "SAMTROH",
        "description": "Men Formal Black Artificial Leather Wallet - Mini",
        "new-price": "₹197",
        "old-price": "₹999",
        "discount": "80% off",
        "delivery-type": "Free delivery"
    },
    {
        "image": "https://rukminim2.flixcart.com/image/612/612/klo27bk0/trouser/g/m/v/40-t683-trouser-baleno-royalblue-aa-ad-av-original-imagyqfvgheykzg2.jpeg",
        "brand": "AD & AV",
        "description": "Regular Fit Men Blue Polyester Viscose Blend Trousers",
        "new-price": "₹449",
        "old-price": "₹1,545",
        "discount": "70% off",
        "delivery-type": "Free delivery"
    },
    {
        "image": "https://rukminim2.flixcart.com/image/612/612/kxhvf680/trouser/v/a/r/-original-imag9xzf69pt75tp.jpeg",
        "brand": "PARK AVENUE",
        "description": "Relaxed Men Dark Blue Rayon Crepe Blend Trousers",
        "new-price": "₹741",
        "old-price": "₹2,399",
        "discount": "69% off",
        "delivery-type": "Free delivery"
    },
    {
        "image": "https://rukminim2.flixcart.com/image/612/612/ksgehzk0/trouser/y/r/l/28-cyfor-c-cyphus-original-imag6yz54dsqfghh.jpeg",
        "brand": "CYPHUS",
        "description": "Regular Fit Men Grey Cotton Blend Trousers",
        "new-price": "₹404",
        "old-price": "₹1,899",
        "discount": "78% off",
        "delivery-type": "Free delivery"
    },
    {
        "image": "https://rukminim2.flixcart.com/image/612/612/k05ljm80/belt/x/w/b/28-lb40grbr02-lb40wk01-belt-alfami-original-imafbmw76hch58ny.jpeg",
        "brand": "alfami",
        "description": "Men Evening, Party, Formal, Casual Brown Genuine Leathe...",
        "new-price": "₹443",
        "old-price": "₹1,499",
        "discount": "70% off",
        "delivery-type": "Free delivery"
    },
    {
        "image": "https://rukminim2.flixcart.com/image/612/612/ksgehzk0/trouser/d/v/4/30-cyfor-d-cyphus-original-imag6yzdegs7d3ut.jpeg",
        "brand": "CYPHUS",
        "description": "Regular Fit Men Cream Cotton Blend Trousers",
        "new-price": "₹404",
        "old-price": "₹1,899",
        "discount": "78% off",
        "delivery-type": "Free delivery"
    },
    {
        "image": "https://rukminim2.flixcart.com/image/612/612/klv7ekw0/trouser/x/o/3/32-t685-trouser-baleno-babypink-aa-ad-av-original-imagyvqhhggsyfsy.jpeg",
        "brand": "AD & AV",
        "description": "Regular Fit Men Pink Polyester Viscose Blend Trousers",
        "new-price": "₹449",
        "old-price": "₹1,545",
        "discount": "70% off",
        "delivery-type": "Free delivery"
    },
    {
        "image": "https://rukminim2.flixcart.com/image/612/612/keekmfk0-0/trouser/5/t/f/40-x-gopi-classio-fashion-original-imafv3ffgqgqzqfv.jpeg",
        "brand": "CLASSIO FASHION",
        "description": "Slim Fit Men Black Polyester Viscose Blend Trousers",
        "new-price": "₹425",
        "old-price": "₹1,299",
        "discount": "67% off",
        "delivery-type": "Free delivery"
    },
    {
        "image": "https://rukminim2.flixcart.com/image/612/612/k6qsn0w0/belt/w/5/y/one-size-stretchable-braided-stylish-designer-cotton-canvas-belt-original-imafp4wm9y5q8kgv.jpeg",
        "brand": "ZORO",
        "description": "Men Casual, Party, Formal Grey Canvas Belt",
        "new-price": "₹269",
        "old-price": "₹999",
        "discount": "73% off",
        "delivery-type": "Free delivery"
    },
    {
        "image": "https://rukminim2.flixcart.com/image/612/612/kzsqykw0/belt/o/h/c/28-tx01-rstx01-belt-zoro-original-imagbqcfk8yh6jhb.jpeg",
        "brand": "ZORO",
        "description": "Men Evening, Party, Formal, Casual Black Artificial Lea...",
        "new-price": "₹254",
        "old-price": "₹1,499",
        "discount": "83% off",
        "delivery-type": "Free delivery"
    },
    {
        "image": "https://rukminim2.flixcart.com/image/612/612/k226oi80/wallet-card-wallet/x/z/c/classic-premium-quality-zip-genuine-leather-wallets-les015-original-imafhfmycqgmdhgt.jpeg",
        "brand": "DEZiRE CRAfTS",
        "description": "Men Formal, Casual Tan Artificial Leather Wallet - Regu...",
        "new-price": "₹272",
        "old-price": "₹1,299",
        "discount": "79% off",
        "delivery-type": "Free delivery"
    },
    {
        "image": "https://rukminim2.flixcart.com/image/612/612/kmp7ngw0/wallet-card-wallet/d/b/r/dc-branded-classic-hidelink01-quality-genuine-leather-wallet-original-imagfjdx2sygffkq.jpeg",
        "brand": "DEZiRE CRAfTS",
        "description": "Men Formal, Casual Black Artificial Leather Wallet - Re...",
        "new-price": "₹225",
        "old-price": "₹1,199",
        "discount": "81% off",
        "delivery-type": "Free delivery"
    },
    {
        "image": "https://rukminim2.flixcart.com/image/612/612/jqwny4w0/wallet-card-wallet/c/k/7/up-bdswm-14-up-bdswm-14-wallet-samtroh-original-imafb96bc9wafegz.jpeg",
        "brand": "SAMTROH",
        "description": "Men Formal Brown Artificial Leather Wallet - Mini",
        "new-price": "₹197",
        "old-price": "₹999",
        "discount": "80% off",
        "delivery-type": "Free delivery"
    },
    {
        "image": "https://rukminim2.flixcart.com/image/612/612/kn0n6a80/belt/3/d/9/32-100-genuine-leather-branded-belt-for-men-boys-adults-teens-original-imagfskwyajrk3fy.jpeg",
        "brand": "AZIBO",
        "description": "Men Formal, Casual, Party, Evening Brown Genuine Leathe...",
        "new-price": "₹379",
        "old-price": "₹1,799",
        "discount": "78% off",
        "delivery-type": "Free delivery"
    },
    {
        "image": "https://rukminim2.flixcart.com/image/612/612/kpedle80/watch/4/2/i/full-black-fancy-dial-sport-pu-belt-watch-king-brecelet-pack-of-original-imag3n74gunbyh42.jpeg",
        "brand": "XN XEEZOS",
        "description": "FULL BLACK FANCY DIAL SPORT PU BELT WATCH & KING BRECEL...",
        "new-price": "₹289",
        "old-price": "₹1,399",
        "discount": "79% off",
        "delivery-type": "Free delivery"
    },
    {
        "image": "https://rukminim2.flixcart.com/image/612/612/ke0a7ww0-0/watch/g/e/h/hmtg-g9052-original-gold-plated-day-date-watch-golden-chain-hrnt-original-imafusbxrfcvfyzf.jpeg",
        "brand": "hrnt",
        "description": "HMTG-G9052 Original Gold Plated Day & Date Watch & Gold...",
        "new-price": "₹429",
        "old-price": "₹2,299",
        "discount": "81% off",
        "delivery-type": "Free delivery"
    },
    {
        "image": "https://rukminim2.flixcart.com/image/612/612/l3929ow0/belt/o/o/l/42-100-genuine-leather-brown-casual-and-formal-belts-for-men-2-original-imageeyzyuhhs6an.jpeg",
        "brand": "KAEZRI",
        "description": "Men Evening, Party, Formal, Casual Brown Genuine Leathe...",
        "new-price": "₹364",
        "old-price": "₹1,999",
        "discount": "81% off",
        "delivery-type": "Free delivery"
    },
    {
        "image": "https://rukminim2.flixcart.com/image/612/612/k1118cw0/dress/7/x/t/xs-f23-37-new-ethical-fashion-original-imafkgtkyf7xpek5.jpeg",
        "brand": "Micozy",
        "description": "Women Skater Pink Dress",
        "new-price": "₹190",
        "old-price": "₹1,299",
        "discount": "85% off",
        "delivery-type": "Free delivery"
    },
    {
        "image": "https://rukminim2.flixcart.com/image/612/612/ksgehzk0/trouser/y/o/i/32-cyfor-f-cyphus-original-imag6yzhz8kfsfpr.jpeg",
        "brand": "CYPHUS",
        "description": "Regular Fit Men Grey Cotton Blend Trousers",
        "new-price": "₹404",
        "old-price": "₹1,899",
        "discount": "78% off",
        "delivery-type": "Free delivery"
    },
    {
        "image": "https://rukminim2.flixcart.com/image/612/612/trouser/r/6/a/40-blackbelano-aa-ad-av-original-imaeqbhmgqwphbqb.jpeg",
        "brand": "AD & AV",
        "description": "Regular Fit Men Black Polyester Blend Trousers",
        "new-price": "₹449",
        "old-price": "₹1,999",
        "discount": "77% off",
        "delivery-type": "Free delivery"
    },
    {
        "image": "https://rukminim2.flixcart.com/image/612/612/jyug0i80/belt/y/n/b/38-stylish-designer-belt-with-nickel-plated-rust-proof-zinc-original-imafgz8z44ndvqus.jpeg",
        "brand": "URBAN ALFAMI",
        "description": "Men Formal, Casual, Party, Formal Brown Genuine Leather...",
        "new-price": "₹359",
        "old-price": "₹1,499",
        "discount": "76% off",
        "delivery-type": "Free delivery"
    },
    {
        "image": "https://rukminim2.flixcart.com/image/612/612/l2f20sw0/trouser/6/d/d/32-rmts04447-b8-raymond-original-imagdry7begvbtcz.jpeg",
        "brand": "Raymond",
        "description": "Slim Fit Men Dark Blue Polyester Blend Trousers",
        "new-price": "₹823",
        "old-price": "₹2,299",
        "discount": "64% off",
        "delivery-type": "Free delivery"
    },
    {
        "image": "https://rukminim2.flixcart.com/image/612/612/klv7ekw0/trouser/6/e/3/32-t684-trouser-baleno-maroon-aa-ad-av-original-imagyvjfzzmj6uav.jpeg",
        "brand": "AD & AV",
        "description": "Regular Fit Men Maroon Polyester Viscose Blend Trousers",
        "new-price": "₹449",
        "old-price": "₹1,299",
        "discount": "65% off",
        "delivery-type": "Free delivery"
    },
    {
        "image": "https://rukminim2.flixcart.com/image/612/612/kltryq80/trouser/n/u/9/38-t686-trouser-baleno-light-sgrey-aa-ad-av-original-imagyvfera9ygbx2.jpeg",
        "brand": "AD & AV",
        "description": "Regular Fit Men Grey Polyester Viscose Blend Trousers",
        "new-price": "₹434",
        "old-price": "₹1,545",
        "discount": "71% off",
        "delivery-type": "Free delivery"
    },
    {
        "image": "https://rukminim2.flixcart.com/image/612/612/kk8mcnk0/watch/a/z/g/csd-326-blk-1-blk-casado-original-imafzmryb8bphzah.jpeg",
        "brand": "CASADO",
        "description": "CSD-326-BLK-1-BLK All Black Combo Set of Wayfarer Sungl...",
        "new-price": "₹303",
        "old-price": "₹1,499",
        "discount": "79% off",
        "delivery-type": "Free delivery"
    },
    {
        "image": "https://rukminim2.flixcart.com/image/612/612/kv8fbm80/trouser/c/g/v/-original-imag86rxzh5cxwqa.jpeg",
        "brand": "PETER ENGLAND",
        "description": "Slim Fit Men Dark Blue Polyester Viscose Blend Trousers",
        "new-price": "₹759",
        "old-price": "₹1,799",
        "discount": "57% off",
        "delivery-type": "Free delivery"
    },
    {
        "image": "https://rukminim2.flixcart.com/image/612/612/kflftzk0-0/trouser/b/h/w/28-t-127-trouser-baleno-cream-aa-ad-av-original-imafwyer93rqeypd.jpeg",
        "brand": "AD & AV",
        "description": "Regular Fit Men Cream Cotton Blend Trousers",
        "new-price": "₹399",
        "old-price": "₹1,499",
        "discount": "73% off",
        "delivery-type": "Free delivery"
    },
    {
        "image": "https://rukminim2.flixcart.com/image/612/612/k7nnrm80/wallet-card-wallet/u/8/3/toronto-1004-wallet-urban-forest-original-imafpucfhcsck3b3.jpeg",
        "brand": "URBAN FOREST",
        "description": "Men Casual, Formal Maroon Genuine Leather Wallet - Regu...",
        "new-price": "₹521",
        "old-price": "₹2,000",
        "discount": "73% off",
        "delivery-type": "Free delivery"
    },
    {
        "image": "https://rukminim2.flixcart.com/image/612/612/ky0g58w0/belt/w/k/a/one-size-rab-58-s5-z-rab-58-s5-z-belt-zoro-original-imagacdqzgpz8srb.jpeg",
        "brand": "ZORO",
        "description": "Men Casual, Evening, Formal, Party Black Artificial Lea...",
        "new-price": "₹299",
        "old-price": "₹1,499",
        "discount": "80% off",
        "delivery-type": "Free delivery"
    },
    {
        "image": "https://rukminim2.flixcart.com/image/612/612/kyj0vbk0/belt/c/s/d/44-mens-brown-casual-original-genuine-leather-belt-original-imagaqpzdh4sfykw.jpeg",
        "brand": "KAEZRI",
        "description": "Men Evening, Party, Formal, Casual Brown Genuine Leathe...",
        "new-price": "₹299",
        "old-price": "₹1,999",
        "discount": "85% off",
        "delivery-type": "Free delivery"
    },
    {
        "image": "https://rukminim2.flixcart.com/image/612/612/kst9gnk0/belt/f/t/z/38-katabbd-katabbd-katabbd-kaezri-original-imag6aujcjap5eez.jpeg",
        "brand": "KAEZRI",
        "description": "Men Evening, Party, Formal, Casual Black Genuine Leathe...",
        "new-price": "₹299",
        "old-price": "₹1,999",
        "discount": "85% off",
        "delivery-type": "Free delivery"
    },
    {
        "image": "https://rukminim2.flixcart.com/image/612/612/km9ht3k0/wallet-card-wallet/s/d/2/dc-high-quality-premium-classic-wallet-dcswal085-wallet-dezire-original-imagf75zyurhyput.jpeg",
        "brand": "DEZiRE CRAfTS",
        "description": "Men Casual, Formal Beige Artificial Leather Wallet - Re...",
        "new-price": "₹225",
        "old-price": "₹1,199",
        "discount": "81% off",
        "delivery-type": "Free delivery"
    },
    {
        "image": "https://rukminim2.flixcart.com/image/612/612/l3929ow0/belt/o/o/l/42-100-genuine-leather-brown-casual-and-formal-belts-for-men-2-original-imageeyzyuhhs6an.jpeg",
        "brand": "KAEZRI",
        "description": "Men Evening, Party, Formal, Casual Brown Genuine Leathe...",
        "new-price": "₹364",
        "old-price": "₹1,999",
        "discount": "81% off",
        "delivery-type": "Free delivery"
    },
    {
        "image": "https://rukminim2.flixcart.com/image/612/612/l2f20sw0/watch/y/d/h/2-new-combo-of-square-dial-black-and-white-silicone-strap-blue-original-imagdrnekwuekwtq.jpeg",
        "brand": "Blue Pearl",
        "description": "New Combo Of Square Dial Black and White Silicone Strap...",
        "new-price": "₹369",
        "old-price": "₹1,299",
        "discount": "71% off",
        "delivery-type": "Free delivery"
    },
    {
        "image": "https://rukminim2.flixcart.com/image/612/612/kuwzssw0/watch/b/3/d/1-ls2978-limestone-men-original-imag7xhmgh9zyr6z.jpeg",
        "brand": "LIMESTONE",
        "description": "LS2978 Day and Date Functioning Steel Strap New Quartz ...",
        "new-price": "₹319",
        "old-price": "₹1,999",
        "discount": "84% off",
        "delivery-type": "Free delivery"
    },
    {
        "image": "https://rukminim2.flixcart.com/image/612/612/krgohow0/hand-messenger-bag/l/w/5/girls-college-shoulder-bag-girls-college-shoulder-bag-shoulder-original-imag58ykajtnsygr.jpeg",
        "brand": "ARMODA",
        "description": "Women Blue, Grey Shoulder Bag - Regular Size",
        "new-price": "₹689",
        "old-price": "₹2,499",
        "discount": "72% off",
        "delivery-type": "Free delivery"
    },
    {
        "image": "https://rukminim2.flixcart.com/image/612/612/kq8dua80/wallet-card-wallet/u/n/k/men-black-genuine-leather-wallet-gift-set-combo-giftbox190-original-imag4abtj8vhkq6q.jpeg",
        "brand": "WILDHORN",
        "description": "Men Formal Black Genuine Leather RFID  Wallet - Mini",
        "new-price": "₹899",
        "old-price": "₹1,999",
        "discount": "55% off",
        "delivery-type": "Free delivery"
    },
    {
        "image": "https://rukminim2.flixcart.com/image/612/612/kfoapow0-0/trouser/x/8/p/34-non-den-trouser-15-34-kundan-original-imafw2kytwuygnmh.jpeg",
        "brand": "Kundan",
        "description": "Slim Fit Men Black Polycotton Trousers",
        "new-price": "₹379",
        "old-price": "₹1,499",
        "discount": "74% off",
        "delivery-type": "Free delivery"
    },
    {
        "image": "https://rukminim2.flixcart.com/image/612/612/kz1lle80/trouser/r/f/e/28-eh-x-gopi-elanhood-original-imagb59tvnpfyfvs.jpeg",
        "brand": "ELANHOOD",
        "description": "Slim Fit Men Black Polyester Viscose Blend Trousers",
        "new-price": "₹348",
        "old-price": "₹1,299",
        "discount": "73% off",
        "delivery-type": "Free delivery"
    },
    {
        "image": "https://rukminim2.flixcart.com/image/612/612/ke4kjgw0-0/trouser/j/t/z/40-x-formal-classio-fashion-original-imafuvdswrhzjqyc.jpeg",
        "brand": "CLASSIO FASHION",
        "description": "Regular Fit Men Blue Pure Cotton Trousers",
        "new-price": "₹425",
        "old-price": "₹1,299",
        "discount": "67% off",
        "delivery-type": "Free delivery"
    },
    {
        "image": "https://rukminim2.flixcart.com/image/612/612/jg8ahzk0/belt/h/a/p/34-inches-lb35-brsm-0534-lb35sm04-belt-urban-alfami-original-imaf4g68azjfyygc.jpeg",
        "brand": "URBAN ALFAMI",
        "description": "Men Party, Formal, Casual Brown Genuine Leather Belt",
        "new-price": "₹359",
        "old-price": "₹1,499",
        "discount": "76% off",
        "delivery-type": "Free delivery"
    },
    {
        "image": "https://rukminim2.flixcart.com/image/612/612/klqx30w0/trouser/i/y/n/44-n-s-formal-classio-fashion-original-imagysagkdm8hgzt.jpeg",
        "brand": "CLASSIO FASHION",
        "description": "Regular Fit Men Grey Cotton Blend Trousers",
        "new-price": "₹425",
        "old-price": "₹1,299",
        "discount": "67% off",
        "delivery-type": "Free delivery"
    },
    {
        "image": "https://rukminim2.flixcart.com/image/612/612/kxrvi4w0/trouser/v/l/k/44-pmtx06761-k8-park-avenue-original-imaga5r6ggaxmgqc.jpeg",
        "brand": "PARK AVENUE",
        "description": "Men Black Polyester Blend Trousers",
        "new-price": "₹719",
        "old-price": "₹2,199",
        "discount": "67% off",
        "delivery-type": "Free delivery"
    },
    {
        "image": "https://rukminim2.flixcart.com/image/612/612/kph8h3k0/trouser/l/n/2/38-lptfmslpy74066-louis-philippe-original-imag3p42sbggxfns.jpeg",
        "brand": "LOUIS PHILIPPE",
        "description": "Slim Fit Men Blue Polyester Blend Trousers",
        "new-price": "₹999",
        "old-price": "₹2,199",
        "discount": "54% off",
        "delivery-type": "Free delivery"
    },
    {
        "image": "https://rukminim2.flixcart.com/image/612/612/k1i6ikw0/watch/b/f/k/smydx0507-espoir-original-imafh28pgggxxfcy.jpeg",
        "brand": "Espoir",
        "description": "SMYDX0507 Blue Day and Date Functioning High Quality An...",
        "new-price": "₹294",
        "old-price": "₹1,995",
        "discount": "85% off",
        "delivery-type": "Free delivery"
    },
    {
        "image": "https://rukminim2.flixcart.com/image/612/612/kfoapow0-0/trouser/e/m/v/32-non-den-trouser-35-32-kundan-original-imafw2jxgap25gnr.jpeg",
        "brand": "Kundan",
        "description": "Slim Fit Men White Polycotton Trousers",
        "new-price": "₹369",
        "old-price": "₹1,499",
        "discount": "75% off",
        "delivery-type": "Free delivery"
    },
    {
        "image": "https://rukminim2.flixcart.com/image/612/612/kq43iq80/wallet-card-wallet/1/c/m/al504-al504-wallet-highlark-original-imag47gbmj7agara.jpeg",
        "brand": "Highlark",
        "description": "Men Formal Brown Artificial Leather Wallet - Regular Si...",
        "new-price": "₹219",
        "old-price": "₹999",
        "discount": "78% off",
        "delivery-type": "Free delivery"
    },
    {
        "image": "https://rukminim2.flixcart.com/image/612/612/km6mxe80/belt/v/g/k/42-women-s-metal-wide-plate-adjustable-ladies-belt-2-cm-wide-original-imagf57mbfzhgpxw.jpeg",
        "brand": "Satyam Kraft",
        "description": "Girls Casual, Formal, Evening, Party Gold Metal Belt",
        "new-price": "₹299",
        "old-price": "₹1,200",
        "discount": "75% off",
        "delivery-type": "Free delivery"
    },
    {
        "image": "https://rukminim2.flixcart.com/image/612/612/l3ahpjk0/wallet-card-wallet/r/f/l/wallet-2-6-at506-set-of-2-6-wallet-highlark-15-original-imageg5nnscmtxrh.jpeg",
        "brand": "Highlark",
        "description": "Men Formal Beige Artificial Leather Wallet - Mini",
        "new-price": "₹339",
        "old-price": "₹999",
        "discount": "66% off",
        "delivery-type": "Free delivery"
    },
    {
        "image": "https://rukminim2.flixcart.com/image/612/612/jyug0i80/belt/q/t/4/32-stylish-designer-belt-with-nickel-plated-rust-proof-zinc-original-imafgz8ppumpnafu.jpeg",
        "brand": "URBAN ALFAMI",
        "description": "Men Formal, Casual, Party, Formal Black Genuine Leather...",
        "new-price": "₹299",
        "old-price": "₹1,499",
        "discount": "80% off",
        "delivery-type": "Free delivery"
    },
    {
        "image": "https://rukminim2.flixcart.com/image/612/612/jyug0i80/belt/y/n/b/38-stylish-designer-belt-with-nickel-plated-rust-proof-zinc-original-imafgz8z44ndvqus.jpeg",
        "brand": "URBAN ALFAMI",
        "description": "Men Formal, Casual, Party, Formal Brown Genuine Leather...",
        "new-price": "₹299",
        "old-price": "₹1,499",
        "discount": "80% off",
        "delivery-type": "Free delivery"
    },
    {
        "image": "https://rukminim2.flixcart.com/image/612/612/ksnjp8w0/watch/c/o/f/1-ar2075-emporio-armani-men-original-imag669ngzg3fcnh.jpeg",
        "brand": "EMPORIO ARMANI",
        "description": "AR2075 Luigi Analog Watch  - For Men",
        "new-price": "₹6,449",
        "old-price": "₹16,995",
        "discount": "62% off",
        "delivery-type": "Free delivery"
    },
    {
        "image": "https://rukminim2.flixcart.com/image/612/612/kjswia80/wallet-card-wallet/i/t/p/ver05-ver05-blk-wallet-massi-miliano-original-imafzacdqtkxhhnm.jpeg",
        "brand": "Massi Miliano",
        "description": "Men Formal Black Genuine Leather Wallet - Mini",
        "new-price": "₹525",
        "old-price": "₹649",
        "discount": "19% off",
        "delivery-type": "Free delivery"
    },
    {
        "image": "https://rukminim2.flixcart.com/image/612/612/ktizdzk0/watch/q/n/j/1-d-d-c22-blue-black-piraso-men-original-imag6ugrhzhfkhuf.jpeg",
        "brand": "PIRASO",
        "description": "D&D C22 BLUE BLACK Classy Look Blue Dial and Black Chai...",
        "new-price": "₹359",
        "old-price": "₹1,599",
        "discount": "77% off",
        "delivery-type": "Free delivery"
    },
    {
        "image": "https://rukminim2.flixcart.com/image/612/612/kwtkxow0/sling-bag/n/e/r/women-sling-bag-regular-size-2-15-sling-baggg-sling-bag-lekhx-15-original-imag9ez98hx8up59.jpeg",
        "brand": "LEKHX",
        "description": "Black Women Sling Bag - Regular Size",
        "new-price": "₹338",
        "old-price": "₹2,899",
        "discount": "88% off",
        "delivery-type": "Free delivery"
    },
    {
        "image": "https://rukminim2.flixcart.com/image/612/612/kxhvf680/trouser/w/5/1/-original-imag9xz4ggupnr74.jpeg",
        "brand": "PARK AVENUE",
        "description": "Relaxed Men Blue Pure Cotton Trousers",
        "new-price": "₹789",
        "old-price": "₹2,399",
        "discount": "67% off",
        "delivery-type": "Free delivery"
    },
    {
        "image": "https://rukminim2.flixcart.com/image/612/612/k1zbssw0/wallet-card-wallet/a/c/d/stylish-modern-wallet-with-flip-id-coin-pocket-dcswal041-wallet-original-imafhfm3nychguzr.jpeg",
        "brand": "DEZiRE CRAfTS",
        "description": "Men Formal, Casual Black Artificial Leather Wallet - Re...",
        "new-price": "₹276",
        "old-price": "₹1,299",
        "discount": "78% off",
        "delivery-type": "Free delivery"
    },
    {
        "image": "https://rukminim2.flixcart.com/image/612/612/klqx30w0/trouser/j/x/6/36-n-s-formal-classio-fashion-original-imagysagg3xdy92n.jpeg",
        "brand": "CLASSIO FASHION",
        "description": "Regular Fit Men Black Cotton Blend Trousers",
        "new-price": "₹425",
        "old-price": "₹1,299",
        "discount": "67% off",
        "delivery-type": "Free delivery"
    },
    {
        "image": "https://rukminim2.flixcart.com/image/612/612/kfoapow0-0/trouser/x/8/p/34-non-den-trouser-15-34-kundan-original-imafw2kytwuygnmh.jpeg",
        "brand": "Kundan",
        "description": "Slim Fit Men Black Polycotton Trousers",
        "new-price": "₹399",
        "old-price": "₹1,499",
        "discount": "73% off",
        "delivery-type": "Free delivery"
    },
    {
        "image": "https://rukminim2.flixcart.com/image/612/612/kz3118w0/trouser/n/t/q/40-eh-x-formal-elanhood-original-imagb64wfgxtfctf.jpeg",
        "brand": "ELANHOOD",
        "description": "Regular Fit Men Blue Pure Cotton Trousers",
        "new-price": "₹425",
        "old-price": "₹1,299",
        "discount": "67% off",
        "delivery-type": "Free delivery"
    },
    {
        "image": "https://rukminim2.flixcart.com/image/612/612/jx3kn0w0/belt/7/q/6/one-size-cotton-belt-cb-40-gn-belt-zoro-original-imafhm7ddfpjtkra.jpeg",
        "brand": "ZORO",
        "description": "Men Casual, Party, Formal, Evening Green Canvas Belt",
        "new-price": "₹179",
        "old-price": "₹499",
        "discount": "64% off",
        "delivery-type": "Free delivery"
    }
]