[
    {
        "image": "https://rukminim2.flixcart.com/image/612/612/l2m78280/keyboard/gaming-keyboard/a/g/v/rgb-gaming-keyboard-twolf-rgb-3200dpi-wired-gaming-mouse-xxl-original-imagdwwyfgsgsk2r.jpeg",
        "description": "FKU RGB GAMING KEYBOARD, TWOLF RGB 3200DPI WIRED GAMING...",
        "color": "Black",
        "new-price": "₹1,804",
        "old-price": "₹3,999",
        "discount": "54% off",
        "delivery-type": "Free delivery",
        "offer": "Bank Offer"
    },
    {
        "image": "https://rukminim2.flixcart.com/image/612/612/l30hmkw0/keyboard/t/n/8/-original-image8f8cz3vhbvc.jpeg",
        "description": "Redgear Shadow Blade Wired USB Gaming Keyboard",
        "color": "Black",
        "stars": "4.7",
        "reviews": "(182)",
        "new-price": "₹2,199",
        "old-price": "₹3,999",
        "discount": "45% off",
        "delivery-type": "Free delivery",
        "offer": "Bank Offer"
    },
    {
        "image": "https://rukminim2.flixcart.com/image/612/612/kp4difk0/keyboard/gaming-keyboard/f/r/f/blaze-7-redgear-original-imag3f7tvrqfqyby.jpeg",
        "description": "Redgear Blaze 7 Wired USB Gaming Keyboard",
        "color": "Black",
        "stars": "4.4",
        "reviews": "(287)",
        "new-price": "₹1,049",
        "old-price": "₹1,499",
        "discount": "30% off",
        "delivery-type": "Free delivery",
        "offer": "Bank Offer"
    },
    {
        "image": "https://rukminim2.flixcart.com/image/612/612/l1nwnm80/keyboard/gaming-keyboard/u/g/x/evofox-fireblade-led-backlit-amkette-original-imagd693ghwvuphr.jpeg",
        "description": "AMKETTE EvoFox Fireblade LED Backlit Wired USB Gaming K...",
        "color": "Black",
        "stars": "4.3",
        "reviews": "(3,089)",
        "new-price": "₹949",
        "old-price": "₹1,299",
        "discount": "26% off",
        "delivery-type": "Free delivery",
        "offer": "Bank Offer"
    },
    {
        "image": "https://rukminim2.flixcart.com/image/612/612/kz1lle80/keyboard/gaming-keyboard/c/v/t/t-wolf-t19-wired-one-handed-gaming-keyboard-35-key-colorful-original-imagb58mws4x8uzv.jpeg",
        "description": "VIBOTON T-WOLF T19 Wired One-handed Gaming Keyboard 35 ...",
        "color": "Black",
        "stars": "4",
        "reviews": "(48)",
        "new-price": "₹929",
        "old-price": "₹3,999",
        "discount": "76% off",
        "delivery-type": "Free delivery",
        "offer": "Bank Offer"
    },
    {
        "image": "https://rukminim2.flixcart.com/image/612/612/l2dmky80/keyboard/gaming-keyboard/t/m/n/v5-gaming-keyboard-wired-usb-gaming-keyboard-fku-original-imagdqqh6gp4sey9.jpeg",
        "description": "FKU V5 Gaming Keyboard Wired USB Gaming Keyboard Wired ...",
        "color": "Black",
        "new-price": "₹949",
        "old-price": "₹1,699",
        "discount": "44% off",
        "delivery-type": "Free delivery",
        "offer": "Bank Offer"
    },
    {
        "image": "https://rukminim2.flixcart.com/image/612/612/kyrlifk0/keyboard/gaming-keyboard/3/l/h/zeb-transformer-k4-double-injection-backlit-keycaps-control-knob-original-imagax93dw76zqyr.jpeg",
        "description": "ZEBRONICS ZEB-TRANSFORMER K4 Double injection backlit k...",
        "color": "Black",
        "stars": "4.5",
        "reviews": "(91)",
        "new-price": "₹1,299",
        "old-price": "₹2,199",
        "discount": "40% off",
        "delivery-type": "Free delivery",
        "offer": "Bank Offer"
    },
    {
        "image": "https://rukminim2.flixcart.com/image/612/612/l0cr4i80/keyboard/1/t/l/-original-imagc5m6mxzjrhwd.jpeg",
        "description": "Wings GRIND105 Wired USB Gaming Keyboard",
        "color": "Black",
        "stars": "4.9",
        "reviews": "(59)",
        "new-price": "₹1,033",
        "old-price": "₹1,999",
        "discount": "48% off",
        "delivery-type": "Free delivery",
        "offer": "Bank Offer"
    },
    {
        "image": "https://rukminim2.flixcart.com/image/612/612/ku79vgw0/keyboard/gaming-keyboard/1/c/z/pk-29-led-backlit-with-mechanical-switch-feeling-flipkart-original-imag7dvggbxzftjd.jpeg",
        "description": "Flipkart SmartBuy PK-29 LED Backlit with Mechanical Swi...",
        "color": "Black",
        "stars": "4.4",
        "reviews": "(846)",
        "new-price": "₹1,249",
        "old-price": "₹1,599",
        "discount": "21% off",
        "delivery-type": "Free delivery",
        "offer": "Bank Offer"
    },
    {
        "image": "https://rukminim2.flixcart.com/image/612/612/ksaoqkw0/keyboard/gaming-keyboard/q/s/q/usb-wired-keyboard-fighter-with-rainbow-color-led-ergonomic-original-imag5w4ke75uaahe.jpeg",
        "description": "Enter USB wired keyboard Fighter with rainbow color LED...",
        "color": "Black",
        "stars": "4.2",
        "reviews": "(6)",
        "new-price": "₹877",
        "old-price": "₹1,495",
        "discount": "41% off",
        "delivery-type": "Free delivery",
        "offer": "Bank Offer"
    },
    {
        "image": "https://rukminim2.flixcart.com/image/612/612/k6gsk280/keyboard/gaming-keyboard/x/g/t/redragon-shiva-k512-original-imafzxe4vzwkbjfx.jpeg",
        "description": "Redragon SHIVA K512 Wired USB Gaming Keyboard",
        "color": "Black",
        "stars": "4.4",
        "reviews": "(73)",
        "new-price": "₹2,299",
        "old-price": "₹2,590",
        "discount": "11% off",
        "delivery-type": "Free delivery",
        "offer": "Bank Offer"
    },
    {
        "image": "https://rukminim2.flixcart.com/image/612/612/kiow6fk0-0/keyboard/gaming-keyboard/p/t/7/zeb-magnus-zebronics-original-imafyfftskutknfu.jpeg",
        "description": "ZEBRONICS ZEB-MAGNUS Wired USB Gaming Keyboard",
        "color": "Black",
        "stars": "4.4",
        "reviews": "(449)",
        "new-price": "₹1,399",
        "old-price": "₹2,499",
        "discount": "44% off",
        "delivery-type": "Free delivery",
        "offer": "Bank Offer"
    },
    {
        "image": "https://rukminim2.flixcart.com/image/612/612/kmxsakw0/keyboard/gaming-keyboard/x/a/r/huntsman-mini-mercury-edition-clicky-purple-switch-razer-original-imagfqbhhfsy9qwa.jpeg",
        "description": "Razer Huntsman Mini - Mercury Edition (Clicky Purple Sw...",
        "color": "White",
        "new-price": "₹9,999",
        "old-price": "₹15,999",
        "discount": "37% off",
        "delivery-type": "Free delivery",
        "offer": "Bank Offer"
    },
    {
        "image": "https://rukminim2.flixcart.com/image/612/612/kxf0jgw0/keyboard/gaming-keyboard/i/j/b/t16-104-keys-rgb-backlight-usb-gaming-keyboards-viboton-original-imag9vjfuvpjkyhx.jpeg",
        "description": "VIBOTON T16 104 Keys RGB Backlight Usb Gaming keyboards...",
        "color": "Black",
        "stars": "4",
        "reviews": "(5)",
        "new-price": "₹949",
        "old-price": "₹1,999",
        "discount": "52% off",
        "delivery-type": "Free delivery",
        "offer": "Bank Offer"
    },
    {
        "image": "https://rukminim2.flixcart.com/image/612/612/kwwfte80/keyboard/gaming-keyboard/c/u/5/cb-gk-29-black-eye-pro-wired-per-key-rgb-mechanical-with-original-imag9hbgpdfqwddq.jpeg",
        "description": "Cosmic Byte CB-GK-29 Black Eye PRO Wired Per Key RGB Me...",
        "color": "Black",
        "stars": "4.7",
        "reviews": "(3)",
        "new-price": "₹3,149",
        "old-price": "₹4,499",
        "discount": "30% off",
        "delivery-type": "Free delivery",
        "offer": "Bank Offer"
    },
    {
        "image": "https://rukminim2.flixcart.com/image/612/612/ktd9mkw0/keyboard/multi-device-keyboard/t/i/r/mini-keyboard-for-all-smart-phone-and-laptop-compatible-original-imag6qdbjbvwyec7.jpeg",
        "description": "Backet Mini Keyboard for all smart phone and laptop com...",
        "color": "Black",
        "stars": "4.3",
        "reviews": "(3)",
        "new-price": "₹569",
        "old-price": "₹1,499",
        "discount": "62% off",
        "delivery-type": "Free delivery",
        "offer": "Bank Offer"
    },
    {
        "image": "https://rukminim2.flixcart.com/image/612/612/k7ksvww0/keyboard/gaming-keyboard/7/g/r/hp-gk100-gaming-keyboard-original-imafpsfbbgnp6qzq.jpeg",
        "description": "HP GK100 Wired USB Gaming Keyboard",
        "color": "Black",
        "stars": "4.6",
        "reviews": "(873)",
        "new-price": "₹1,909",
        "old-price": "₹2,799",
        "discount": "31% off",
        "delivery-type": "Free delivery",
        "offer": "Bank Offer"
    },
    {
        "image": "https://rukminim2.flixcart.com/image/612/612/kxhvf680/keyboard/gaming-keyboard/j/v/4/k95-rgb-platinum-xt-mx-speed-corsair-original-imag9yytwev67hbr.jpeg",
        "description": "CORSAIR K95 RGB Platinum XT MX Speed Wired USB Gaming K...",
        "color": "Black",
        "new-price": "₹17,999",
        "old-price": "₹21,700",
        "discount": "17% off",
        "delivery-type": "Free delivery",
        "offer": "Bank Offer"
    },
    {
        "image": "https://rukminim2.flixcart.com/image/612/612/klzhq4w0/keyboard/gaming-keyboard/j/g/d/tuf-gaming-k1-ra04-asus-original-imagyz9yuzkuzy64.jpeg",
        "description": "ASUS TUF Gaming K1 - RA04 Wired USB Gaming Keyboard",
        "color": "Black",
        "stars": "3.8",
        "reviews": "(43)",
        "new-price": "₹3,899",
        "old-price": "₹4,400",
        "discount": "11% off",
        "delivery-type": "Free delivery",
        "offer": "Bank Offer"
    },
    {
        "image": "https://rukminim2.flixcart.com/image/612/612/l2f20sw0/keyboard/gaming-keyboard/o/p/4/rgb-gaming-keyboard-twolf-rgb-3200dpi-wired-gaming-mouse-original-imagdrgrhhdapcxh.jpeg",
        "description": "FKU RGB GAMING KEYBOARD, TWOLF RGB 3200DPI WIRED GAMING...",
        "color": "Black",
        "new-price": "₹1,799",
        "old-price": "₹3,999",
        "discount": "55% off",
        "delivery-type": "Free delivery",
        "offer": "Bank Offer"
    },
    {
        "image": "https://rukminim2.flixcart.com/image/612/612/knyxqq80/keyboard/gaming-keyboard/8/j/i/shadow-amulet-redgear-original-imag2gvgqansg9jc.jpeg",
        "description": "Redgear Shadow Amulet Wired USB Gaming Keyboard",
        "color": "Black",
        "stars": "4.4",
        "reviews": "(125)",
        "new-price": "₹1,599",
        "old-price": "₹2,999",
        "discount": "46% off",
        "delivery-type": "Free delivery",
        "offer": "Bank Offer"
    },
    {
        "image": "https://rukminim2.flixcart.com/image/612/612/keyboard/gaming-keyboard/y/p/s/red-gear-mk881-invador-professional-mechanical-keyboard-with-original-imaeqcgappwyemg6.jpeg",
        "description": "Redgear MK881 Invador professional mechanical with Kail...",
        "color": "Black",
        "stars": "4.4",
        "reviews": "(222)",
        "new-price": "₹2,499",
        "old-price": "₹3,994",
        "discount": "37% off",
        "delivery-type": "Free delivery",
        "offer": "Hot Deal"
    },
    {
        "image": "https://rukminim2.flixcart.com/image/612/612/kpzt7680/keyboard/gaming-keyboard/m/z/q/km540-ant-esports-original-imag43u3ch2hhqbz.jpeg",
        "description": "Ant Esports KM540 Wired USB Gaming Keyboard",
        "color": "Black",
        "stars": "4.4",
        "reviews": "(71)",
        "new-price": "₹1,881",
        "old-price": "₹2,499",
        "discount": "24% off",
        "delivery-type": "Free delivery",
        "offer": "Bank Offer"
    },
    {
        "image": "https://rukminim2.flixcart.com/image/612/612/kxgfzbk0/keyboard/multi-device-keyboard/k/v/i/zeb-max-ninja-zebronics-original-imag9whzdp586jen.jpeg",
        "description": "ZEBRONICS Zeb-Max Ninja Wireless, Bluetooth Gaming Keyb...",
        "color": "Black",
        "stars": "4.4",
        "reviews": "(9)",
        "new-price": "₹4,299",
        "old-price": "₹8,999",
        "discount": "52% off",
        "delivery-type": "Free delivery",
        "offer": "Bank Offer"
    },
    {
        "image": "https://rukminim2.flixcart.com/image/612/612/kr0ynbk0/keyboard/gaming-keyboard/u/g/e/zeb-max-chroma-zebronics-original-imag4ws3fmfyqghq.jpeg",
        "description": "ZEBRONICS Zeb-Max Chroma Wired USB Gaming Keyboard",
        "color": "Black",
        "stars": "4.3",
        "reviews": "(14)",
        "new-price": "₹3,749",
        "old-price": "₹9,999",
        "discount": "62% off",
        "delivery-type": "Free delivery",
        "offer": "Lowest Price in 15 days"
    },
    {
        "image": "https://rukminim2.flixcart.com/image/612/612/kj0bp8w0-0/keyboard/gaming-keyboard/t/z/x/mk3200-multicolor-led-backlit-mechanical-gaming-ant-esports-original-imafynzjhvnghe88.jpeg",
        "description": "Ant Esports MK3200 Multicolor LED Backlit Mechanical Ga...",
        "color": "Black",
        "stars": "4.6",
        "reviews": "(5)",
        "new-price": "₹2,099",
        "old-price": "₹4,812",
        "discount": "56% off",
        "delivery-type": "Free delivery",
        "offer": "Bank Offer"
    },
    {
        "image": "https://rukminim2.flixcart.com/image/612/612/ksyz8280/keyboard/gaming-keyboard/6/v/g/zeb-max-atom-zebronics-original-imag6fyjaqgzzu9g.jpeg",
        "description": "ZEBRONICS Zeb-Max Atom Wired USB Gaming Keyboard",
        "color": "Black",
        "stars": "4.5",
        "reviews": "(8)",
        "new-price": "₹2,099",
        "old-price": "₹4,999",
        "discount": "58% off",
        "delivery-type": "Free delivery",
        "offer": "Lowest Price in 15 days"
    },
    {
        "image": "https://rukminim2.flixcart.com/image/612/612/k7usyvk0/keyboard/gaming-keyboard/z/y/q/cosmic-byte-cb-gk-14-siius-bluetooth-wired-original-imafqy2wgbh9dgpy.jpeg",
        "description": "Cosmic Byte CB-GK-14 Siius Bluetooth/Wired Bluetooth Ga...",
        "color": "Black",
        "stars": "4.3",
        "reviews": "(27)",
        "new-price": "₹4,440",
        "old-price": "₹5,699",
        "discount": "22% off",
        "delivery-type": "Free delivery",
        "offer": "Bank Offer"
    },
    {
        "image": "https://rukminim2.flixcart.com/image/612/612/l071d3k0/keyboard/gaming-keyboard/j/9/n/cb-gk-20-styx-tkl-membrane-cosmic-byte-original-imagcfbtahcefhnb.jpeg",
        "description": "Cosmic Byte CB-GK-20 Styx TKL Membrane Wired USB Gaming...",
        "color": "Black",
        "new-price": "₹835",
        "old-price": "₹849",
        "discount": "1% off",
        "delivery-type": "Free delivery",
        "offer": "Bank Offer"
    },
    {
        "image": "https://rukminim2.flixcart.com/image/612/612/kmxsakw0/keyboard/gaming-keyboard/j/h/5/tartarus-pro-analog-optical-mercury-razer-original-imagfqbhqwysqfsx.jpeg",
        "description": "Razer Tartarus Pro - Analog Optical Mercury Wired USB G...",
        "color": "White, Grey",
        "new-price": "₹10,030",
        "old-price": "₹14,999",
        "discount": "33% off",
        "delivery-type": "Free delivery",
        "offer": "Bank Offer"
    },
    {
        "image": "https://rukminim2.flixcart.com/image/612/612/jpsnma80/keyboard/gaming-keyboard/n/5/j/hyperx-hx-kb5me2-us-original-imafbybs6z58r4dr.jpeg",
        "description": "HyperX Alloy Core RGB (HX-KB5ME2-US) Membrane Wired USB...",
        "color": "Black",
        "stars": "4.6",
        "reviews": "(247)",
        "new-price": "₹5,999",
        "old-price": "₹6,290",
        "discount": "4% off",
        "delivery-type": "Free delivery",
        "offer": "Bank Offer"
    },
    {
        "image": "https://rukminim2.flixcart.com/image/612/612/kxhvf680/keyboard/gaming-keyboard/5/c/q/k55-pro-rgb-corsair-original-imag9yyttqw87tar.jpeg",
        "description": "CORSAIR K55 PRO RGB Wired USB Gaming Keyboard",
        "color": "Black",
        "stars": "4.6",
        "reviews": "(9)",
        "new-price": "₹3,618",
        "old-price": "₹6,700",
        "discount": "46% off",
        "delivery-type": "Free delivery",
        "offer": "Bank Offer"
    },
    {
        "image": "https://rukminim2.flixcart.com/image/612/612/l1b1oy80/keyboard/gaming-keyboard/e/b/r/backlit-mini-keyboard-touchpad-mouse-mini-wireless-keyboard-with-original-imagcwzqzrx4csxy.jpeg",
        "description": "coolcold Backlit Mini Keyboard Touchpad Mouse, Mini Wir...",
        "color": "Black",
        "new-price": "₹579",
        "old-price": "₹1,499",
        "discount": "61% off",
        "delivery-type": "Free delivery",
        "offer": "Bank Offer"
    },
    {
        "image": "https://rukminim2.flixcart.com/image/612/612/kwfaj680/keyboard/gaming-keyboard/r/v/m/omen-sequencer-hp-original-imag93vhkgcy2hpe.jpeg",
        "description": "HP Omen Sequencer Wired USB Gaming Keyboard",
        "color": "Black",
        "stars": "4.5",
        "reviews": "(76)",
        "new-price": "₹6,299",
        "old-price": "₹10,798",
        "discount": "41% off",
        "delivery-type": "Free delivery",
        "offer": "Bank Offer"
    },
    {
        "image": "https://rukminim2.flixcart.com/image/612/612/kwtkxow0/keyboard/gaming-keyboard/a/j/l/hermes-e3-rgb-mechanical-gaming-keyboard-blue-switch-with-19-original-imag9f2huget4ctp.jpeg",
        "description": "GAMDIAS E3 RGB Mechanical Gaming Keyboard Blue Switch w...",
        "color": "White",
        "stars": "5",
        "reviews": "(6)",
        "new-price": "₹4,440",
        "old-price": "₹9,500",
        "discount": "53% off",
        "delivery-type": "Free delivery",
        "offer": "Bank Offer"
    },
    {
        "image": "https://rukminim2.flixcart.com/image/612/612/kmp7ngw0/keyboard/gaming-keyboard/f/t/b/mini-35-keys-one-hand-mechanical-keyboard-upgraded-v100-gaming-original-imagfjjgttf7gzhb.jpeg",
        "description": "PSYPHY 35 keys one-handed wired keyboard New Ergonomic ...",
        "color": "Black",
        "new-price": "₹1,786",
        "old-price": "₹2,199",
        "discount": "18% off",
        "delivery-type": "Free delivery",
        "offer": "Bank Offer"
    },
    {
        "image": "https://rukminim2.flixcart.com/image/612/612/kmthz0w0/keyboard/gaming-keyboard/m/7/j/evo-fox-katana-mechanical-and-programmable-led-amkette-original-imagfm9cr3rezkkc.jpeg",
        "description": "AMKETTE EvoFox Katana Mechanical and Programmable LED W...",
        "color": "Black",
        "stars": "4.4",
        "reviews": "(178)",
        "new-price": "₹2,599",
        "old-price": "₹3,999",
        "discount": "35% off",
        "delivery-type": "Free delivery",
        "offer": "Bank Offer"
    },
    {
        "image": "https://rukminim2.flixcart.com/image/612/612/k1qr5ow0/keyboard/gaming-keyboard/m/z/h/nubwo-nk-19-original-imafh8arckyqct9j.jpeg",
        "description": "NUBWO NK-19 Wired USB Gaming Keyboard",
        "color": "Black",
        "stars": "4.5",
        "reviews": "(33)",
        "new-price": "₹949",
        "old-price": "₹1,999",
        "discount": "52% off",
        "delivery-type": "Free delivery",
        "offer": "Bank Offer"
    },
    {
        "image": "https://rukminim2.flixcart.com/image/612/612/kmxsakw0/keyboard/gaming-keyboard/1/d/q/huntsman-mini-mercury-edition-linear-red-switch-razer-original-imagfqbhb3b7qqqv.jpeg",
        "description": "Razer Huntsman Mini - Mercury Edition (Linear Red Switc...",
        "color": "White",
        "stars": "4.9",
        "reviews": "(8)",
        "new-price": "₹9,999",
        "old-price": "₹15,999",
        "discount": "37% off",
        "delivery-type": "Free delivery",
        "offer": "Bank Offer"
    },
    {
        "image": "https://rukminim2.flixcart.com/image/612/612/k8xduvk0/keyboard/gaming-keyboard/g/z/6/razer-ergonomic-wrist-restproforfull-sized-keyboards-frml-original-imafqtxzvw2hwjr3.jpeg",
        "description": "Razer Ergonomic Wrist RestProForFull-sized Keyboards- F...",
        "color": "Black",
        "new-price": "₹4,199",
        "delivery-type": "Free delivery",
        "offer": "Bank Offer"
    },
    {
        "image": "https://rukminim2.flixcart.com/image/612/612/kq18n0w0/keyboard/gaming-keyboard/d/s/k/single-handed-usb-gaming-mechanical-keyboard-wired-39-keys-original-imag44zmt6j63quv.jpeg",
        "description": "Sanctuary Single-Handed USB Gaming Mechanical Keyboard ...",
        "color": "Black",
        "stars": "3.9",
        "reviews": "(24)",
        "new-price": "₹1,749",
        "old-price": "₹3,199",
        "discount": "45% off",
        "delivery-type": "Free delivery",
        "offer": "Bank Offer"
    },
    {
        "image": "https://rukminim2.flixcart.com/image/612/612/kp1imq80/keyboard/gaming-keyboard/m/g/v/g512-logitech-original-imag3d4qahg94mru.jpeg",
        "description": "Logitech G512 Wired USB Gaming Keyboard",
        "color": "Blue",
        "stars": "4.7",
        "reviews": "(29)",
        "new-price": "₹8,995",
        "old-price": "₹10,495",
        "discount": "14% off",
        "delivery-type": "Free delivery",
        "offer": "Bank Offer"
    },
    {
        "image": "https://rukminim2.flixcart.com/image/612/612/kubk70w0/keyboard/gaming-keyboard/k/9/y/one-handed-gaming-keyboard-rgb-backlit-bloodbat-35-keys-7-button-original-imag7h9jnh4fgnfr.jpeg",
        "description": "MFTEK One Handed Gaming RGB Keyboard Backlit Bloodbat 3...",
        "color": "Black",
        "new-price": "₹2,696",
        "old-price": "₹3,499",
        "discount": "22% off",
        "delivery-type": "Free delivery",
        "offer": "Bank Offer"
    },
    {
        "image": "https://rukminim2.flixcart.com/image/612/612/km2clu80/keyboard/gaming-keyboard/3/5/u/hermes-m5-wired-mechanical-gaming-keyboard-gamdias-original-imagffygspfagtxm.jpeg",
        "description": "GAMDIAS Hermes M5 Wired Mechanical Gaming Keyboard Wire...",
        "color": "White",
        "stars": "4.7",
        "reviews": "(3)",
        "new-price": "₹4,699",
        "old-price": "₹9,500",
        "discount": "50% off",
        "delivery-type": "Free delivery",
        "offer": "Bank Offer"
    },
    {
        "image": "https://rukminim2.flixcart.com/image/612/612/k7usyvk0/keyboard/gaming-keyboard/c/z/y/cosmic-byte-cb-gk-15-trton-original-imafqy2vehey4g2v.jpeg",
        "description": "Cosmic Byte CB-GK-15 Trton Wired USB Gaming Keyboard",
        "color": "Black",
        "stars": "3.7",
        "reviews": "(34)",
        "new-price": "₹1,168",
        "old-price": "₹1,699",
        "discount": "31% off",
        "delivery-type": "Free delivery",
        "offer": "Bank Offer"
    },
    {
        "image": "https://rukminim2.flixcart.com/image/612/612/kxhvf680/keyboard/gaming-keyboard/w/r/z/k95-rgb-platinum-xt-mx-blue-corsair-original-imag9yytb2ezvpb4.jpeg",
        "description": "CORSAIR K95 RGB Platinum XT MX Blue Wired USB Gaming Ke...",
        "color": "Black",
        "new-price": "₹17,287",
        "old-price": "₹21,700",
        "discount": "20% off",
        "delivery-type": "Free delivery",
        "offer": "Bank Offer"
    },
    {
        "image": "https://rukminim2.flixcart.com/image/612/612/kxhvf680/keyboard/gaming-keyboard/1/l/p/k95-rgb-platinum-xt-mx-brown-corsair-original-imag9yytuh6zjhuu.jpeg",
        "description": "CORSAIR K95 RGB Platinum XT MX Brown Wired USB Gaming K...",
        "color": "Black",
        "new-price": "₹17,999",
        "old-price": "₹21,700",
        "discount": "17% off",
        "delivery-type": "Free delivery",
        "offer": "Bank Offer"
    },
    {
        "image": "https://rukminim2.flixcart.com/image/612/612/jwpa8i80/keyboard/gaming-keyboard/e/n/s/ants-esport-mk-1000-original-imafhb2hcxnxkuyt.jpeg",
        "description": "ANTS ESPORT MK 1000 Wired USB Gaming Keyboard",
        "color": "Rgb",
        "stars": "3.3",
        "reviews": "(3)",
        "new-price": "₹3,250",
        "old-price": "₹4,999",
        "discount": "34% off",
        "delivery-type": "Free delivery",
        "offer": "Bank Offer"
    },
    {
        "image": "https://rukminim2.flixcart.com/image/612/612/l0mr7gw0/keyboard/gaming-keyboard/n/m/8/hermes-e3-rgb-mechanical-white-red-switch-gamdias-original-imagccuvhhuxzxhn.jpeg",
        "description": "GAMDIAS HERMES E3 RGB Mechanical White (RED SWITCH) Wir...",
        "color": "White",
        "new-price": "₹4,799",
        "old-price": "₹9,500",
        "discount": "49% off",
        "delivery-type": "Free delivery",
        "offer": "Bank Offer"
    },
    {
        "image": "https://rukminim2.flixcart.com/image/612/612/k7ksvww0/keyboard/gaming-keyboard/9/d/k/hp-gk320-gaming-keyboard-original-imafpsf9mbyy4grz.jpeg",
        "description": "HP GK320 Wired USB Gaming Keyboard",
        "color": "Black",
        "stars": "4.5",
        "reviews": "(615)",
        "new-price": "₹2,499",
        "delivery-type": "Free delivery",
        "offer": "Bank Offer"
    },
    {
        "image": "https://rukminim2.flixcart.com/image/612/612/kmp7ngw0/keyboard/gaming-keyboard/s/x/m/mini-one-hand-mechanical-keyboard-gaming-keyboard-v100-35-keys-original-imagfjgy2tgr2cfa.jpeg",
        "description": "eDUST Mini One-Hand Mechanical Keyboard Gaming Keyboard...",
        "color": "Black",
        "new-price": "₹1,786",
        "old-price": "₹2,199",
        "discount": "18% off",
        "delivery-type": "Free delivery",
        "offer": "Bank Offer"
    },
    {
        "image": "https://rukminim2.flixcart.com/image/612/612/l0r1j0w0/keyboard/gaming-keyboard/z/p/k/md1000gk-fireblade-led-backlit-tangle-free-nylon-microdigit-original-imagchyx5tzuwn7q.jpeg",
        "description": "MICRODIGIT MD1000GK Fireblade LED Backlit tangle free n...",
        "color": "Black",
        "new-price": "₹989",
        "old-price": "₹1,499",
        "discount": "34% off",
        "delivery-type": "Free delivery",
        "offer": "Bank Offer"
    },
    {
        "image": "https://rukminim2.flixcart.com/image/612/612/kv8fbm80/keyboard/gaming-keyboard/q/n/2/one-handed-gaming-keyboard-rgb-backlit-35-keys-6-button-gaming-original-imag86zhhezttz7y.jpeg",
        "description": "MFTEK One Handed Gaming Keyboard RGB Backlit 35 Keys 6 ...",
        "color": "Black",
        "stars": "3.7",
        "reviews": "(3)",
        "new-price": "₹2,799",
        "old-price": "₹3,999",
        "discount": "30% off",
        "delivery-type": "Free delivery",
        "offer": "Bank Offer"
    },
    {
        "image": "https://rukminim2.flixcart.com/image/612/612/ksaoqkw0/keyboard/gaming-keyboard/k/q/c/mechanical-usb-gaming-keyboard-phoenix-pro-with-rainbow-led-original-imag5w4mfphm6uky.jpeg",
        "description": "Enter Mechanical USB Gaming Keyboard PHOENIX PRO with R...",
        "color": "Black",
        "new-price": "₹2,223",
        "old-price": "₹4,955",
        "discount": "55% off",
        "delivery-type": "Free delivery",
        "offer": "Bank Offer"
    },
    {
        "image": "https://rukminim2.flixcart.com/image/612/612/k8t3jbk0/keyboard/multi-device-keyboard/z/e/q/hyperx-wrist-rest-original-imafqqhwdqnsnrc8.jpeg",
        "description": "HyperX Wrist Rest Wired USB Gaming Keyboard",
        "color": "Black",
        "new-price": "₹1,890",
        "delivery-type": "Free delivery",
        "offer": "Bank Offer"
    },
    {
        "image": "https://rukminim2.flixcart.com/image/612/612/jp8ngcw0-1/keyboard/gaming-keyboard/v/s/6/roq-foldable-original-imafbj6rd3bmgxeh.jpeg",
        "description": "ROQ FOLDABLE Wired USB Gaming Keyboard",
        "color": "Black",
        "stars": "3.6",
        "reviews": "(35)",
        "new-price": "₹607",
        "old-price": "₹1,399",
        "discount": "56% off",
        "delivery-type": "Free delivery",
        "offer": "Bank Offer"
    },
    {
        "image": "https://rukminim2.flixcart.com/image/612/612/kuof5ow0/keyboard/gaming-keyboard/h/d/y/champ-tag-gamerz-original-imag7rfr63ujhcpq.jpeg",
        "description": "TAG GAMERZ CHAMP Wired USB Gaming Keyboard",
        "color": "Black",
        "new-price": "₹1,050",
        "old-price": "₹1,600",
        "discount": "34% off",
        "delivery-type": "Free delivery",
        "offer": "Bank Offer"
    },
    {
        "image": "https://rukminim2.flixcart.com/image/612/612/jsaocy80/keyboard/gaming-keyboard/r/c/4/xanova-magnetar-with-cherry-mx-rgb-red-switches-original-imafdws5gp75e8ry.jpeg",
        "description": "XANOVA Magnetar with Cherry MX RGB Blue Switches Wired ...",
        "color": "Black, Grey",
        "new-price": "₹11,299",
        "old-price": "₹14,299",
        "discount": "20% off",
        "delivery-type": "Free delivery",
        "offer": "Bank Offer"
    },
    {
        "image": "https://rukminim2.flixcart.com/image/612/612/kmp7ngw0/keyboard/gaming-keyboard/o/t/x/premium-quality-mobile-gamming-keyboard-with-palm-support-original-imagfjgtpxb5vkyj.jpeg",
        "description": "eDUST Premium Quality Mobile Gamming Keyboard with Palm...",
        "color": "Black",
        "stars": "4.2",
        "reviews": "(23)",
        "new-price": "₹1,786",
        "old-price": "₹1,949",
        "discount": "8% off",
        "delivery-type": "Free delivery",
        "offer": "Bank Offer"
    },
    {
        "image": "https://rukminim2.flixcart.com/image/612/612/kolsscw0/keyboard/gaming-keyboard/w/h/i/level-up-bundle-us-layout-razer-original-imag3yuyjuddc65m.jpeg",
        "description": "Razer Level Up Bundle - US Layout Wired USB Gaming Keyb...",
        "color": "Black",
        "stars": "5",
        "reviews": "(1)",
        "new-price": "₹6,551",
        "old-price": "₹8,499",
        "discount": "22% off",
        "delivery-type": "Free delivery",
        "offer": "Bank Offer"
    },
    {
        "image": "https://rukminim2.flixcart.com/image/612/612/ktyp8cw0/keyboard-skin/r/l/j/desktop-or-laptop-m-k35-keyboard-mu-original-imag76z4mmzx259w.jpeg",
        "description": "MU K35 BACKLIGHT GAME KEYBOARD Wired USB Gaming Keyboar...",
        "color": "White",
        "new-price": "₹699",
        "old-price": "₹999",
        "discount": "30% off",
        "delivery-type": "Free delivery",
        "offer": "Bank Offer"
    },
    {
        "image": "https://rukminim2.flixcart.com/image/612/612/kv5kfww0/keyboard/gaming-keyboard/3/5/w/cb-gk-24-equinox-alturas-per-key-rgb-mechanical-blue-switch-original-imag84ycyb35vyap.jpeg",
        "description": "Cosmic Byte CB-GK-24 Equinox Alturas Per Key RGB Mechan...",
        "color": "Black",
        "stars": "4.3",
        "reviews": "(24)",
        "new-price": "₹3,999",
        "old-price": "₹5,699",
        "discount": "29% off",
        "delivery-type": "Free delivery",
        "offer": "Bank Offer"
    },
    {
        "image": "https://rukminim2.flixcart.com/image/612/612/jd7p18w0/keyboard/gaming-keyboard/d/z/f/lenovo-legion-k200-original-imaf26dycj3f3maz.jpeg",
        "description": "Lenovo Legion K200 Wired USB Gaming Keyboard",
        "color": "Black",
        "stars": "4.5",
        "reviews": "(211)",
        "new-price": "₹2,770",
        "old-price": "₹7,499",
        "discount": "63% off",
        "delivery-type": "Free delivery",
        "offer": "Bank Offer"
    },
    {
        "image": "https://rukminim2.flixcart.com/image/612/612/l22724w0/keyboard/gaming-keyboard/z/4/q/k35-rgb-backlit-light-silent-gaming-keyboard-kangrou-original-imagdhg7nqnhhc2z.jpeg",
        "description": "Kangrou K35 RGB Backlit, Light & Silent Gaming Keyboard...",
        "color": "Black & White",
        "new-price": "₹699",
        "old-price": "₹1,199",
        "discount": "41% off",
        "offer": "Bank Offer"
    },
    {
        "image": "https://rukminim2.flixcart.com/image/612/612/j7qi9ow0/keyboard/gaming-keyboard/p/z/q/oxza-foldable-original-imaexvsr3uzutfmu.jpeg",
        "description": "OXZA FOLDABLE Wired USB Gaming Keyboard",
        "color": "Black",
        "stars": "4.3",
        "reviews": "(4)",
        "new-price": "₹559",
        "old-price": "₹999",
        "discount": "44% off",
        "offer": "Bank Offer"
    },
    {
        "image": "https://rukminim2.flixcart.com/image/612/612/kmkxbww0/computer-acc-combo/r/c/z/one-handed-gaming-keyboard-rgb-backlit-35-keys-portable-mini-original-imagffhdp9ukvsgb.jpeg",
        "description": "TechGuy4u One Handed Gaming Keyboard 35 Keys Portable M...",
        "color": "Multicolor",
        "stars": "4.2",
        "reviews": "(5)",
        "new-price": "₹2,199",
        "old-price": "₹2,999",
        "discount": "26% off",
        "delivery-type": "Free delivery",
        "offer": "Bank Offer"
    },
    {
        "image": "https://rukminim2.flixcart.com/image/612/612/kt4ozgw0/keyboard/gaming-keyboard/l/j/e/g512-logitech-original-imag6jj3gzrvwzh3.jpeg",
        "description": "Logitech G512 Wired USB Gaming Keyboard",
        "color": "Brown",
        "stars": "4.7",
        "reviews": "(29)",
        "new-price": "₹8,995",
        "old-price": "₹10,495",
        "discount": "14% off",
        "delivery-type": "Free delivery",
        "offer": "Bank Offer"
    },
    {
        "image": "https://rukminim2.flixcart.com/image/612/612/kmp7ngw0/keyboard/gaming-keyboard/f/t/n/v100-wired-keyboard-gaming-keypad-with-led-color-backlight-35-original-imagfjkcfyhzwqbf.jpeg",
        "description": "GAMER V100 Wired Keyboard Gaming Keypad With LED Color ...",
        "color": "Black",
        "stars": "5",
        "reviews": "(4)",
        "new-price": "₹1,786",
        "old-price": "₹2,199",
        "discount": "18% off",
        "delivery-type": "Free delivery",
        "offer": "Bank Offer"
    },
    {
        "image": "https://rukminim2.flixcart.com/image/612/612/kmxsakw0/keyboard/gaming-keyboard/j/y/w/blackwidow-v3-green-switch-razer-original-imagfqbkakjd9tge.jpeg",
        "description": "Razer BlackWidow V3 Wired USB Gaming Keyboard",
        "color": "Black",
        "new-price": "₹13,369",
        "old-price": "₹16,999",
        "discount": "21% off",
        "delivery-type": "Free delivery",
        "offer": "Bank Offer"
    },
    {
        "image": "https://rukminim2.flixcart.com/image/612/612/jz8qf0w0/keyboard/gaming-keyboard/u/m/7/redragon-k552-original-imafjahshqujvgts.jpeg",
        "description": "Redragon K552 Wired USB Gaming Keyboard",
        "color": "Black",
        "stars": "4.1",
        "reviews": "(20)",
        "new-price": "₹3,049",
        "old-price": "₹3,490",
        "discount": "12% off",
        "delivery-type": "Free delivery",
        "offer": "Bank Offer"
    },
    {
        "image": "https://rukminim2.flixcart.com/image/612/612/kmxsakw0/keyboard/gaming-keyboard/8/m/y/blackwidow-v3-tenkeyless-razer-original-imagfqbketpghztc.jpeg",
        "description": "Razer BlackWidow V3 Tenkeyless Wired USB Gaming Keyboar...",
        "color": "Black",
        "stars": "4.4",
        "reviews": "(11)",
        "new-price": "₹9,958",
        "old-price": "₹11,999",
        "discount": "17% off",
        "delivery-type": "Free delivery",
        "offer": "Bank Offer"
    },
    {
        "image": "https://rukminim2.flixcart.com/image/612/612/kzrbiq80/keyboard/gaming-keyboard/m/p/n/summoner-xpg-original-imagbp42ydtqgaun.jpeg",
        "description": "XPG Summoner Wired USB Gaming Keyboard",
        "color": "Black",
        "new-price": "₹16,299",
        "delivery-type": "Free delivery",
        "offer": "Bank Offer"
    },
    {
        "image": "https://rukminim2.flixcart.com/image/612/612/jz05rww0/keyboard/gaming-keyboard/3/2/w/redragon-k552-rgb-original-imafj4d2zwzqfzhb.jpeg",
        "description": "Redragon K552-RGB Wired USB Gaming Keyboard",
        "color": "Black",
        "stars": "3.7",
        "reviews": "(3)",
        "new-price": "₹3,352",
        "old-price": "₹4,490",
        "discount": "25% off",
        "delivery-type": "Free delivery",
        "offer": "Bank Offer"
    },
    {
        "image": "https://rukminim2.flixcart.com/image/612/612/kmuxevk0/keyboard/gaming-keyboard/w/p/o/v100-wired-keyboard-gaming-keypad-with-led-color-backlight-35-original-imagfz2u3dxvtcuh.jpeg",
        "description": "eDUST V100 Wired Keyboard Gaming Keypad With LED Color ...",
        "color": "Black",
        "new-price": "₹1,786",
        "old-price": "₹2,199",
        "discount": "18% off",
        "delivery-type": "Free delivery",
        "offer": "Bank Offer"
    },
    {
        "image": "https://rukminim2.flixcart.com/image/612/612/kmp7ngw0/keyboard/gaming-keyboard/o/t/x/premium-quality-mobile-gamming-keyboard-with-palm-support-original-imagfjgtpxb5vkyj.jpeg",
        "description": "PSYPHY Premium Quality Mobile Gamming Keyboard with Pal...",
        "color": "Black",
        "new-price": "₹1,786",
        "old-price": "₹1,949",
        "discount": "8% off",
        "delivery-type": "Free delivery",
        "offer": "Bank Offer"
    },
    {
        "image": "https://rukminim2.flixcart.com/image/612/612/kmp7ngw0/keyboard/gaming-keyboard/b/t/n/35-keys-one-handed-wired-mobile-gamming-keyboard-with-colorful-original-imagfjg969am47kv.jpeg",
        "description": "eDUST 35 Keys one Handed Wired Mobile Gamming Keyboard ...",
        "color": "Black",
        "new-price": "₹1,786",
        "old-price": "₹2,199",
        "discount": "18% off",
        "delivery-type": "Free delivery",
        "offer": "Bank Offer"
    },
    {
        "image": "https://rukminim2.flixcart.com/image/612/612/krkyt8w0/keyboard/gaming-keyboard/i/f/f/kala-k557-rgb-mechanical-keyboard-redragon-original-imag5c3rygpkjgyk.jpeg",
        "description": "Redragon Kala K557 RGB Mechanical Keyboard Wired USB Ga...",
        "color": "Black",
        "new-price": "₹3,690",
        "old-price": "₹4,490",
        "discount": "17% off",
        "delivery-type": "Free delivery",
        "offer": "Bank Offer"
    },
    {
        "image": "https://rukminim2.flixcart.com/image/612/612/k73nlow0/keyboard/gaming-keyboard/b/8/y/meetion-mt-mk20-original-imafpfywhfghmfsv.jpeg",
        "description": "Meetion MT-MK20 Wired USB Gaming Keyboard",
        "color": "Red&Black",
        "new-price": "₹3,499",
        "old-price": "₹5,199",
        "discount": "32% off",
        "delivery-type": "Free delivery",
        "offer": "Bank Offer"
    },
    {
        "image": "https://rukminim2.flixcart.com/image/612/612/kmp7ngw0/keyboard/gaming-keyboard/s/l/k/premium-quality-mobile-gamming-keyboard-with-palm-support-original-imagfjjkhaehzg4w.jpeg",
        "description": "PSYPHY Mini One-Hand Mechanical Keyboard Gaming Keyboar...",
        "color": "Black",
        "new-price": "₹1,786",
        "old-price": "₹2,199",
        "discount": "18% off",
        "delivery-type": "Free delivery",
        "offer": "Bank Offer"
    },
    {
        "image": "https://rukminim2.flixcart.com/image/612/612/koixwnk0/keyboard/gaming-keyboard/q/y/h/nk-19-valoz-gaming-keyboard-and-np-021-xl-mousemat-80cm-x-30cm-original-imag2ytsvzwsyuh3.jpeg",
        "description": "NUBWO NK-19 VALOZ Gaming Keyboard AND NP-021 XL Mousema...",
        "color": "Black",
        "stars": "4.2",
        "reviews": "(9)",
        "new-price": "₹1,499",
        "old-price": "₹3,999",
        "discount": "62% off",
        "delivery-type": "Free delivery",
        "offer": "Bank Offer"
    }
]