[
    {
        "image": "https://rukminim2.flixcart.com/image/612/612/kyrlifk0/mouse/e/d/a/-original-imagax58esjwvzmx.jpeg",
        "description": "Meetion MT-M990S Wired Optical  Gaming Mouse",
        "color": "USB 3.0, Black, Silver",
        "new-price": "₹2,499",
        "old-price": "₹4,999",
        "discount": "50% off",
        "delivery-type": "Free delivery",
        "offer": "Bank Offer"
    },
    {
        "image": "https://rukminim2.flixcart.com/image/612/612/l2nmnww0/mouse/r/m/2/-original-imagdyahchkc9bw5.jpeg",
        "description": "Meetion MT-GM22 Wired Optical  Gaming Mouse",
        "color": "USB 3.0, Black",
        "new-price": "₹999",
        "old-price": "₹2,299",
        "discount": "56% off",
        "delivery-type": "Free delivery",
        "offer": "Bank Offer"
    },
    {
        "image": "https://rukminim2.flixcart.com/image/612/612/khuvxjk0-0/mouse/l/t/6/zeb-transformer-m-zebronics-original-imafxrugfftphbkk.jpeg",
        "description": "ZEBRONICS ZEB-TRANSFORMER-M Wired Optical  Gaming Mouse",
        "color": "USB 3.0, Black",
        "stars": "4.5",
        "reviews": "(13,895)",
        "new-price": "₹349",
        "old-price": "₹549",
        "discount": "36% off",
        "offer": "Bank Offer"
    },
    {
        "image": "https://rukminim2.flixcart.com/image/612/612/kura1e80/mouse/w/4/a/f-1-gaming-mouse-wired-for-compute-entwino-original-imag7tykfbp9yquk.jpeg",
        "description": "ENTWINO F-1 Gaming Mouse Wired For Compute Wired Optica...",
        "color": "USB 2.0, Black",
        "stars": "4.2",
        "reviews": "(1,307)",
        "new-price": "₹299",
        "old-price": "₹899",
        "discount": "66% off",
        "offer": "Bank Offer"
    },
    {
        "image": "https://rukminim2.flixcart.com/image/612/612/k933ma80/mouse/s/y/w/viboton-tinji-tj-1-wired-usb-gaming-mouse-3200dpi-led-backlight-original-imafqygnpsdbnskh.jpeg",
        "description": "VIBOTON TINJI TJ-1 Wired USB Gaming Mouse,3200DPI LED B...",
        "color": "USB 2.0, Multicolor",
        "stars": "4.3",
        "reviews": "(3,554)",
        "new-price": "₹549",
        "old-price": "₹999",
        "discount": "45% off",
        "delivery-type": "Free delivery",
        "offer": "Bank Offer"
    },
    {
        "image": "https://rukminim2.flixcart.com/image/612/612/kp1imq80/mouse/6/9/j/g102-light-sync-logitech-original-imag3d4rzzzyrfxd.jpeg",
        "description": "Logitech G102 Light Sync Wired Optical  Gaming Mouse",
        "color": "USB 2.0, Black",
        "stars": "4.6",
        "reviews": "(3,615)",
        "new-price": "₹1,495",
        "old-price": "₹1,995",
        "discount": "25% off",
        "delivery-type": "Free delivery",
        "offer": "Bank Offer"
    },
    {
        "image": "https://rukminim2.flixcart.com/image/612/612/l30hmkw0/mouse/e/1/r/-original-image8f8msmhfvjs.jpeg",
        "description": "Redgear A-10 Gaming Mouse with LED and DPI Upto 2400 Wi...",
        "color": "USB 2.0, USB 3.0, Black",
        "stars": "4.5",
        "reviews": "(4,943)",
        "new-price": "₹299",
        "old-price": "₹699",
        "discount": "57% off",
        "offer": "Bank Offer"
    },
    {
        "image": "https://rukminim2.flixcart.com/image/612/612/kyrlifk0/mouse/f/d/g/-original-imagax58smy9pane.jpeg",
        "description": "Meetion MT-M975 Wired Optical  Gaming Mouse",
        "color": "USB 3.0, Black, Silver",
        "new-price": "₹1,699",
        "old-price": "₹3,499",
        "discount": "51% off",
        "delivery-type": "Free delivery",
        "offer": "Bank Offer"
    },
    {
        "image": "https://rukminim2.flixcart.com/image/612/612/kqidx8w0/mouse/a/3/c/f-15-redgear-original-imag4gf8pzgwzxyt.jpeg",
        "description": "Redgear F-15 Wired Optical  Gaming Mouse",
        "color": "USB 2.0, USB 3.0, Black",
        "stars": "4.3",
        "reviews": "(2,255)",
        "new-price": "₹399",
        "old-price": "₹999",
        "discount": "60% off",
        "offer": "Bank Offer"
    },
    {
        "image": "https://rukminim2.flixcart.com/image/612/612/jz8qf0w0/mouse/e/v/k/razer-deathadder-essential-right-handed-gaming-mouse-rz01-original-imafjafgj4tue2nr.jpeg",
        "description": "Razer Death Adder Essential Wired Optical  Gaming Mouse",
        "color": "USB 3.0, Black",
        "stars": "4.5",
        "reviews": "(2,244)",
        "new-price": "₹1,499",
        "old-price": "₹4,499",
        "discount": "66% off",
        "delivery-type": "Free delivery",
        "offer": "Bank Offer"
    },
    {
        "image": "https://rukminim2.flixcart.com/image/612/612/kh6lg280-0/mouse/e/7/4/mftek-gaming-wired-mouse-for-pc-and-laptops-zupero-original-imafx8fqehwehhhz.jpeg",
        "description": "Zupero MFTEK Gaming Wired Mouse For PC and Laptops Wire...",
        "color": "USB 2.0, Multicolor",
        "stars": "4.4",
        "reviews": "(1,474)",
        "new-price": "₹390",
        "old-price": "₹999",
        "discount": "60% off",
        "delivery-type": "Free delivery",
        "offer": "Bank Offer"
    },
    {
        "image": "https://rukminim2.flixcart.com/image/612/612/l2nmnww0/mouse/k/j/l/-original-imagdyahrrpjzyzx.jpeg",
        "description": "Meetion MT-M371 Wired Optical  Gaming Mouse",
        "color": "USB 3.0, Black, Grey",
        "new-price": "₹359",
        "old-price": "₹799",
        "discount": "55% off",
        "offer": "Bank Offer"
    },
    {
        "image": "https://rukminim2.flixcart.com/image/612/612/kzygpzk0/mouse/h/d/n/gaming-mouse-wired-for-pc-and-laptops-corsor-original-imagbumrh4zt3n4e.jpeg",
        "description": "CORSOR Gaming Mouse Wired For PC and Laptops Wired Opti...",
        "color": "USB 2.0, USB 3.0, Black",
        "stars": "4.1",
        "reviews": "(1,103)",
        "new-price": "₹349",
        "old-price": "₹999",
        "discount": "65% off",
        "delivery-type": "Free delivery",
        "offer": "Bank Offer"
    },
    {
        "image": "https://rukminim2.flixcart.com/image/612/612/l30hmkw0/mouse/l/x/5/-original-image8f778t4zbrr.jpeg",
        "description": "Redgear A-15 Wired Optical  Gaming Mouse",
        "color": "USB 2.0, USB 3.0, Black",
        "stars": "4.4",
        "reviews": "(162)",
        "new-price": "₹449",
        "old-price": "₹799",
        "discount": "43% off",
        "offer": "Bank Offer"
    },
    {
        "image": "https://rukminim2.flixcart.com/image/612/612/ksxjs7k0/mouse/8/7/4/d1-white-entwino-original-imag6e6hzg5xecqy.jpeg",
        "description": "ENTWINO D1-Black001 Wired Optical  Gaming Mouse",
        "color": "USB 2.0, Black",
        "stars": "4.1",
        "reviews": "(263)",
        "new-price": "₹345",
        "old-price": "₹999",
        "discount": "65% off",
        "delivery-type": "Free delivery",
        "offer": "Bank Offer"
    },
    {
        "image": "https://rukminim2.flixcart.com/image/612/612/k7nnrm80/mouse/u/8/w/hp-g360-gaming-mouse-original-imafpupd9bhudrqy.jpeg",
        "description": "HP G360 Wired Optical  Gaming Mouse",
        "color": "USB 3.0, Black",
        "stars": "4.6",
        "reviews": "(556)",
        "new-price": "₹899",
        "old-price": "₹2,499",
        "discount": "64% off",
        "delivery-type": "Free delivery",
        "offer": "Bank Offer"
    },
    {
        "image": "https://rukminim2.flixcart.com/image/612/612/l30hmkw0/mouse/j/y/n/-original-image8f7xez5fgnx.jpeg",
        "description": "Redgear A-15 Wired Optical  Gaming Mouse",
        "color": "USB 3.0, White",
        "stars": "4.5",
        "reviews": "(95)",
        "new-price": "₹449",
        "old-price": "₹799",
        "discount": "43% off",
        "offer": "Bank Offer"
    },
    {
        "image": "https://rukminim2.flixcart.com/image/612/612/ks7tuvk0/mouse/5/i/n/g63-flipkart-smartbuy-original-imag5u3ugh6tgwg6.jpeg",
        "description": "Flipkart SmartBuy G63 Wired Optical  Gaming Mouse",
        "color": "USB 2.0, Black",
        "stars": "4.4",
        "reviews": "(509)",
        "new-price": "₹289",
        "old-price": "₹899",
        "discount": "67% off",
        "offer": "Bank Offer"
    },
    {
        "image": "https://rukminim2.flixcart.com/image/612/612/mouse/y/f/e/dragon-war-ele-g9-thor-bluetrack-with-marco-funtion-mouse-original-imaeg2pwzz2gasgs.jpeg",
        "description": "DRAGON WAR ELE-G9 Dragon war Thor Wired Gaming Mouse",
        "color": "USB, Black, Grey",
        "stars": "4.4",
        "reviews": "(10,027)",
        "new-price": "₹799",
        "old-price": "₹1,370",
        "discount": "41% off",
        "delivery-type": "Free delivery",
        "offer": "Bank Offer"
    },
    {
        "image": "https://rukminim2.flixcart.com/image/612/612/kyrlifk0/mouse/s/2/1/-original-imagax58cyymc8jr.jpeg",
        "description": "Meetion MT-M940 Wired Optical  Gaming Mouse",
        "color": "USB 3.0, Black, Grey",
        "new-price": "₹699",
        "old-price": "₹1,199",
        "discount": "41% off",
        "delivery-type": "Free delivery",
        "offer": "Bank Offer"
    },
    {
        "image": "https://rukminim2.flixcart.com/image/612/612/ksyz8280/mouse/a/2/7/usb-wired-optical-gaming-mouse-with-6-keys-rgb-lights-life-original-imag6fyy2zpgudx3.jpeg",
        "description": "ENTWINO USB Wired Optical Gaming Mouse With 6 Keys & RG...",
        "color": "USB 2.0, Black",
        "stars": "4.4",
        "reviews": "(246)",
        "new-price": "₹449",
        "old-price": "₹1,299",
        "discount": "65% off",
        "delivery-type": "Free delivery",
        "offer": "Bank Offer"
    },
    {
        "image": "https://rukminim2.flixcart.com/image/612/612/l0cr4i80/mouse/q/y/m/-original-imagc5m6mrshqgvu.jpeg",
        "description": "Wings Crosshair 200 Wired Optical  Gaming Mouse",
        "color": "USB 3.0, Black",
        "stars": "4.6",
        "reviews": "(97)",
        "new-price": "₹506",
        "old-price": "₹1,399",
        "discount": "63% off",
        "delivery-type": "Free delivery",
        "offer": "Bank Offer"
    },
    {
        "image": "https://rukminim2.flixcart.com/image/612/612/kkwwu4w0/mouse/2/h/g/g402-logitech-original-imagy5ny25h8nsms.jpeg",
        "description": "Logitech G402 Wired Optical  Gaming Mouse",
        "color": "USB 2.0, Black",
        "stars": "4.7",
        "reviews": "(4,177)",
        "new-price": "₹1,995",
        "old-price": "₹2,895",
        "discount": "31% off",
        "delivery-type": "Free delivery",
        "offer": "Bank Offer"
    },
    {
        "image": "https://rukminim2.flixcart.com/image/612/612/k05ljm80/mouse/k/s/3/mftek-led-backlit-wired-gaming-mouse-with-unbreakable-abs-bod-original-imafkyh37ahgdb37.jpeg",
        "description": "MFTEK Wired Laser Optical Gaming Mouse for PC & Laptop ...",
        "color": "USB 3.0, orang, Blue",
        "stars": "4.5",
        "reviews": "(179)",
        "new-price": "₹549",
        "old-price": "₹999",
        "discount": "45% off",
        "delivery-type": "Free delivery",
        "offer": "Bank Offer"
    },
    {
        "image": "https://rukminim2.flixcart.com/image/612/612/kp4difk0/mouse/k/v/o/death-adder-essential-razer-original-imag3f9a3c3mz623.jpeg",
        "description": "Razer Death Adder Essential Wired Optical  Gaming Mouse",
        "color": "USB 3.0, White",
        "stars": "4.5",
        "reviews": "(2,244)",
        "new-price": "₹1,586",
        "old-price": "₹4,499",
        "discount": "64% off",
        "delivery-type": "Free delivery",
        "offer": "Bank Offer"
    },
    {
        "image": "https://rukminim2.flixcart.com/image/612/612/l0cr4i80/mouse/y/1/l/-original-imagc5m6g5dyysfp.jpeg",
        "description": "Wings Crosshair 100 Wired Optical  Gaming Mouse",
        "color": "USB 3.0, Black",
        "stars": "4.5",
        "reviews": "(190)",
        "new-price": "₹447",
        "old-price": "₹1,199",
        "discount": "62% off",
        "offer": "Bank Offer"
    },
    {
        "image": "https://rukminim2.flixcart.com/image/612/612/j33br0w0/mouse/f/7/p/dragon-war-ele-g11-black-original-imaeu9y7nzhnwrxm.jpeg",
        "description": "Redgear by DRAGON WAR ELE-G11 Emera Wired Laser  Gaming...",
        "color": "USB 2.0, Black",
        "stars": "4.3",
        "reviews": "(8,656)",
        "new-price": "₹349",
        "old-price": "₹499",
        "discount": "30% off",
        "offer": "Bank Offer"
    },
    {
        "image": "https://rukminim2.flixcart.com/image/612/612/l2z26q80/mouse/h/b/k/blade-hawks-rgb-wired-usb-mouse-for-computers-60g-ultra-original-image76ygmszchy6.jpeg",
        "description": "Beyond Imagine Blade Hawks RGB Wired USB Mouse for Comp...",
        "color": "USB 3.0, Black",
        "new-price": "₹749",
        "old-price": "₹1,599",
        "discount": "53% off",
        "offer": "Bank Offer"
    },
    {
        "image": "https://rukminim2.flixcart.com/image/612/612/kw5ag7k0/mouse/o/p/s/gaming-mouse-rgb-multi-colour-3200dpi-wired-silent-mice-computer-original-imag8wfyqzhpsc3t.jpeg",
        "description": "Verilux Gaming Mouse, RGB Multi-Colour 3200DPI Wired Si...",
        "color": "USB 2.0, back",
        "stars": "4",
        "reviews": "(21)",
        "new-price": "₹926",
        "old-price": "₹1,332",
        "discount": "30% off",
        "delivery-type": "Free delivery",
        "offer": "Bank Offer"
    },
    {
        "image": "https://rukminim2.flixcart.com/image/612/612/l09w8sw0/mouse/k/r/v/-original-imagc3ghjxqtysxy.jpeg",
        "description": "Wings Crosshair 205 Wired Optical  Gaming Mouse",
        "color": "USB 3.0, Black",
        "stars": "4.7",
        "reviews": "(88)",
        "new-price": "₹600",
        "old-price": "₹1,499",
        "discount": "59% off",
        "delivery-type": "Free delivery",
        "offer": "Bank Offer"
    },
    {
        "image": "https://rukminim2.flixcart.com/image/612/612/kp1imq80/mouse/7/n/t/g502-hero-logitech-original-imag3d4qhpdjr9tj.jpeg",
        "description": "Logitech G502 Hero Wired Optical  Gaming Mouse",
        "color": "USB 2.0, Black",
        "stars": "4.6",
        "reviews": "(478)",
        "new-price": "₹3,995",
        "old-price": "₹6,495",
        "discount": "38% off",
        "delivery-type": "Free delivery",
        "offer": "Bank Offer"
    },
    {
        "image": "https://rukminim2.flixcart.com/image/612/612/kzvlua80/mouse/q/p/4/evofox-phantom-pro-with-6400-dpi-gaming-sensor-7-programmable-original-imagbs6zztbgz2db.jpeg",
        "description": "AMKETTE EvoFox Phantom Pro with 6400 DPI Gaming Sensor,...",
        "color": "USB 2.0, USB 3.0, Black",
        "stars": "4.8",
        "reviews": "(5)",
        "new-price": "₹759",
        "old-price": "₹1,099",
        "discount": "30% off",
        "delivery-type": "Free delivery",
        "offer": "Bank Offer"
    },
    {
        "image": "https://rukminim2.flixcart.com/image/612/612/kgl5ua80/mouse/k/z/p/zebronics-wired-optical-gaming-mouse-original-imafwrsmxa5hrhpf.jpeg",
        "description": "ZEBRONICS Wired Optical Gaming Mouse Wired Optical  Gam...",
        "color": "USB 2.0, Black",
        "stars": "4.1",
        "reviews": "(91)",
        "new-price": "₹228",
        "old-price": "₹229",
        "delivery-type": "Free delivery",
        "offer": "Bank Offer"
    },
    {
        "image": "https://rukminim2.flixcart.com/image/612/612/kl5hh8w0/mouse/z/n/6/g304-lightspeed-logitech-original-imagyccnyptwckva.jpeg",
        "description": "Logitech G304 LightSpeed Wireless Optical  Gaming Mouse",
        "color": "USB 2.0, Black",
        "stars": "4.6",
        "reviews": "(582)",
        "new-price": "₹2,195",
        "old-price": "₹3,584",
        "discount": "38% off",
        "delivery-type": "Free delivery",
        "offer": "Hot Deal"
    },
    {
        "image": "https://rukminim2.flixcart.com/image/612/612/k34rki80/mouse/m/y/p/xmate-zorro-button-mouse-original-imafmbngztdhd3xa.jpeg",
        "description": "coolcold TINJI TJ-1 Wired USB Gaming Mouse, 3200 DPI Op...",
        "color": "USB 2.0, Multicolor",
        "stars": "4.4",
        "reviews": "(1,078)",
        "new-price": "₹539",
        "old-price": "₹1,299",
        "discount": "58% off",
        "delivery-type": "Free delivery",
        "offer": "Bank Offer"
    },
    {
        "image": "https://rukminim2.flixcart.com/image/612/612/k15bjww0/mouse/a/f/n/smacc-new-wireless-mouse-silent-red-blue-yellow-original-imafkshmgpjspbg7.jpeg",
        "description": "Smacc New Wireless Mouse Silent Red/Blue/Yellow Wireles...",
        "color": "2.4GHz Wireless, Red/Blue/Yellow",
        "stars": "3.9",
        "reviews": "(623)",
        "new-price": "₹329",
        "old-price": "₹999",
        "discount": "67% off",
        "offer": "Bank Offer"
    },
    {
        "image": "https://rukminim2.flixcart.com/image/612/612/khuvxjk0-0/mouse/l/k/j/feather-zebronics-original-imafxrugvcphqbbv.jpeg",
        "description": "ZEBRONICS Feather Wired Optical  Gaming Mouse",
        "color": "USB 2.0, Black",
        "stars": "4.4",
        "reviews": "(610)",
        "new-price": "₹549",
        "old-price": "₹799",
        "discount": "31% off",
        "delivery-type": "Free delivery",
        "offer": "Bank Offer"
    },
    {
        "image": "https://rukminim2.flixcart.com/image/612/612/kyj0vbk0/mouse/q/5/w/a-17-redgear-original-imagaqna8egcuzhw.jpeg",
        "description": "Redgear A-17 Wired Optical  Gaming Mouse",
        "color": "USB 2.0, Black",
        "stars": "4.4",
        "reviews": "(48)",
        "new-price": "₹499",
        "old-price": "₹1,299",
        "discount": "61% off",
        "offer": "Bank Offer"
    },
    {
        "image": "https://rukminim2.flixcart.com/image/612/612/kuh9yfk0/mouse/g/t/z/e1-black001-entwino-original-imag7hbfvyffr2ha.jpeg",
        "description": "ENTWINO E1-Black001 Wired Optical  Gaming Mouse",
        "color": "USB 2.0, Black",
        "stars": "4.2",
        "reviews": "(130)",
        "new-price": "₹345",
        "old-price": "₹799",
        "discount": "56% off",
        "delivery-type": "Free delivery",
        "offer": "Bank Offer"
    },
    {
        "image": "https://rukminim2.flixcart.com/image/612/612/l2xmqvk0/mouse/i/t/b/colorclick-rgb-computer-mouse-wired-usb-7-color-backlit-4-adjust-original-image6yfvypjfx2a.jpeg",
        "description": "DRUMZZ ColorClick RGB Computer Mouse Wired USB 7 Color ...",
        "color": "USB 2.0, Multicolor",
        "new-price": "₹1,299",
        "old-price": "₹2,499",
        "discount": "48% off",
        "delivery-type": "Free delivery",
        "offer": "Bank Offer"
    },
    {
        "image": "https://rukminim2.flixcart.com/image/612/612/l3ahpjk0/mouse/k/y/4/mobilegear-mechanical-mouse-6-buttons-1600-dpi-video-gamer-pro-original-imagefvz75573d6r.jpeg",
        "description": "ROQ Mobilegear Mechanical Mouse 6 Buttons 1600 dpi Vide...",
        "color": "USB 2.0, Multicolor",
        "stars": "4.2",
        "reviews": "(126)",
        "new-price": "₹397",
        "old-price": "₹1,499",
        "discount": "73% off",
        "delivery-type": "Free delivery",
        "offer": "Bank Offer"
    },
    {
        "image": "https://rukminim2.flixcart.com/image/612/612/ktyp8cw0/mouse/y/t/3/286-3200-dpi-wired-usb-gaming-mouse-with-programmable-keys-rgb-original-imag77ftha7pfcjg.jpeg",
        "description": "QUANTUM 286, 3200 DPI Wired USB Gaming Mouse with Progr...",
        "color": "USB 2.0, Black and Grey",
        "stars": "4.4",
        "reviews": "(1,006)",
        "new-price": "₹449",
        "old-price": "₹999",
        "discount": "55% off",
        "delivery-type": "Free delivery",
        "offer": "Bank Offer"
    },
    {
        "image": "https://rukminim2.flixcart.com/image/612/612/jmwch3k0/mouse/6/w/y/g-link-glm09-original-imaf96p7zbp63nu7.jpeg",
        "description": "G-Link GLM09 Wired Optical  Gaming Mouse",
        "color": "USB 2.0, Black",
        "stars": "4",
        "reviews": "(269)",
        "new-price": "₹219",
        "old-price": "₹245",
        "discount": "10% off",
        "offer": "Bank Offer"
    },
    {
        "image": "https://rukminim2.flixcart.com/image/612/612/khuvxjk0-0/mouse/n/z/l/alien-pro-premium-zebronics-original-imafxrug8xppvqpb.jpeg",
        "description": "ZEBRONICS Alien Pro Premium Wired Optical  Gaming Mouse",
        "color": "USB 2.0, Black",
        "stars": "3.4",
        "reviews": "(37)",
        "new-price": "₹570",
        "old-price": "₹1,099",
        "discount": "48% off",
        "delivery-type": "Free delivery",
        "offer": "Bank Offer"
    },
    {
        "image": "https://rukminim2.flixcart.com/image/612/612/kzygpzk0/mouse/h/d/n/gaming-mouse-wired-for-pc-and-laptops-corsor-original-imagbumrh4zt3n4e.jpeg",
        "description": "Ddice Gaming Mouse Wired For PC and Laptops Wired Optic...",
        "color": "USB 2.0, USB 3.0, Black",
        "new-price": "₹249",
        "old-price": "₹999",
        "discount": "75% off",
        "offer": "Bank Offer"
    },
    {
        "image": "https://rukminim2.flixcart.com/image/612/612/kx7vc7k0/mouse/r/c/a/evofox-shadow-with-3600-dpi-gaming-sensor-6-buttons-design-and-original-imag9psgatcf2wuk.jpeg",
        "description": "AMKETTE EvoFox Shadow with 3600 DPI Gaming Sensor, 6 Bu...",
        "color": "USB 2.0, USB 3.0, Black",
        "stars": "4.8",
        "reviews": "(86)",
        "new-price": "₹474",
        "old-price": "₹799",
        "discount": "40% off",
        "delivery-type": "Free delivery",
        "offer": "Lowest Price in 15 days"
    },
    {
        "image": "https://rukminim2.flixcart.com/image/612/612/jxc5a4w0/mouse/a/z/u/flipkart-smartbuy-g40-original-imafhthbef8v3zgy.jpeg",
        "description": "Flipkart SmartBuy Dash Series G40 Gaming Mouse",
        "color": "USB 2.0, Black",
        "stars": "4.6",
        "reviews": "(15,705)",
        "new-price": "₹735",
        "old-price": "₹899",
        "discount": "18% off",
        "delivery-type": "Free delivery",
        "offer": "Bank Offer"
    },
    {
        "image": "https://rukminim2.flixcart.com/image/612/612/koynr0w0/mouse/y/h/m/usb-wired-mouse-ergonomic-computer-mouse-optical-computer-mouse-original-imag3axzkemngkn7.jpeg",
        "description": "fronix USB Wired Mouse, Ergonomic Computer Mouse, Optic...",
        "color": "USB 2.0, Black",
        "stars": "4",
        "reviews": "(4)",
        "new-price": "₹185",
        "old-price": "₹599",
        "discount": "69% off",
        "offer": "Bank Offer"
    },
    {
        "image": "https://rukminim2.flixcart.com/image/612/612/k7ksvww0/mouse/4/w/8/hp-m260-gaming-mouse-original-imafps2ejwgnq9v3.jpeg",
        "description": "HP M260 Wired Optical  Gaming Mouse",
        "color": "USB 3.0, Black",
        "stars": "4.3",
        "reviews": "(2,467)",
        "new-price": "₹460",
        "old-price": "₹599",
        "discount": "23% off",
        "offer": "Hot Deal"
    },
    {
        "image": "https://rukminim2.flixcart.com/image/612/612/kvcpn680/mouse/j/j/e/led-wireless-bluetooth-mouse-rechargeable-slim-silent-mouse-dual-original-imag89kugwfvezqk.jpeg",
        "description": "RETRACK LED Wireless Bluetooth Mouse, Rechargeable Slim...",
        "color": "Bluetooth, 2.4GHz Wireless, Black",
        "stars": "4.7",
        "reviews": "(13)",
        "new-price": "₹773",
        "old-price": "₹1,499",
        "discount": "48% off",
        "delivery-type": "Free delivery",
        "offer": "Bank Offer"
    },
    {
        "image": "https://rukminim2.flixcart.com/image/612/612/kolsscw0/mouse/x/y/i/viper-8khz-razer-original-imag3yytdhjqgg6r.jpeg",
        "description": "Razer Viper 8KHz Wired Optical  Gaming Mouse",
        "color": "USB 3.0, Black",
        "stars": "4.3",
        "reviews": "(3)",
        "new-price": "₹3,449",
        "old-price": "₹8,999",
        "discount": "61% off",
        "delivery-type": "Free delivery",
        "offer": "Bank Offer"
    },
    {
        "image": "https://rukminim2.flixcart.com/image/612/612/l34ry4w0/mouse/2/1/g/mw200-wireless-optical-mouese-blue-astrum-original-imagebvsev84yzej.jpeg",
        "description": "ASTRUM MW200 Wireless Optical Mouese - Blue Wireless Op...",
        "color": "2.4GHz Wireless, Blue",
        "new-price": "₹689",
        "old-price": "₹849",
        "discount": "18% off",
        "offer": "Bank Offer"
    },
    {
        "image": "https://rukminim2.flixcart.com/image/612/612/kzogn0w0/mouse/x/j/o/zeb-transformer-m-zebronics-original-imagbmxjqqw624pa.jpeg",
        "description": "ZEBRONICS Zeb- Transformer- M Wired Optical  Gaming Mou...",
        "color": "USB 3.0, White",
        "stars": "4.6",
        "reviews": "(48)",
        "new-price": "₹449",
        "old-price": "₹749",
        "discount": "40% off",
        "offer": "Bank Offer"
    },
    {
        "image": "https://rukminim2.flixcart.com/image/612/612/kxf0jgw0/mouse/t/x/9/t-wolf-q15-6-buttons-1600-dpi-wireless-rechargeable-mute-office-original-imag9vkgfqegjpm2.jpeg",
        "description": "VIBOTON T-WOLF Q15 6-Buttons, 1600 DPI ,Wireless Rechar...",
        "color": "2.4GHz Wireless, White",
        "stars": "3.8",
        "reviews": "(42)",
        "new-price": "₹789",
        "old-price": "₹1,999",
        "discount": "60% off",
        "delivery-type": "Free delivery",
        "offer": "Bank Offer"
    },
    {
        "image": "https://rukminim2.flixcart.com/image/612/612/jxc5a4w0/mouse/f/g/r/flipkart-smartbuy-g74-original-imafhtffwdactn8z.jpeg",
        "description": "Flipkart SmartBuy Dash Series G74 Gaming Mouse",
        "color": "USB 2.0, Black",
        "stars": "4.5",
        "reviews": "(6,576)",
        "new-price": "₹475",
        "old-price": "₹899",
        "discount": "47% off",
        "offer": "Bank Offer"
    },
    {
        "image": "https://rukminim2.flixcart.com/image/612/612/l34ry4w0/mouse/9/x/y/mw200-wireless-optical-mouese-red-astrum-original-imagebw885fgcnjb.jpeg",
        "description": "ASTRUM MW200 Wireless Optical Mouese - RED Wireless Opt...",
        "color": "2.4GHz Wireless, Red",
        "new-price": "₹689",
        "old-price": "₹849",
        "discount": "18% off",
        "offer": "Bank Offer"
    },
    {
        "image": "https://rukminim2.flixcart.com/image/612/612/j16qm4w0/mouse/p/f/d/dragon-war-ele-g11-original-imaesctbfudvgzgm.jpeg",
        "description": "DRAGON WAR ELE-G11 Wired Laser  Gaming Mouse",
        "color": "USB, Dark Blue",
        "stars": "4.3",
        "reviews": "(8,656)",
        "new-price": "₹349",
        "old-price": "₹499",
        "discount": "30% off",
        "offer": "Bank Offer"
    },
    {
        "image": "https://rukminim2.flixcart.com/image/612/612/klv7ekw0/mouse/i/m/g/6d-optical-wireless-gaming-mouse-2-4g-usb-interface-esport-original-imagyw4wn5uraqfg.jpeg",
        "description": "Esport 6D Optical Wireless Gaming Mouse 2.4g USB Interf...",
        "color": "2.4GHz Wireless, Bluetooth, Black",
        "stars": "3.7",
        "reviews": "(63)",
        "new-price": "₹427",
        "old-price": "₹786",
        "discount": "45% off",
        "delivery-type": "Free delivery",
        "offer": "Bank Offer"
    },
    {
        "image": "https://rukminim2.flixcart.com/image/612/612/l1jmc280/mouse/l/s/k/m601-rgb-redragon-original-imagd38eceesbbyy.jpeg",
        "description": "Redragon M601-RGB Wired Optical  Gaming Mouse",
        "color": "USB 2.0, Black",
        "stars": "4.3",
        "reviews": "(78)",
        "new-price": "₹1,090",
        "old-price": "₹1,290",
        "discount": "15% off",
        "delivery-type": "Free delivery",
        "offer": "Bank Offer"
    },
    {
        "image": "https://rukminim2.flixcart.com/image/612/612/kuipea80/mouse/q/t/i/2-4g-wireless-gaming-mouse-ergonomic-6-buttons-led-1600dpi-original-imag7mgxnzz5gcnf.jpeg",
        "description": "microware 2.4G Wireless Gaming Mouse Ergonomic 6 Button...",
        "color": "2.4GHz Wireless, Black",
        "stars": "5",
        "reviews": "(2)",
        "new-price": "₹1,168",
        "old-price": "₹3,999",
        "discount": "70% off",
        "delivery-type": "Free delivery",
        "offer": "Bank Offer"
    },
    {
        "image": "https://rukminim2.flixcart.com/image/612/612/kw5ag7k0/mouse/h/n/x/wireless-bluetooth-mouse-slim-mouse-2-4g-portable-usb-optical-original-imag8wfhfyg5seav.jpeg",
        "description": "Verilux Wireless Bluetooth Mouse, Slim Mouse 2.4G Porta...",
        "color": "USB 3.0, back",
        "stars": "4.6",
        "reviews": "(11)",
        "new-price": "₹679",
        "old-price": "₹1,262",
        "discount": "46% off",
        "delivery-type": "Free delivery",
        "offer": "Bank Offer"
    },
    {
        "image": "https://rukminim2.flixcart.com/image/612/612/krz97rk0/mouse/s/j/o/zeb-tempest-zebronics-original-imag5n3ycvwase9b.jpeg",
        "description": "ZEBRONICS Zeb-Tempest + Wired Optical  Gaming Mouse",
        "color": "USB 2.0, Black",
        "stars": "4.6",
        "reviews": "(84)",
        "new-price": "₹649",
        "old-price": "₹2,099",
        "discount": "69% off",
        "delivery-type": "Free delivery",
        "offer": "Bank Offer"
    },
    {
        "image": "https://rukminim2.flixcart.com/image/612/612/kxdl3m80/mouse/w/y/s/t-wolf-g530-wired-gaming-mouse-6400-dpi-7-button-led-with-original-imag9uguzthpndzz.jpeg",
        "description": "VIBOTON T-WOLF G530 Wired Gaming Mouse 6400 DPI , 7 But...",
        "color": "USB 2.0, Black",
        "new-price": "₹889",
        "old-price": "₹1,999",
        "discount": "55% off",
        "delivery-type": "Free delivery",
        "offer": "Bank Offer"
    },
    {
        "image": "https://rukminim2.flixcart.com/image/612/612/kbxzbm80/mouse/d/j/k/techon-to-b66-original-imaft6h7z2rzjcfd.jpeg",
        "description": "TECHON TO-B66 Wired Optical  Gaming Mouse",
        "color": "USB 2.0, Black",
        "stars": "3.6",
        "reviews": "(365)",
        "new-price": "₹199",
        "old-price": "₹299",
        "discount": "33% off",
        "delivery-type": "Free delivery",
        "offer": "Bank Offer"
    },
    {
        "image": "https://rukminim2.flixcart.com/image/612/612/jrp8r680/mouse/c/g/f/lexus-stephie-original-imafdeggphcmcswt.jpeg",
        "description": "lexus Stephie Wired Optical  Gaming Mouse",
        "color": "USB 2.0, Yellow",
        "stars": "4.1",
        "reviews": "(257)",
        "new-price": "₹134",
        "old-price": "₹300",
        "discount": "55% off",
        "offer": "Bank Offer"
    },
    {
        "image": "https://rukminim2.flixcart.com/image/612/612/kwpam4w0/mouse/p/3/y/basilisk-v3-ergonomic-rz01-04000100-r3m1-razer-original-imag9bezeum95bbf.jpeg",
        "description": "Razer Basilisk V3 - Ergonomic RZ01-04000100-R3M1 Wired ...",
        "color": "USB 3.0, Black",
        "new-price": "₹7,499",
        "delivery-type": "Free delivery",
        "offer": "Bank Offer"
    },
    {
        "image": "https://rukminim2.flixcart.com/image/612/612/km9ht3k0/mouse/d/k/z/2-4ghz-ultra-slim-optical-wireless-mouse-compatible-with-original-imagf77fsfqcz88f.jpeg",
        "description": "ANJO WM-01 Wireless Optical  Gaming Mouse",
        "color": "USB 2.0, Black",
        "stars": "4.1",
        "reviews": "(31)",
        "new-price": "₹398",
        "old-price": "₹600",
        "discount": "33% off",
        "delivery-type": "Free delivery",
        "offer": "Bank Offer"
    },
    {
        "image": "https://rukminim2.flixcart.com/image/612/612/kpmy8i80/mouse/s/y/l/a20-redgear-original-imag3tngqkx66ng8.jpeg",
        "description": "Redgear A20 Wired Optical  Gaming Mouse",
        "color": "USB 2.0, USB 3.0, Black",
        "stars": "4.5",
        "reviews": "(208)",
        "new-price": "₹599",
        "old-price": "₹899",
        "discount": "33% off",
        "delivery-type": "Free delivery",
        "offer": "Bank Offer"
    },
    {
        "image": "https://rukminim2.flixcart.com/image/612/612/k8ytaq80/mouse/d/f/u/razer-deathadder-v2-wired-gaming-mouse-frml-packaging-original-imafqv53gdxssubg.jpeg",
        "description": "Razer DeathAdder V2 - Wired Gaming Mouse - FRML Packagi...",
        "color": "USB 2.0, Black",
        "stars": "4.6",
        "reviews": "(47)",
        "new-price": "₹3,599",
        "old-price": "₹6,999",
        "discount": "48% off",
        "delivery-type": "Free delivery",
        "offer": "Bank Offer"
    },
    {
        "image": "https://rukminim2.flixcart.com/image/612/612/l0wrafk0/mouse/b/v/z/imicex7-gaming-mouse-7-buttons-rgb-light-sports-design-for-original-imagchfmbzjkphhk.jpeg",
        "description": "ENTWINO iMiceX7 Gaming Mouse 7 Buttons RGB Light Sports...",
        "color": "USB 2.0, USB 3.0, Black",
        "new-price": "₹449",
        "old-price": "₹1,690",
        "discount": "73% off",
        "offer": "Bank Offer"
    },
    {
        "image": "https://rukminim2.flixcart.com/image/612/612/krz97rk0/mouse/z/x/a/zeb-reaper-pro-zebronics-original-imag5n4gs8hhdgcz.jpeg",
        "description": "ZEBRONICS ZEB-REAPER PRO Wireless Optical  Gaming Mouse",
        "color": "2.4GHz Wireless, USB 2.0, Black",
        "stars": "4",
        "reviews": "(6)",
        "new-price": "₹2,505",
        "old-price": "₹5,199",
        "discount": "51% off",
        "delivery-type": "Free delivery",
        "offer": "Bank Offer"
    },
    {
        "image": "https://rukminim2.flixcart.com/image/612/612/jplif0w0/mouse/h/y/h/terabyte-usb-2-0-optical-mouse-original-imaf233ttfzrfmja.jpeg",
        "description": "Terabyte O36 Wired Optical  Gaming Mouse",
        "color": "USB 2.0, Black",
        "stars": "3.9",
        "reviews": "(171)",
        "new-price": "₹220",
        "old-price": "₹249",
        "discount": "11% off",
        "delivery-type": "Free delivery",
        "offer": "Bank Offer"
    },
    {
        "image": "https://rukminim2.flixcart.com/image/612/612/k4irzbk0/mouse/u/p/x/razer-basilisk-x-hyperspeed-wireless-ergonomic-gaming-mouse-rz01-original-imafnejbjdycyxnn.jpeg",
        "description": "Razer Basilisk X HyperSpeed - Wireless Ergonomic Gaming...",
        "color": "2.4GHz Wireless, Black",
        "stars": "4.5",
        "reviews": "(86)",
        "new-price": "₹2,999",
        "old-price": "₹5,499",
        "discount": "45% off",
        "delivery-type": "Free delivery",
        "offer": "Lowest price since launch"
    },
    {
        "image": "https://rukminim2.flixcart.com/image/612/612/k2w6xe80/mouse/3/q/f/asus-tuf-m3-original-imafm5frvenazzkw.jpeg",
        "description": "ASUS TUF M3 Wired Optical  Gaming Mouse",
        "color": "USB 2.0, Black",
        "stars": "4.7",
        "reviews": "(218)",
        "new-price": "₹1,599",
        "old-price": "₹2,500",
        "discount": "36% off",
        "delivery-type": "Free delivery",
        "offer": "Bank Offer"
    },
    {
        "image": "https://rukminim2.flixcart.com/image/612/612/kxnl6kw0/mouse/b/u/w/katar-pro-corsair-original-imaga2jbgkja2rzf.jpeg",
        "description": "CORSAIR Katar Pro Wired Optical  Gaming Mouse",
        "color": "USB 3.0, Black",
        "stars": "4.4",
        "reviews": "(19)",
        "new-price": "₹1,639",
        "old-price": "₹2,999",
        "discount": "45% off",
        "delivery-type": "Free delivery",
        "offer": "Bank Offer"
    },
    {
        "image": "https://rukminim2.flixcart.com/image/612/612/l30hmkw0/mouse/h/z/o/aw950-rgb-gaming-mouse-singhtech-original-image83aqggfzqgc.jpeg",
        "description": "SINGHTECH AW950 RGB GAMING MOUSE Wired Optical  Gaming ...",
        "color": "USB 2.0, BLACK /RGB",
        "new-price": "₹349",
        "old-price": "₹499",
        "discount": "30% off",
        "delivery-type": "Free delivery",
        "offer": "Bank Offer"
    },
    {
        "image": "https://rukminim2.flixcart.com/image/612/612/ku8pbbk0/mouse/u/q/k/pulsefire-haste-hyper-x-original-imag7es2gn5f7axw.jpeg",
        "description": "HyperX Pulsefire Haste Wired Mechanical  Gaming Mouse",
        "color": "USB 2.0, Black",
        "stars": "4.7",
        "reviews": "(3)",
        "new-price": "₹3,890",
        "old-price": "₹4,890",
        "discount": "20% off",
        "delivery-type": "Free delivery",
        "offer": "Bank Offer"
    },
    {
        "image": "https://rukminim2.flixcart.com/image/612/612/l0wrafk0/mouse/d/6/r/imicex5-gaming-mouse-6-buttons-rgb-lights-laptop-computer-mouse-original-imagche65tt2rthz.jpeg",
        "description": "ENTWINO iMiceX5 Gaming Mouse, 6 Buttons, RGB Lights, La...",
        "color": "USB 2.0, USB 3.0, Black",
        "new-price": "₹449",
        "old-price": "₹1,495",
        "discount": "69% off",
        "offer": "Bank Offer"
    },
    {
        "image": "https://rukminim2.flixcart.com/image/612/612/kgl5ua80/mouse/r/z/b/edust-6d-optical-wireless-gaming-mouse-2-4g-usb-interface-original-imafwsgetvgqhf4r.jpeg",
        "description": "Magic 6D Optical Wireless Gaming Mouse 2.4g USB Interfa...",
        "color": "Bluetooth, 2.4GHz Wireless, Black",
        "stars": "4",
        "reviews": "(96)",
        "new-price": "₹474",
        "old-price": "₹786",
        "discount": "39% off",
        "delivery-type": "Free delivery",
        "offer": "Bank Offer"
    },
    {
        "image": "https://rukminim2.flixcart.com/image/612/612/ktyp8cw0/mouse/z/y/i/6-buttons-1600-dpi-spark-optical-7d-high-precision-roq-original-imag76wfg7ra5yyy.jpeg",
        "description": "ROQ 7 Color LED 3200DPI 7 Buttons Wired Optical  Gaming...",
        "color": "USB 2.0, Black",
        "stars": "4.2",
        "reviews": "(225)",
        "new-price": "₹379",
        "old-price": "₹999",
        "discount": "62% off",
        "delivery-type": "Free delivery",
        "offer": "Bank Offer"
    }
]