[
    {
        "image": "https://rukminim2.flixcart.com/image/612/612/kshtxu80/fabric/x/p/6/yes-3-m-semi-stitched-2-2-m-f1350-afsana-original-imag6fjghvfvvsej.jpeg",
        "brand": "Afsana",
        "description": "Embroidered Silk Blend Semi Stitched Anarkali Gown",
        "color": "Light Green",
        "new-price": "₹1,649",
        "old-price": "₹4,999",
        "discount": "67% off",
        "delivery-type": "Free delivery"
    },
    {
        "image": "https://rukminim2.flixcart.com/image/612/612/l2urv680/gown/z/o/s/na-free-half-sleeve-semi-stitched-boly-pink-gown-yozzby-na-original-image3xnhahhwrcg.jpeg",
        "brand": "Yozzby",
        "description": "Embroidered Net Semi Stitched Anarkali Gown",
        "color": "Pink",
        "new-price": "₹589",
        "old-price": "₹1,999",
        "discount": "70% off",
        "delivery-type": "Free delivery"
    },
    {
        "image": "https://rukminim2.flixcart.com/image/612/612/k0lbdzk0/gown/j/h/4/na-l-gown151-hiva-trendz-na-month-original-imafj5ddepwrqhyf.jpeg",
        "brand": "New Ethnic 4 You",
        "description": "Printed Crepe Blend Stitched Anarkali Gown",
        "color": "Yellow",
        "new-price": "₹199",
        "old-price": "₹1,299",
        "discount": "84% off",
        "delivery-type": "Free delivery"
    },
    {
        "image": "https://rukminim2.flixcart.com/image/612/612/kpcy5jk0/gown/q/c/d/na-xxl-short-sleeve-stitched-ss-04-jash-creation-na-original-imag3hyesubkhaxw.jpeg",
        "brand": "Femvy",
        "description": "Solid Georgette Blend Stitched Flared/A-line Gown",
        "color": "Blue",
        "new-price": "₹439",
        "old-price": "₹1,999",
        "discount": "78% off",
        "delivery-type": "Free delivery"
    },
    {
        "image": "https://rukminim2.flixcart.com/image/612/612/k0lbdzk0/gown/v/f/a/na-l-gown152-hiva-trendz-na-original-imafj5dfb59rvyyx.jpeg",
        "brand": "New Ethnic 4 You",
        "description": "Printed Crepe Blend Stitched Anarkali Gown",
        "color": "Green",
        "new-price": "₹199",
        "old-price": "₹1,299",
        "discount": "84% off",
        "delivery-type": "Free delivery"
    },
    {
        "image": "https://rukminim2.flixcart.com/image/612/612/l0cr4i80/gown/d/m/z/na-xxl-3-4-sleeve-stitched-ss-40-femvy-na-original-imagc5mtdeannatg.jpeg",
        "brand": "Femvy",
        "description": "Dyed Pure Georgette Stitched Anarkali Gown",
        "color": "Blue",
        "new-price": "₹439",
        "old-price": "₹1,599",
        "discount": "72% off",
        "delivery-type": "Free delivery"
    },
    {
        "image": "https://rukminim2.flixcart.com/image/612/612/k0lbdzk0/gown/q/s/d/na-xxl-gown160-hiva-trendz-na-original-imafj5drfhnt9xuz.jpeg",
        "brand": "New Ethnic 4 You",
        "description": "Printed Crepe Blend Stitched Anarkali Gown",
        "color": "Blue",
        "new-price": "₹199",
        "old-price": "₹1,299",
        "discount": "84% off",
        "delivery-type": "Free delivery"
    },
    {
        "image": "https://rukminim2.flixcart.com/image/612/612/l0sgyvk0/gown/7/y/r/na-free-full-sleeve-semi-stitched-chand-8-kedar-fab-na-original-imagcg8qeksve3dz.jpeg",
        "brand": "Kedar Fab",
        "description": "Embroidered Poly Silk Semi Stitched Anarkali Gown",
        "color": "Purple",
        "new-price": "₹376",
        "old-price": "₹3,999",
        "discount": "90% off",
        "delivery-type": "Free delivery"
    },
    {
        "image": "https://rukminim2.flixcart.com/image/612/612/kf8kvbk0/gown/v/m/x/na-free-full-sleeve-semi-stitched-manohari-kedar-fab-na-original-imafvq5jzmqngrcu.jpeg",
        "brand": "Kedar Fab",
        "description": "Embroidered Silk Blend Semi Stitched Flared/A-line Gown",
        "color": "Blue",
        "new-price": "₹366",
        "old-price": "₹3,599",
        "discount": "89% off",
        "delivery-type": "Free delivery"
    },
    {
        "image": "https://rukminim2.flixcart.com/image/612/612/k4zx9jk0/dress/z/y/p/free-chand-2-trilok-fab-original-imafdzuadk95ht3n.jpeg",
        "brand": "Kedar Fab",
        "description": "Embroidered Silk Blend Semi Stitched Anarkali Gown",
        "color": "Dark Blue",
        "new-price": "₹338",
        "old-price": "₹3,999",
        "discount": "91% off",
        "delivery-type": "Free delivery"
    },
    {
        "image": "https://rukminim2.flixcart.com/image/612/612/kt4ozgw0/gown/n/d/x/15-free-full-sleeve-semi-stitched-pink-maisha-kedar-fab-30-original-imag6ju99f3f3bge.jpeg",
        "brand": "Kedar Fab",
        "description": "Embroidered Art Silk Semi Stitched Anarkali Gown",
        "color": "Pink",
        "new-price": "₹366",
        "old-price": "₹3,999",
        "discount": "90% off",
        "delivery-type": "Free delivery"
    },
    {
        "image": "https://rukminim2.flixcart.com/image/612/612/l1mh7rk0/gown/p/n/h/216-s-half-sleeve-stitched-women-a-line-gown-daniel-parker-564-original-imagd5gtesamgkx2.jpeg",
        "brand": "Daniel Parker",
        "description": "Self Design Rayon Blend Stitched Straight Gown",
        "color": "Grey",
        "new-price": "₹389",
        "old-price": "₹999",
        "discount": "61% off",
        "delivery-type": "Free delivery"
    },
    {
        "image": "https://rukminim2.flixcart.com/image/612/612/kpcy5jk0/gown/i/q/m/na-m-short-sleeve-stitched-ss-04-jash-creation-na-original-imag3hydrxh3uhvz.jpeg",
        "brand": "Femvy",
        "description": "Solid Georgette Blend Stitched Flared/A-line Gown",
        "color": "Grey",
        "new-price": "₹439",
        "old-price": "₹1,999",
        "discount": "78% off",
        "delivery-type": "Free delivery"
    },
    {
        "image": "https://rukminim2.flixcart.com/image/612/612/k4u7i4w0/gown/y/e/x/na-free-a-1-jeelraj-na-original-imaepspfjvnt3gme.jpeg",
        "brand": "Smart Shop",
        "description": "Embroidered Net Semi Stitched Anarkali Gown",
        "color": "White",
        "new-price": "₹439",
        "old-price": "₹1,999",
        "discount": "78% off",
        "delivery-type": "Free delivery"
    },
    {
        "image": "https://rukminim2.flixcart.com/image/612/612/kfbfr0w0hlty2aw-0/kurta-kurti/l/q/c/free-1-n13-kedar-fab-original-imaf9gaf5yykgwqn.jpeg",
        "brand": "Kedar Fab",
        "description": "Embroidered Poly Silk Semi Stitched Anarkali Gown",
        "color": "Dark Blue",
        "new-price": "₹380",
        "old-price": "₹3,999",
        "discount": "90% off",
        "delivery-type": "Free delivery"
    },
    {
        "image": "https://rukminim2.flixcart.com/image/612/612/k0sgl8w0/fabric/v/d/v/fu-f-f1273-fashionuma-original-imafj9tbhfbjdeph.jpeg",
        "brand": "Fashionuma",
        "description": "Embroidered Art Silk Semi Stitched Anarkali Gown",
        "color": "Light Green",
        "new-price": "₹1,601",
        "old-price": "₹4,999",
        "discount": "67% off",
        "delivery-type": "Buy 2 items, save extra 5%"
    },
    {
        "image": "https://rukminim2.flixcart.com/image/612/612/jyrl4sw0/gown/e/b/t/na-free-nena-firozi-gown101-krishna-na-original-imafhmqqv8epffdg.jpeg",
        "brand": "color bucket",
        "description": "Embroidered Net Semi Stitched Anarkali Gown",
        "color": "Light Blue, Gold",
        "new-price": "₹330",
        "old-price": "₹1,999",
        "discount": "83% off",
        "delivery-type": "Free delivery"
    },
    {
        "image": "https://rukminim2.flixcart.com/image/612/612/k41mp3k0/kids-dress/t/2/s/10-11-years-dezine-pink-black-abstract-gown-kaarigari-original-imafnyp6fgc7kz7n.jpeg",
        "brand": "KAARIGARI",
        "description": "Girls Maxi/Full Length Party Dress",
        "color": "Multicolor, Full Sleeve",
        "new-price": "₹255",
        "old-price": "₹1,499",
        "discount": "82% off",
        "delivery-type": "Free delivery"
    },
    {
        "image": "https://rukminim2.flixcart.com/image/612/612/l0sgyvk0/gown/a/6/7/na-free-full-sleeve-semi-stitched-cg-kedar-fab-na-original-imagcg9fbyg46emt.jpeg",
        "brand": "Kedar Fab",
        "description": "Embroidered Silk Blend Semi Stitched Anarkali Gown",
        "color": "Light Blue",
        "new-price": "₹360",
        "old-price": "₹3,999",
        "discount": "90% off",
        "delivery-type": "Free delivery"
    },
    {
        "image": "https://rukminim2.flixcart.com/image/612/612/kqjtd3k0/fabric/u/c/x/yes-semi-stitched-f1390-fashionuma-original-imag4jhqv4zadark.jpeg",
        "brand": "Fashionuma",
        "description": "Georgette Blend Semi Stitched Anarkali Gown",
        "color": "Black",
        "new-price": "₹1,239",
        "old-price": "₹4,899",
        "discount": "74% off",
        "delivery-type": "Free delivery"
    },
    {
        "image": "https://rukminim2.flixcart.com/image/612/612/kzblocw0/gown/a/m/t/na-xxl-3-4-sleeve-stitched-anu1174-annu-paridhan-na-original-imagbd2cjqfg3rrg.jpeg",
        "brand": "ANNU PARIDHAN",
        "description": "Embroidered Rayon Blend Stitched Anarkali Gown",
        "color": "Blue",
        "new-price": "₹379",
        "old-price": "₹1,199",
        "discount": "68% off",
        "delivery-type": "Free delivery"
    },
    {
        "image": "https://rukminim2.flixcart.com/image/612/612/kpcy5jk0/gown/q/c/d/na-xxl-short-sleeve-stitched-ss-04-jash-creation-na-original-imag3hyesubkhaxw.jpeg",
        "brand": "Jash Creation",
        "description": "Georgette Blend Stitched Flared/A-line Gown",
        "color": "Blue",
        "new-price": "₹439",
        "old-price": "₹1,999",
        "discount": "78% off",
        "delivery-type": "Free delivery"
    },
    {
        "image": "https://rukminim2.flixcart.com/image/612/612/l0sgyvk0/gown/n/5/n/na-free-full-sleeve-semi-stitched-chand-9-kedar-fab-na-original-imagcg94qj5k6s8u.jpeg",
        "brand": "Kedar Fab",
        "description": "Embroidered Poly Silk Semi Stitched Anarkali Gown",
        "color": "Yellow",
        "new-price": "₹360",
        "old-price": "₹3,999",
        "discount": "90% off",
        "delivery-type": "Free delivery"
    },
    {
        "image": "https://rukminim2.flixcart.com/image/612/612/ktd9mkw0/shopsy-gown/x/m/g/free-full-sleeve-semi-stitched-sf1016-fashion-basket-original-imag6q4w4zy89e6s.jpeg",
        "brand": "Fashionuma",
        "description": "Georgette Blend Stitched Flared/A-line Gown",
        "color": "Green",
        "new-price": "₹1,739",
        "old-price": "₹4,999",
        "discount": "65% off",
        "delivery-type": "Free delivery"
    },
    {
        "image": "https://rukminim2.flixcart.com/image/612/612/k7531jk0/gown/m/v/h/na-free-actor-1-kedar-fab-na-original-imafpg7zqrpmbyab.jpeg",
        "brand": "Kedar Fab",
        "description": "Embroidered Silk Blend Semi Stitched Anarkali Gown",
        "color": "Purple",
        "new-price": "₹370",
        "old-price": "₹3,999",
        "discount": "90% off",
        "delivery-type": "Free delivery"
    },
    {
        "image": "https://rukminim2.flixcart.com/image/612/612/k1nw9zk0/gown/7/v/a/na-month-m-hi-tr-002-rahul-na-month-original-imafh6gg4emnwqfy.jpeg",
        "brand": "rahul",
        "description": "Printed Crepe Blend Stitched Flared/A-line Gown",
        "color": "Orange",
        "new-price": "₹339",
        "old-price": "₹1,899",
        "discount": "82% off",
        "delivery-type": "Free delivery"
    },
    {
        "image": "https://rukminim2.flixcart.com/image/612/612/kdlzte80/kurta/b/k/s/xxl-won1057-womenishkurti-original-imafuh5fhz3myngn.jpeg",
        "brand": "ANNU PARIDHAN",
        "description": "Embroidered Rayon Blend Stitched Anarkali Gown",
        "color": "Pink",
        "new-price": "₹339",
        "old-price": "₹1,599",
        "discount": "78% off",
        "delivery-type": "Free delivery"
    },
    {
        "image": "https://rukminim2.flixcart.com/image/612/612/ktd9mkw0/shopsy-gown/n/h/b/free-full-sleeve-semi-stitched-sf1295-fashion-basket-original-imag6q4xzsrufaak.jpeg",
        "brand": "Afsana",
        "description": "Embroidered Pure Georgette Semi Stitched Anarkali Gown",
        "color": "Green",
        "new-price": "₹1,739",
        "old-price": "₹4,999",
        "discount": "65% off",
        "delivery-type": "Free delivery"
    },
    {
        "image": "https://rukminim2.flixcart.com/image/612/612/kwqq1zk0/kurta/j/x/4/m-anu1174-annu-paridhan-original-imag9cjmf8uzj7br.jpeg",
        "brand": "ANNU PARIDHAN",
        "description": "Embroidered Rayon Blend Stitched Anarkali Gown",
        "color": "Green",
        "new-price": "₹379",
        "old-price": "₹2,199",
        "discount": "82% off",
        "delivery-type": "Free delivery"
    },
    {
        "image": "https://rukminim2.flixcart.com/image/612/612/kdbzqfk0/gown/e/q/2/na-l-3-4-sleeve-stitched-anu1057-annu-paridhan-na-original-imafu9kcxrdwfcwj.jpeg",
        "brand": "ANNU PARIDHAN",
        "description": "Embroidered Rayon Blend Stitched Anarkali Gown",
        "color": "Green",
        "new-price": "₹339",
        "old-price": "₹1,599",
        "discount": "78% off",
        "delivery-type": "Free delivery"
    },
    {
        "image": "https://rukminim2.flixcart.com/image/612/612/kq2o2vk0/gown/6/j/l/na-free-half-sleeve-semi-stitched-bolly-07-zinariya-fab-na-original-imag45ykcssh6sqw.jpeg",
        "brand": "Zinariya Fab",
        "description": "Embroidered Net Semi Stitched Anarkali Gown",
        "color": "Grey",
        "new-price": "₹739",
        "old-price": "₹3,099",
        "discount": "76% off",
        "delivery-type": "Free delivery"
    },
    {
        "image": "https://rukminim2.flixcart.com/image/612/612/kl6wx3k0/gown/j/a/g/na-free-full-sleeve-semi-stitched-f1358-fashion-basket-na-original-imagydbkr7ybtdmw.jpeg",
        "brand": "Afsana",
        "description": "Embroidered Pure Georgette Semi Stitched Anarkali Gown",
        "color": "Pink",
        "new-price": "₹1,239",
        "old-price": "₹3,699",
        "discount": "66% off",
        "delivery-type": "Free delivery"
    },
    {
        "image": "https://rukminim2.flixcart.com/image/612/612/l0sgyvk0/gown/d/s/i/na-free-full-sleeve-semi-stitched-manohari-kedar-fab-na-original-imagcg8tgx34hsgr.jpeg",
        "brand": "Kedar Fab",
        "description": "Embroidered Silk Blend Semi Stitched Anarkali Gown",
        "color": "Purple",
        "new-price": "₹367",
        "old-price": "₹3,599",
        "discount": "89% off",
        "delivery-type": "Free delivery"
    },
    {
        "image": "https://rukminim2.flixcart.com/image/612/612/kpcy5jk0/gown/s/6/a/na-m-short-sleeve-stitched-ss-04-jash-creation-na-original-imag3hye6t6jykyf.jpeg",
        "brand": "Femvy",
        "description": "Solid Georgette Blend Stitched Flared/A-line Gown",
        "color": "Black",
        "new-price": "₹439",
        "old-price": "₹1,999",
        "discount": "78% off",
        "delivery-type": "Free delivery"
    },
    {
        "image": "https://rukminim2.flixcart.com/image/612/612/kf2v3ww0/kids-dress/c/g/b/4-5-years-whitegulab001-ftc-fashions-original-imafvm37gvkkfqmp.jpeg",
        "brand": "FTC FASHIONS",
        "description": "Girls Calf Length Casual Dress",
        "color": "Blue, 3/4 Sleeve",
        "new-price": "₹179",
        "old-price": "₹799",
        "discount": "77% off",
        "delivery-type": "Free delivery"
    },
    {
        "image": "https://rukminim2.flixcart.com/image/612/612/kl6wx3k0/gown/z/y/u/na-free-full-sleeve-semi-stitched-f1358-fashion-basket-na-original-imagydbku7havme3.jpeg",
        "brand": "Afsana",
        "description": "Embellished Pure Georgette Semi Stitched Flared/A-line ...",
        "color": "Red",
        "new-price": "₹1,239",
        "old-price": "₹3,699",
        "discount": "66% off",
        "delivery-type": "Free delivery"
    },
    {
        "image": "https://rukminim2.flixcart.com/image/612/612/kf1fo280/gown/z/k/h/17-free-full-sleeve-semi-stitched-2000-smart-shop-50-original-imafvhgf23dzqxv4.jpeg",
        "brand": "Smart Shop",
        "description": "Embroidered Net Semi Stitched Flared/A-line Gown",
        "color": "Grey",
        "new-price": "₹439",
        "old-price": "₹1,999",
        "discount": "78% off",
        "delivery-type": "Free delivery"
    },
    {
        "image": "https://rukminim2.flixcart.com/image/612/612/kfr5le80/gown/2/y/v/na-free-full-sleeve-semi-stitched-apsara-kedar-fab-na-original-imafw4mb5vmdcfay.jpeg",
        "brand": "Kedar Fab",
        "description": "Embroidered Silk Blend Semi Stitched Anarkali Gown",
        "color": "Light Blue",
        "new-price": "₹372",
        "old-price": "₹4,999",
        "discount": "92% off",
        "delivery-type": "Free delivery"
    },
    {
        "image": "https://rukminim2.flixcart.com/image/612/612/kyyqpow0/kurta/4/h/7/m-anu1174wine-m-annu-paridhan-original-imagb2xde623eaam.jpeg",
        "brand": "ANNU PARIDHAN",
        "description": "Embroidered Rayon Blend Stitched Anarkali Gown",
        "color": "Brown",
        "new-price": "₹379",
        "old-price": "₹2,199",
        "discount": "82% off",
        "delivery-type": "Free delivery"
    },
    {
        "image": "https://rukminim2.flixcart.com/image/612/612/ks99aq80/fabric/z/t/a/yes-2-35-m-semi-stitched-f1318-turquoise-beautyboat-store-original-imag5vf6nvnhzfa6.jpeg",
        "brand": "Afsana",
        "description": "Embroidered Pure Georgette Semi Stitched Anarkali Gown",
        "color": "Blue, Green",
        "new-price": "₹1,589",
        "old-price": "₹4,699",
        "discount": "66% off",
        "delivery-type": "Free delivery"
    },
    {
        "image": "https://rukminim2.flixcart.com/image/612/612/krtjgcw0/gown/h/a/j/na-free-half-sleeve-semi-stitched-bolly-peach-zinariya-fab-na-original-imag5gtdzhh8g7bn.jpeg",
        "brand": "Zinariya Fab",
        "description": "Embroidered Net Semi Stitched Flared/A-line Gown",
        "color": "Pink",
        "new-price": "₹639",
        "old-price": "₹3,099",
        "discount": "79% off",
        "delivery-type": "Free delivery"
    },
    {
        "image": "https://rukminim2.flixcart.com/image/612/612/k5h2jrk0/gown/8/z/p/na-free-marina-kedar-fab-na-original-imafz5zffsmngaj6.jpeg",
        "brand": "Kedar Fab",
        "description": "Embroidered Silk Blend Semi Stitched Anarkali Gown",
        "color": "Green",
        "new-price": "₹366",
        "old-price": "₹3,999",
        "discount": "90% off",
        "delivery-type": "Free delivery"
    },
    {
        "image": "https://rukminim2.flixcart.com/image/612/612/l186t8w0/gown/d/j/4/na-xxl-3-4-sleeve-stitched-anu1174-annu-paridhan-na-original-imagcu77dzzgsqkm.jpeg",
        "brand": "ANNU PARIDHAN",
        "description": "Embroidered Rayon Blend Stitched Anarkali Gown",
        "color": "Yellow",
        "new-price": "₹360",
        "old-price": "₹2,199",
        "discount": "83% off",
        "delivery-type": "Free delivery"
    },
    {
        "image": "https://rukminim2.flixcart.com/image/612/612/kflftzk0/gown/p/d/4/na-free-full-sleeve-semi-stitched-ffg-f1198-fashion-basket-na-original-imafwyv2sphnwva3.jpeg",
        "brand": "Afsana",
        "description": "Embroidered Pure Georgette Semi Stitched Anarkali Gown",
        "color": "Pink, Gold",
        "new-price": "₹2,089",
        "old-price": "₹4,699",
        "discount": "55% off",
        "delivery-type": "Free delivery"
    },
    {
        "image": "https://rukminim2.flixcart.com/image/612/612/kdlzte80/kurta/h/d/v/m-won1057-womenishkurti-original-imafuh5fgzmebt6p.jpeg",
        "brand": "ANNU PARIDHAN",
        "description": "Embroidered Rayon Blend Stitched Flared/A-line Gown",
        "color": "Blue",
        "new-price": "₹357",
        "old-price": "₹1,599",
        "discount": "77% off",
        "delivery-type": "Free delivery"
    },
    {
        "image": "https://rukminim2.flixcart.com/image/612/612/kf8kvbk0/gown/q/8/t/na-free-full-sleeve-semi-stitched-manohari-kedar-fab-na-original-imafvq5j3hskkaeq.jpeg",
        "brand": "Kedar Fab",
        "description": "Embroidered Silk Blend Semi Stitched Anarkali Gown",
        "color": "Pink",
        "new-price": "₹367",
        "old-price": "₹3,599",
        "discount": "89% off",
        "delivery-type": "Free delivery"
    },
    {
        "image": "https://rukminim2.flixcart.com/image/612/612/k6v2ykw0/gown/a/c/a/na-free-gown-lilaba-fashion-na-original-imafp8gp3hec6mdq.jpeg",
        "brand": "Femvy",
        "description": "Embroidered Net, Satin Blend Semi Stitched Anarkali Gow...",
        "color": "Pink",
        "new-price": "₹439",
        "old-price": "₹1,999",
        "discount": "78% off",
        "delivery-type": "Free delivery"
    },
    {
        "image": "https://rukminim2.flixcart.com/image/612/612/kt7jv680/fabric/r/s/h/yes-1-6-m-semi-stitched-2-2-m-f1395-fashionuma-original-imag6hxyx2zb6jw9.jpeg",
        "brand": "Fashionuma",
        "description": "Georgette Blend Stitched Flared/A-line Gown",
        "color": "Blue",
        "new-price": "₹1,839",
        "old-price": "₹4,999",
        "discount": "63% off",
        "delivery-type": "Free delivery"
    },
    {
        "image": "https://rukminim2.flixcart.com/image/612/612/l0sgyvk0/gown/f/n/8/na-free-full-sleeve-semi-stitched-nazakat-kedar-fab-na-original-imagcg8xggzjhhzj.jpeg",
        "brand": "Kedar Fab",
        "description": "Embroidered Poly Silk Semi Stitched Anarkali Gown",
        "color": "Red",
        "new-price": "₹439",
        "old-price": "₹3,999",
        "discount": "89% off",
        "delivery-type": "Free delivery"
    },
    {
        "image": "https://rukminim2.flixcart.com/image/612/612/k1nw9zk0/gown/7/v/a/na-month-m-hi-tr-002-rahul-na-month-original-imafh6gg4emnwqfy.jpeg",
        "brand": "rahul",
        "description": "Printed Crepe Blend Stitched Flared/A-line Gown",
        "color": "Orange",
        "new-price": "₹339",
        "old-price": "₹1,899",
        "discount": "82% off",
        "delivery-type": "Free delivery"
    },
    {
        "image": "https://rukminim2.flixcart.com/image/612/612/l1b1oy80/gown/g/z/x/na-s-half-sleeve-stitched-jk-wine-vaani-creation-na-original-imagcwjgd8kfgrse.jpeg",
        "brand": "Vaani Creation",
        "description": "Embroidered Net Stitched Flared/A-line Gown",
        "color": "Purple",
        "new-price": "₹1,439",
        "old-price": "₹1,689",
        "discount": "14% off",
        "delivery-type": "Free delivery"
    },
    {
        "image": "https://rukminim2.flixcart.com/image/612/612/kt8zb0w0/shopsy-gown/y/u/y/free-full-sleeve-semi-stitched-ff1017-fashionuma-original-imag6nyvrp7x2dsz.jpeg",
        "brand": "Afsana",
        "description": "Embroidered Pure Georgette Semi Stitched Anarkali Gown",
        "color": "Dark Blue",
        "new-price": "₹1,739",
        "old-price": "₹5,699",
        "discount": "69% off",
        "delivery-type": "Free delivery"
    },
    {
        "image": "https://rukminim2.flixcart.com/image/612/612/km3s1ow0/kids-dress/s/v/d/10-11-years-ssg0084-zooba-original-imagf2yzprb7stru.jpeg",
        "brand": "ZOOBA",
        "description": "Girls Maxi/Full Length Party Dress",
        "color": "Red, Sleeveless",
        "new-price": "₹284",
        "old-price": "₹999",
        "discount": "71% off",
        "delivery-type": "Free delivery"
    },
    {
        "image": "https://rukminim2.flixcart.com/image/612/612/kzsqykw0/gown/8/z/u/na-free-full-sleeve-semi-stitched-ap-10-kedar-fab-na-original-imagbqb4bnxbrgmj.jpeg",
        "brand": "Kedar Fab",
        "description": "Embroidered, Self Design Silk Blend Semi Stitched Anark...",
        "color": "Maroon, Beige",
        "new-price": "₹357",
        "old-price": "₹4,999",
        "discount": "92% off",
        "delivery-type": "Free delivery"
    },
    {
        "image": "https://rukminim2.flixcart.com/image/612/612/kfbfr0w0hlty2aw-0/kurta-kurti/i/n/l/free-1-actor-1-kedar-fab-original-imafvzgwghr9wdzt.jpeg",
        "brand": "Kedar Fab",
        "description": "Embroidered Silk Blend Semi Stitched Anarkali Gown",
        "color": "Maroon",
        "new-price": "₹369",
        "old-price": "₹3,999",
        "discount": "90% off",
        "delivery-type": "Free delivery"
    },
    {
        "image": "https://rukminim2.flixcart.com/image/612/612/k0o69ow0/fabric/z/y/8/yo-f1136-yoyo-fashion-original-imaezx362chf9scp.jpeg",
        "brand": "Ethnic Yard",
        "description": "Embroidered Georgette Blend Semi Stitched Anarkali Gown",
        "color": "Beige",
        "new-price": "₹1,369",
        "old-price": "₹4,699",
        "discount": "70% off",
        "delivery-type": "Free delivery"
    },
    {
        "image": "https://rukminim2.flixcart.com/image/612/612/kzd147k0/gown/b/w/6/na-free-full-sleeve-semi-stitched-shamita-1-zinariya-fab-na-original-imagbeyquxgdf6zf.jpeg",
        "brand": "Zinariya Fab",
        "description": "Net Semi Stitched Anarkali Gown",
        "color": "Purple",
        "new-price": "₹839",
        "old-price": "₹3,099",
        "discount": "72% off",
        "delivery-type": "Free delivery"
    },
    {
        "image": "https://rukminim2.flixcart.com/image/612/612/kpcy5jk0/gown/0/u/l/na-xxl-short-sleeve-stitched-ss-04-jash-creation-na-original-imag3hyd6ttywyv4.jpeg",
        "brand": "Femvy",
        "description": "Solid Georgette Blend Stitched Flared/A-line Gown",
        "color": "Light Green",
        "new-price": "₹439",
        "old-price": "₹1,999",
        "discount": "78% off",
        "delivery-type": "Free delivery"
    },
    {
        "image": "https://rukminim2.flixcart.com/image/612/612/kybvo280/gown/f/j/g/na-free-half-sleeve-semi-stitched-bolly-peach-zinariya-fab-na-original-imagah9kxkz4ghf8.jpeg",
        "brand": "Zinariya Fab",
        "description": "Embroidered Net Semi Stitched Anarkali Gown",
        "color": "Maroon",
        "new-price": "₹639",
        "old-price": "₹3,099",
        "discount": "79% off",
        "delivery-type": "Free delivery"
    },
    {
        "image": "https://rukminim2.flixcart.com/image/612/612/k12go7k0/fabric/f/8/y/ey-f-f1217-ethnic-yard-original-imafj7ggwqj4agyf.jpeg",
        "brand": "Ethnic Yard",
        "description": "Embroidered Silk Blend Semi Stitched Anarkali Gown",
        "color": "Beige",
        "new-price": "₹1,461",
        "old-price": "₹5,499",
        "discount": "73% off",
        "delivery-type": "Free delivery"
    },
    {
        "image": "https://rukminim2.flixcart.com/image/612/612/k4zx9jk0/dress/e/h/a/free-chand-2-trilok-fab-original-imafj3d4htmu9ea4.jpeg",
        "brand": "Kedar Fab",
        "description": "Embroidered Silk Blend Semi Stitched Anarkali Gown",
        "color": "Black",
        "new-price": "₹439",
        "old-price": "₹3,999",
        "discount": "89% off",
        "delivery-type": "Free delivery"
    },
    {
        "image": "https://rukminim2.flixcart.com/image/612/612/k1nw9zk0/gown/7/v/a/na-month-m-hi-tr-002-rahul-na-month-original-imafh6gg4emnwqfy.jpeg",
        "brand": "rahul",
        "description": "Printed Crepe Blend Stitched Flared/A-line Gown",
        "color": "Pink",
        "new-price": "₹339",
        "old-price": "₹1,899",
        "discount": "82% off",
        "delivery-type": "Free delivery"
    },
    {
        "image": "https://rukminim2.flixcart.com/image/612/612/kt4ozgw0/gown/j/z/k/15-free-full-sleeve-semi-stitched-green-maisha-kedar-fab-30-original-imag6ju7ghhbf86d.jpeg",
        "brand": "Kedar Fab",
        "description": "Embellished Poly Silk Semi Stitched Anarkali Gown",
        "color": "Green",
        "new-price": "₹368",
        "old-price": "₹3,999",
        "discount": "90% off",
        "delivery-type": "Free delivery"
    },
    {
        "image": "https://rukminim2.flixcart.com/image/612/612/k0flmkw0/gown/n/u/j/na-free-ey-g2-f1214-ethnic-yard-na-original-imafgxmtwhupufeg.jpeg",
        "brand": "Ethnic Yard",
        "description": "Embroidered Pure Silk Semi Stitched Anarkali Gown",
        "color": "Grey",
        "new-price": "₹1,694",
        "old-price": "₹6,499",
        "discount": "73% off",
        "delivery-type": "Free delivery"
    },
    {
        "image": "https://rukminim2.flixcart.com/image/612/612/k58hwnk0/lehenga-choli/z/t/p/free-bnnkbl005-mozila-original-imaf9sssnfhhtpeb.jpeg",
        "brand": "Mozila",
        "description": "Embroidered Satin Blend Semi Stitched Flared/A-line Gow...",
        "color": "Dark Blue, Red",
        "new-price": "₹488",
        "old-price": "₹2,999",
        "discount": "83% off",
        "delivery-type": "Free delivery"
    },
    {
        "image": "https://rukminim2.flixcart.com/image/612/612/kql8sy80/gown/y/n/t/na-free-short-sleeve-semi-stitched-anarkali-gown-vaani-creation-original-imag4kgzw2zykps2.jpeg",
        "brand": "Zinariya Fab",
        "description": "Net Semi Stitched Flared/A-line Gown",
        "color": "Grey",
        "new-price": "₹639",
        "old-price": "₹3,099",
        "discount": "79% off",
        "delivery-type": "Free delivery"
    },
    {
        "image": "https://rukminim2.flixcart.com/image/612/612/k4lmv0w0/gown/m/b/g/na-free-buckel-gown-sdk-fashion-na-original-imafm5df4hbgvwpx.jpeg",
        "brand": "SDK FASHION",
        "description": "Solid Satin Blend Stitched Flared/A-line Gown",
        "color": "Maroon",
        "new-price": "₹223",
        "old-price": "₹1,599",
        "discount": "86% off",
        "delivery-type": "Free delivery"
    },
    {
        "image": "https://rukminim2.flixcart.com/image/612/612/kshtxu80/fabric/x/p/6/yes-3-m-semi-stitched-2-2-m-f1350-afsana-original-imag6fjghvfvvsej.jpeg",
        "brand": "FASHION BASKET",
        "description": "Embroidered Georgette Blend Semi Stitched Anarkali Gown",
        "color": "Grey",
        "new-price": "₹1,640",
        "old-price": "₹6,299",
        "discount": "73% off",
        "delivery-type": "Free delivery"
    },
    {
        "image": "https://rukminim2.flixcart.com/image/612/612/k687wy80/gown/2/4/j/na-free-navi-blue-butterfly-gown-db-anghan-na-original-imafgcbyjmthcbzj.jpeg",
        "brand": "PMD Fashion",
        "description": "Self Design, Embroidered, Embellished Net Semi Stitched...",
        "color": "Blue",
        "new-price": "₹512",
        "old-price": "₹2,999",
        "discount": "82% off",
        "delivery-type": "Free delivery"
    },
    {
        "image": "https://rukminim2.flixcart.com/image/612/612/kk01pjk0/kids-dress/r/5/d/5-6-years-ssg0084-zooba-original-imafzg6uhpeyeqpe.jpeg",
        "brand": "ZOOBA",
        "description": "Girls Maxi/Full Length Party Dress",
        "color": "Purple, Sleeveless",
        "new-price": "₹284",
        "old-price": "₹999",
        "discount": "71% off",
        "delivery-type": "Free delivery"
    },
    {
        "image": "https://rukminim2.flixcart.com/image/612/612/k4ss2a80/gown/h/g/2/na-free-saho-1-trilok-fab-na-original-imafnhs6ufwjtkj6.jpeg",
        "brand": "Kedar Fab",
        "description": "Embroidered Silk Blend Semi Stitched Anarkali Gown",
        "color": "Purple",
        "new-price": "₹298",
        "old-price": "₹3,999",
        "discount": "92% off",
        "delivery-type": "Free delivery"
    },
    {
        "image": "https://rukminim2.flixcart.com/image/612/612/k6b2snk0/fabric/r/z/y/mf-f1135-pink-mfbotique-original-imafed52vnwphz2s.jpeg",
        "brand": "FASHION BASKET",
        "description": "Embroidered Georgette Blend Semi Stitched Anarkali Gown",
        "color": "Pink",
        "new-price": "₹1,260",
        "old-price": "₹4,699",
        "discount": "73% off",
        "delivery-type": "Free delivery"
    },
    {
        "image": "https://rukminim2.flixcart.com/image/612/612/ko0d6kw0/gown/6/i/s/n-a-l-3-4-sleeve-stitched-r1078-ftdiva-n-a-original-imag2k372nerhyjz.jpeg",
        "brand": "ftDiva",
        "description": "Printed Rayon Blend Stitched Anarkali Gown",
        "color": "Pink",
        "new-price": "₹838",
        "old-price": "₹2,999",
        "discount": "72% off",
        "delivery-type": "Free delivery"
    },
    {
        "image": "https://rukminim2.flixcart.com/image/612/612/kdbzqfk0/gown/w/y/x/na-xl-3-4-sleeve-stitched-won1032-womenishkurti-na-original-imafu8zuy3x3gx7r.jpeg",
        "brand": "ANNU PARIDHAN",
        "description": "Printed Rayon Blend Stitched Anarkali Gown",
        "color": "Multicolor",
        "new-price": "₹461",
        "old-price": "₹2,599",
        "discount": "82% off",
        "delivery-type": "Free delivery"
    },
    {
        "image": "https://rukminim2.flixcart.com/image/612/612/kfbfr0w0hlty2aw-0/kurta-kurti/g/i/y/free-1-lt-kedar-fab-original-imafvzgyfvd445qv.jpeg",
        "brand": "Kedar Fab",
        "description": "Embroidered Silk Blend Semi Stitched Anarkali Gown",
        "color": "Light Blue",
        "new-price": "₹367",
        "old-price": "₹3,599",
        "discount": "89% off",
        "delivery-type": "Free delivery"
    },
    {
        "image": "https://rukminim2.flixcart.com/image/612/612/k6nxrbk0/kids-dress/m/3/c/3-4-years-sgm2-11y-maybemine-original-imafp2p7krshksdm.jpeg",
        "brand": "SOFYANA",
        "description": "Girls Maxi/Full Length Festive/Wedding Dress",
        "color": "Yellow, Sleeveless",
        "new-price": "₹1,124",
        "old-price": "₹3,999",
        "discount": "71% off",
        "delivery-type": "Free delivery"
    },
    {
        "image": "https://rukminim2.flixcart.com/image/612/612/kfbfr0w0hlty2aw-0/kurta-kurti/u/f/l/free-1-mauuiiuri-kedar-fab-original-imafvzgy25vdke9s.jpeg",
        "brand": "Kedar Fab",
        "description": "Embroidered Silk Blend Semi Stitched Anarkali Gown",
        "color": "Green",
        "new-price": "₹367",
        "old-price": "₹3,599",
        "discount": "89% off",
        "delivery-type": "Free delivery"
    },
    {
        "image": "https://rukminim2.flixcart.com/image/612/612/kerfl3k0/gown/s/k/j/na-l-sleeveless-stitched-gorii-ptvize-na-original-imafvddbqqqhgcqg.jpeg",
        "brand": "Ptvize",
        "description": "Rayon Blend Stitched Anarkali Gown",
        "color": "Maroon",
        "new-price": "₹294",
        "old-price": "₹1,999",
        "discount": "85% off",
        "delivery-type": "Free delivery"
    },
    {
        "image": "https://rukminim2.flixcart.com/image/612/612/kxdl3m80/gown/o/t/k/na-free-full-sleeve-semi-stitched-shamita-1-zinariya-fab-na-original-imag9uhekfeefghn.jpeg",
        "brand": "SkyTara",
        "description": "Net Semi Stitched Anarkali Gown",
        "color": "Purple",
        "new-price": "₹839",
        "old-price": "₹2,099",
        "discount": "60% off",
        "delivery-type": "Free delivery"
    },
    {
        "image": "https://rukminim2.flixcart.com/image/612/612/kjbr8280-0/gown/w/3/n/168-free-sleeveless-semi-stitched-embroidered-net-semi-stitched-original-imafyx26gmgryjyh.jpeg",
        "description": "Anarkali Gown",
        "color": "Light Blue",
        "new-price": "₹359",
        "old-price": "₹530",
        "discount": "32% off",
        "delivery-type": "Free delivery"
    }
]