[
    {
        "image": "https://rukminim2.flixcart.com/image/312/312/l0r1j0w0/air-conditioner-new/n/i/w/-original-imagcgg5ktjp2p3j.jpeg",
        "description": "Panasonic 1.5 Ton 5 Star Split Inverter AC with Wi-fi Connect  - White",
        "stars": "4.3",
        "ratings": "8,564 Ratings ",
        "reviews": " 1,013 Reviews",
        "more-data": "Condenser Coil: Copper",
        "more-data2": "Power Consumption: 1360 W",
        "more-data3": "Noise level: 46 dB",
        "more-data4": "Refrigerant: R-32",
        "more-data5": "Wi-Fi Enabled: Yes",
        "more-data6": "1 Year Comprehensive Warranty, 5 Years on PCB and 10 Years on Compressor",
        "new-price": "₹43,490",
        "old-price": "₹59,400",
        "discount": "26% off",
        "delivery-type": "Free delivery",
        "offer": "Bank Offer"
    },
    {
        "image": "https://rukminim2.flixcart.com/image/312/312/l0r1j0w0/air-conditioner-new/n/i/w/-original-imagcgg5ktjp2p3j.jpeg",
        "description": "Panasonic 1.5 Ton 3 Star Split Inverter AC with Wi-fi Connect  - White",
        "stars": "4.3",
        "ratings": "8,564 Ratings ",
        "reviews": " 1,013 Reviews",
        "more-data": "Condenser Coil: Copper",
        "more-data2": "Power Consumption: 1770 W",
        "more-data3": "Noise level: 48 dB",
        "more-data4": "Refrigerant: R-32",
        "more-data5": "Wi-Fi Enabled: Yes",
        "more-data6": "1 Year Comprehensive Warranty, 4 Years on PCB and 9 Years on Compressor",
        "new-price": "₹37,490",
        "old-price": "₹55,400",
        "discount": "32% off",
        "delivery-type": "Free delivery",
        "offer": "Bank Offer"
    },
    {
        "image": "https://rukminim2.flixcart.com/image/312/312/ky3b0y80/air-conditioner-new/x/6/e/-original-imagae8qdgeckpsy.jpeg",
        "description": "SAMSUNG 1.5 Ton 3 Star Split Inverter AC  - White",
        "stars": "4.2",
        "ratings": "22,151 Ratings ",
        "reviews": " 2,248 Reviews",
        "more-data": "Condenser Coil: Copper",
        "more-data2": "Power Consumption: 1700 W",
        "more-data3": "Noise level: 45 dB",
        "more-data4": "Refrigerant: R-32",
        "more-data5": "Ambient Temperature: 52 DegreeC",
        "more-data6": "Wi-Fi Enabled: No",
        "more-data7": "1 Year Standard Warranty on Product and 10 Years on Compressor",
        "new-price": "₹32,999",
        "old-price": "₹57,990",
        "discount": "43% off",
        "delivery-type": "Free delivery",
        "offer": "Bank Offer"
    },
    {
        "image": "https://rukminim2.flixcart.com/image/312/312/l01blow0/air-conditioner-new/m/a/u/-original-imagbwxswhdh3ym9.jpeg",
        "description": "CARRIER Flexicool Convertible 4-in-1 Cooling 1.2 Ton 5 Star Split Inverter Auto Cleanser, Dual Filtrat...",
        "stars": "4.3",
        "ratings": "7,863 Ratings ",
        "reviews": " 950 Reviews",
        "more-data": "Condenser Coil: Copper",
        "more-data2": "Power Consumption: 1050 W",
        "more-data3": "Noise level: 32 dB",
        "more-data4": "Refrigerant: R32",
        "more-data5": "Ambient Temperature: 52 DegreeC",
        "more-data6": "Wi-Fi Enabled: No",
        "more-data7": "1 Year warranty on Product, 5 (1+4) Years on PCB and 10 (1+9) Years on Compressor",
        "new-price": "₹36,990",
        "old-price": "₹64,590",
        "discount": "42% off",
        "delivery-type": "Free delivery",
        "offer": "Bank Offer"
    },
    {
        "image": "https://rukminim2.flixcart.com/image/312/312/ky3b0y80/air-conditioner-new/2/4/g/-original-imagae8qmgmdsufu.jpeg",
        "description": "SAMSUNG 1.5 Ton 4 Star Split Inverter AC  - White",
        "stars": "4",
        "ratings": "103 Ratings ",
        "reviews": " 8 Reviews",
        "more-data": "Condenser Coil: Copper",
        "more-data2": "Power Consumption: 1490 W",
        "more-data3": "Noise level: 45 dB",
        "more-data4": "Refrigerant: R-32",
        "more-data5": "Ambient Temperature: 52 DegreeC",
        "more-data6": "Wi-Fi Enabled: No",
        "more-data7": "1 Year Standard Warranty on Product and 10 Years on Compressor",
        "new-price": "₹35,999",
        "old-price": "₹62,990",
        "discount": "42% off",
        "delivery-type": "Free delivery",
        "offer": "Bank Offer"
    },
    {
        "image": "https://rukminim2.flixcart.com/image/312/312/l27wtjk0/air-conditioner-new/h/0/i/-original-imagdhv8jdszr6zz.jpeg",
        "description": "Voltas 1.5 Ton 3 Star Split Inverter AC  - White",
        "stars": "4.1",
        "ratings": "923 Ratings ",
        "reviews": " 76 Reviews",
        "more-data": "Condenser Coil: Copper",
        "more-data2": "Power Consumption: 1690 W",
        "more-data3": "Noise level: 46 dB",
        "more-data4": "Refrigerant: R32",
        "more-data5": "Ambient Temperature: 50 DegreeC",
        "more-data6": "Wi-Fi Enabled: No",
        "more-data7": "1 Year Warranty on Product and 5 Years on Compressor",
        "new-price": "₹32,490",
        "old-price": "₹61,990",
        "discount": "47% off",
        "delivery-type": "Free delivery",
        "offer": "Bank Offer"
    },
    {
        "image": "https://rukminim2.flixcart.com/image/312/312/l27wtjk0/air-conditioner-new/j/x/t/-original-imagdm5s3hypyffk.jpeg",
        "description": "CARRIER 1.5 Ton 3 Star Split Air Filtration with High Density Filter AC  - White",
        "stars": "4.2",
        "ratings": "5,040 Ratings ",
        "reviews": " 530 Reviews",
        "more-data": "Condenser Coil: Copper",
        "more-data2": "Power Consumption: 1445 W",
        "more-data3": "Noise level: 38 dB",
        "more-data4": "Refrigerant: R32",
        "more-data5": "Ambient Temperature: 52 DegreeC",
        "more-data6": "Wi-Fi Enabled: No",
        "more-data7": "1 Year Warranty on Product and 5 Years on Compressor",
        "new-price": "₹35,499",
        "old-price": "₹62,190",
        "discount": "42% off",
        "delivery-type": "Free delivery",
        "offer": "Bank Offer"
    },
    {
        "image": "https://rukminim2.flixcart.com/image/312/312/l1pc3gw0/air-conditioner-new/2/h/f/-original-imagd7qhwgat2rgf.jpeg",
        "description": "Croma 1.4 Ton 3 Star Split Inverter AC  - White",
        "stars": "4.8",
        "ratings": "4 Ratings ",
        "reviews": " 0 Reviews",
        "more-data": "Condenser Coil: Copper",
        "more-data2": "Power Consumption: 1625 W",
        "more-data3": "Noise level: 52 dB",
        "more-data4": "Refrigerant: R - 32",
        "more-data5": "Wi-Fi Enabled: No",
        "more-data6": "1 Year on Product, 5 Years on Condenser and 10 Years on Compressor",
        "new-price": "₹31,990",
        "old-price": "₹45,000",
        "discount": "28% off",
        "delivery-type": "Free delivery",
        "offer": "Bank Offer"
    },
    {
        "image": "https://rukminim2.flixcart.com/image/312/312/kzfvzww0/air-conditioner-new/s/t/f/-original-imagbgcg3hvvug3m.jpeg",
        "description": "MarQ By Flipkart Convertible 4-in-1 Cooling 1.5 Ton 3 Star Split Inverter AC  - White",
        "stars": "3.9",
        "ratings": "3,871 Ratings ",
        "reviews": " 535 Reviews",
        "more-data": "Condenser Coil: Copper",
        "more-data2": "Power Consumption: 1056.45 kWh",
        "more-data3": "Noise level: 43 dB",
        "more-data4": "Refrigerant: R-32",
        "more-data5": "Ambient Temperature: 55 DegreeC",
        "more-data6": "Wi-Fi Enabled: No",
        "more-data7": "1 Year Warranty on Product and 10 Years on Compressor from MarQ by Flipkart",
        "new-price": "₹27,999",
        "old-price": "₹51,999",
        "discount": "46% off",
        "delivery-type": "Free delivery",
        "offer": "Bank Offer"
    },
    {
        "image": "https://rukminim2.flixcart.com/image/312/312/kzpw2vk0/air-conditioner-new/q/n/t/-original-imagbz2fbs4zutty.jpeg",
        "description": "LG 1.5 Ton 3 Star Split Dual Inverter Convertible 5-in-1 Cooling HD Filter with Anti-Virus Protection ...",
        "stars": "4.1",
        "ratings": "3,876 Ratings ",
        "reviews": " 413 Reviews",
        "more-data": "Condenser Coil: Copper",
        "more-data2": "Power Consumption: 962.65 kWh",
        "more-data3": "Noise level: 26 dB",
        "more-data4": "Refrigerant: R - 32",
        "more-data5": "Wi-Fi Enabled: No",
        "more-data6": "1 Year on Product, 5 Years on PCB and 10 Years on Compressor with Gas Charging",
        "new-price": "₹36,499",
        "old-price": "₹68,990",
        "discount": "47% off",
        "delivery-type": "Free delivery",
        "offer": "Bank Offer"
    },
    {
        "image": "https://rukminim2.flixcart.com/image/312/312/l0pm3680/air-conditioner-new/1/s/x/-original-imagcfvuqf8tezzr.jpeg",
        "description": "Whirlpool 1.5 Ton 3 Star Split Inverter AC  - White",
        "stars": "4",
        "ratings": "3,214 Ratings ",
        "reviews": " 357 Reviews",
        "more-data": "Condenser Coil: Copper",
        "more-data2": "Power Consumption: 1570 W",
        "more-data3": "Noise level: 37.5 dB",
        "more-data4": "Refrigerant: R - 32",
        "more-data5": "Wi-Fi Enabled: No",
        "more-data6": "1 Year on Product and 10 Years Warranty on Compressor",
        "new-price": "₹33,490",
        "old-price": "₹64,600",
        "discount": "48% off",
        "delivery-type": "Free delivery",
        "offer": "Bank Offer"
    },
    {
        "image": "https://rukminim2.flixcart.com/image/312/312/kksmikw0/air-conditioner-new/0/m/e/1-5t-magicool-pro-5s-copr-inv-split-inverter-whirlpool-original-imagy25utwj6jgg7.jpeg",
        "description": "Whirlpool 1.5 Ton 3 Star Split Inverter AC  - White",
        "stars": "4.2",
        "ratings": "28,031 Ratings ",
        "reviews": " 3,550 Reviews",
        "more-data": "Condenser Coil: Copper",
        "more-data2": "Power Consumption: 1660 W",
        "more-data3": "Noise level: 43 dB",
        "more-data4": "Refrigerant: R32",
        "more-data5": "Ambient Temperature: 52 degree C",
        "more-data6": "Wi-Fi Enabled: No",
        "more-data7": "1 Year on Product, 1 Year on Condenser and 10 Years on Compressor from Whirlpool",
        "new-price": "₹31,990",
        "old-price": "₹53,900",
        "discount": "40% off",
        "delivery-type": "Free delivery",
        "offer": "Bank Offer"
    },
    {
        "image": "https://rukminim2.flixcart.com/image/312/312/l2krs7k0/air-conditioner-new/0/j/q/-original-imagdvx8xhqjgevy.jpeg",
        "description": "Voltas 1.5 Ton 5 Star Split Inverter AC  - White",
        "stars": "4",
        "ratings": "539 Ratings ",
        "reviews": " 48 Reviews",
        "more-data": "Condenser Coil: Copper",
        "more-data2": "Power Consumption: 1450 W",
        "more-data3": "Noise level: 46 dB",
        "more-data4": "Refrigerant: R32",
        "more-data5": "Ambient Temperature: 52 DegreeC",
        "more-data6": "Wi-Fi Enabled: No",
        "more-data7": "1 Year Warranty on Product and 5 Years on Compressor",
        "new-price": "₹38,499",
        "old-price": "₹67,990",
        "discount": "43% off",
        "delivery-type": "Free delivery",
        "offer": "Bank Offer"
    },
    {
        "image": "https://rukminim2.flixcart.com/image/312/312/ky1vl3k0/air-conditioner-new/n/k/w/-original-imagadbmh2b8frm8.jpeg",
        "description": "SAMSUNG 1.5 Ton 5 Star Split Inverter AC  - White",
        "stars": "4.2",
        "ratings": "22,151 Ratings ",
        "reviews": " 2,248 Reviews",
        "more-data": "Condenser Coil: Copper",
        "more-data2": "Power Consumption: 1380 W",
        "more-data3": "Noise level: 49 dB",
        "more-data4": "Refrigerant: R - 32",
        "more-data5": "Wi-Fi Enabled: No",
        "more-data6": "1 Year Standard Warranty on Product and 10 Years Warranty on Compressor From Samsung",
        "new-price": "₹39,990",
        "old-price": "₹65,990",
        "discount": "39% off",
        "delivery-type": "Free delivery",
        "offer": "Bank Offer"
    },
    {
        "image": "https://rukminim2.flixcart.com/image/312/312/l01blow0/air-conditioner-new/g/w/z/-original-imagbwxsvzh3phfu.jpeg",
        "description": "CARRIER Flexicool Convertible 4-in-1 Cooling 1.5 Ton 4 Star Split Inverter Dual Filtration with HD and...",
        "stars": "4.3",
        "ratings": "7,863 Ratings ",
        "reviews": " 950 Reviews",
        "more-data": "Condenser Coil: Copper",
        "more-data2": "Power Consumption: 1595 W",
        "more-data3": "Noise level: 37 dB",
        "more-data4": "Refrigerant: R32",
        "more-data5": "Ambient Temperature: 52 DegreeC",
        "more-data6": "Wi-Fi Enabled: No",
        "more-data7": "1 Year warranty on Product, 5 (1+4) Years on PCB and 10 (1+9) Years on Compressor",
        "new-price": "₹37,999",
        "old-price": "₹68,490",
        "discount": "44% off",
        "delivery-type": "Free delivery",
        "offer": "Bank Offer"
    },
    {
        "image": "https://rukminim2.flixcart.com/image/312/312/ky3b0y80/air-conditioner-new/2/4/g/-original-imagae8qmgmdsufu.jpeg",
        "description": "SAMSUNG 1 Ton 4 Star Split Inverter AC  - White",
        "stars": "4.2",
        "ratings": "22,151 Ratings ",
        "reviews": " 2,248 Reviews",
        "more-data": "Condenser Coil: Copper",
        "more-data2": "Power Consumption: 960 W",
        "more-data3": "Noise level: 40 dB",
        "more-data4": "Refrigerant: R-32",
        "more-data5": "Ambient Temperature: 52 DegreeC",
        "more-data6": "Wi-Fi Enabled: No",
        "more-data7": "1 Year Standard Warranty on Product and 10 Years on Compressor",
        "new-price": "₹31,990",
        "old-price": "₹50,990",
        "discount": "37% off",
        "delivery-type": "Free delivery",
        "offer": "Bank Offer"
    },
    {
        "image": "https://rukminim2.flixcart.com/image/312/312/klscivk0/air-conditioner-new/f/w/f/1-5t-magicool-elite-pro-3s-copr-split-whirlpool-fixed-speed-original-imagyuyfratkeyf5.jpeg",
        "description": "Whirlpool 1.5 Ton 3 Star Split AC  - White, Grey",
        "stars": "4.1",
        "ratings": "7,454 Ratings ",
        "reviews": " 823 Reviews",
        "more-data": "Condenser Coil: Copper",
        "more-data2": "Power Consumption: 1410 W",
        "more-data3": "Noise level: 36 dB",
        "more-data4": "Refrigerant: R32",
        "more-data5": "Ambient Temperature: 48 degree C",
        "more-data6": "Wi-Fi Enabled: No",
        "more-data7": "1 Year on Product and 5 Years on Compressor from Whirlpool.",
        "new-price": "₹31,690",
        "old-price": "₹44,400",
        "discount": "28% off",
        "delivery-type": "Free delivery",
        "offer": "Bank Offer"
    },
    {
        "image": "https://rukminim2.flixcart.com/image/312/312/kqe3low0/air-conditioner-new/a/l/h/fkac103sfaa-split-fixed-speed-marq-by-flipkart-original-imag4eykebqheg2d.jpeg",
        "description": "MarQ By Flipkart 1 Ton 3 Star Split AC  - White",
        "stars": "4.2",
        "ratings": "10,109 Ratings ",
        "reviews": " 1,362 Reviews",
        "more-data": "Condenser Coil: Copper",
        "more-data2": "Power Consumption: 741.59 W",
        "more-data3": "Noise level: 39.6 db",
        "more-data4": "Refrigerant: R-32",
        "more-data5": "Wi-Fi Enabled: No",
        "more-data6": "1 Year on Product and 5 Years on Compressor",
        "new-price": "₹24,999",
        "old-price": "₹36,999",
        "discount": "32% off",
        "delivery-type": "Free delivery",
        "offer": "Bank Offer"
    },
    {
        "image": "https://rukminim2.flixcart.com/image/312/312/kmuxevk0/air-conditioner-new/y/r/e/4503073-155v-adw-split-voltas-inverter-original-imagfnavwbrvwks6.jpeg",
        "description": "Voltas 2 in 1 Convertible Cooling 1.2 Ton 5 Star Split Inverter AC  - White",
        "stars": "4.2",
        "ratings": "8,107 Ratings ",
        "reviews": " 978 Reviews",
        "more-data": "Condenser Coil: Copper",
        "more-data2": "Power Consumption: 688.95 kWh",
        "more-data3": "Noise level: 46 dB",
        "more-data4": "Wi-Fi Enabled: No",
        "more-data5": "1 Year on Product and 5 Years on Compressor from Voltas",
        "new-price": "₹34,999",
        "old-price": "₹65,990",
        "discount": "46% off",
        "delivery-type": "Free delivery",
        "offer": "Bank Offer"
    },
    {
        "image": "https://rukminim2.flixcart.com/image/312/312/ky3b0y80/air-conditioner-new/j/h/w/-original-imagae8qqrkkm9zv.jpeg",
        "description": "SAMSUNG 1.5 Ton 4 Star Split Inverter AC  - White",
        "stars": "4.2",
        "ratings": "22,151 Ratings ",
        "reviews": " 2,248 Reviews",
        "more-data": "Condenser Coil: Copper",
        "more-data2": "Power Consumption: 1490 W",
        "more-data3": "Noise level: 45 dB",
        "more-data4": "Refrigerant: R-32",
        "more-data5": "Ambient Temperature: 52 DegreeC",
        "more-data6": "Wi-Fi Enabled: No",
        "more-data7": "1 Year Standard Warranty on Product and 10 Years on Compressor",
        "new-price": "₹35,999",
        "old-price": "₹62,990",
        "discount": "42% off",
        "delivery-type": "Free delivery",
        "offer": "Bank Offer"
    },
    {
        "image": "https://rukminim2.flixcart.com/image/312/312/l0pm3680/air-conditioner-new/1/s/x/-original-imagcfvuqf8tezzr.jpeg",
        "description": "Whirlpool 4 in 1 Convertible Cooling 1.5 Ton 5 Star Split Inverter AC  - White",
        "stars": "4",
        "ratings": "3,214 Ratings ",
        "reviews": " 357 Reviews",
        "more-data": "Condenser Coil: Copper",
        "more-data2": "Power Consumption: 1325 W",
        "more-data3": "Noise level: 35 dB",
        "more-data4": "Refrigerant: R - 32",
        "more-data5": "Wi-Fi Enabled: No",
        "more-data6": "1 Year on Product and 10 Years Warranty on Compressor",
        "new-price": "₹36,590",
        "old-price": "₹74,700",
        "discount": "51% off",
        "delivery-type": "Free delivery",
        "offer": "Bank Offer"
    },
    {
        "image": "https://rukminim2.flixcart.com/image/312/312/jy3anbk0/air-conditioner-new/z/b/y/183-dza-r32-1-5-window-fixed-speed-voltas-original-imafgbz9hpnkwhs4.jpeg",
        "description": "Voltas 1.5 Ton 3 Star Window AC  - White",
        "stars": "4.3",
        "ratings": "5,632 Ratings ",
        "reviews": " 521 Reviews",
        "more-data": "Condenser Coil: Copper",
        "more-data2": "Power Consumption: 1729 W",
        "more-data3": "Noise level: 58 dB",
        "more-data4": "Refrigerant: R-32",
        "more-data5": "Wi-Fi Enabled: No",
        "more-data6": "1 Year on Product and 4 Years on Compressor",
        "new-price": "₹27,499",
        "old-price": "₹30,590",
        "discount": "10% off",
        "delivery-type": "Free delivery",
        "offer": "Bank Offer"
    },
    {
        "image": "https://rukminim2.flixcart.com/image/312/312/kyt0ya80/air-conditioner-new/a/u/8/-original-imagay8qzzvnkxvp.jpeg",
        "description": "LG Super Convertible 6-in-1 Cooling 1.5 Ton 5 Star Split Dual Inverter AI, 4 Way Swing, HD Filter with...",
        "stars": "4.2",
        "ratings": "5,977 Ratings ",
        "reviews": " 630 Reviews",
        "more-data": "Condenser Coil: Copper",
        "more-data2": "Power Consumption: 818.81 kWh",
        "more-data3": "Noise level: 31 dB",
        "more-data4": "Refrigerant: R32",
        "more-data5": "Ambient Temperature: 52 DegreeC",
        "more-data6": "Wi-Fi Enabled: No",
        "more-data7": "1 Year Warranty on Product, 5 Years on PCB and 10 Years on Compressor with Gas Charging",
        "new-price": "₹44,499",
        "old-price": "₹75,990",
        "discount": "41% off",
        "delivery-type": "Free delivery",
        "offer": "Bank Offer"
    },
    {
        "image": "https://rukminim2.flixcart.com/image/312/312/l0sgyvk0/air-conditioner-new/4/8/i/-original-imagchbyyxgnsztk.jpeg",
        "description": "Panasonic 1 Ton 5 Star Split Inverter AC with Wi-fi Connect  - White",
        "stars": "4.3",
        "ratings": "8,564 Ratings ",
        "reviews": " 1,013 Reviews",
        "more-data": "Condenser Coil: Copper",
        "more-data2": "Power Consumption: 990 W",
        "more-data3": "Noise level: 45 dB",
        "more-data4": "Refrigerant: R-32",
        "more-data5": "Wi-Fi Enabled: Yes",
        "more-data6": "1 Year Comprehensive Warranty, 4 Years on PCB and 9 Years on Compressor",
        "new-price": "₹37,240",
        "old-price": "₹50,600",
        "discount": "26% off",
        "delivery-type": "Free delivery",
        "offer": "Bank Offer"
    },
    {
        "image": "https://rukminim2.flixcart.com/image/312/312/l27wtjk0/air-conditioner-new/j/x/t/-original-imagdm5s3hypyffk.jpeg",
        "description": "CARRIER 1 Ton 3 Star Split Air Filtration with High Density Filter AC  - White",
        "stars": "4.2",
        "ratings": "5,040 Ratings ",
        "reviews": " 530 Reviews",
        "more-data": "Condenser Coil: Copper",
        "more-data2": "Power Consumption: 980 W",
        "more-data3": "Noise level: 32 dB",
        "more-data4": "Refrigerant: R32",
        "more-data5": "Ambient Temperature: 52 DegreeC",
        "more-data6": "Wi-Fi Enabled: No",
        "more-data7": "1 Year Warranty on Product and 5 Years on Compressor",
        "new-price": "₹28,999",
        "old-price": "₹52,590",
        "discount": "44% off",
        "delivery-type": "Free delivery",
        "offer": "Bank Offer"
    },
    {
        "image": "https://rukminim2.flixcart.com/image/312/312/l1b1oy80/air-conditioner-new/m/8/o/-original-imagcwkaazzukdzg.jpeg",
        "description": "Lloyd 1.5 Ton 3 Star Split Inverter AC  - White",
        "stars": "3.7",
        "ratings": "54 Ratings ",
        "reviews": " 5 Reviews",
        "more-data": "Condenser Coil: Copper",
        "more-data2": "Power Consumption: 1002.76 kWh",
        "more-data3": "Noise level: 35 dB",
        "more-data4": "Refrigerant: R - 32",
        "more-data5": "Wi-Fi Enabled: No",
        "more-data6": "1 Year Comprehensive Warranty on AC and 10 Years on Compressor",
        "new-price": "₹32,999",
        "old-price": "₹59,990",
        "discount": "44% off",
        "delivery-type": "Free delivery",
        "offer": "Bank Offer"
    },
    {
        "image": "https://rukminim2.flixcart.com/image/312/312/l01blow0/air-conditioner-new/m/a/u/-original-imagbwxswhdh3ym9.jpeg",
        "description": "CARRIER Flexicool Convertible 6-in-1 Cooling 1.5 Ton 5 Star Split Inverter Auto Cleanser, Dual Filtrat...",
        "stars": "4.3",
        "ratings": "7,863 Ratings ",
        "reviews": " 950 Reviews",
        "more-data": "Condenser Coil: Copper",
        "more-data2": "Power Consumption: 1380 W",
        "more-data3": "Noise level: 38 dB",
        "more-data4": "Refrigerant: R32",
        "more-data5": "Ambient Temperature: 52 DegreeC",
        "more-data6": "Wi-Fi Enabled: No",
        "more-data7": "1 Year warranty on Product, 5 (1+4) Years on PCB and 10 (1+9) Years on Compressor",
        "new-price": "₹42,990",
        "old-price": "₹74,090",
        "discount": "41% off",
        "delivery-type": "Free delivery",
        "offer": "Bank Offer"
    },
    {
        "image": "https://rukminim2.flixcart.com/image/312/312/kltryq80/air-conditioner-new/l/l/y/cs-ru18xkytw-cu-ru18xkytw-split-panasonic-inverter-original-imagyugnrnv2djmk.jpeg",
        "description": "Panasonic 1.5 Ton 3 Star Split Inverter AC  - White",
        "stars": "4.2",
        "ratings": "1,016 Ratings ",
        "reviews": " 132 Reviews",
        "more-data": "Condenser Coil: Copper",
        "more-data2": "Power Consumption: 1056.45 W",
        "more-data3": "Noise level: 48 db",
        "more-data4": "Refrigerant: R-32",
        "more-data5": "Wi-Fi Enabled: No",
        "more-data6": "1 Year Comprehensive on Warranty Product, 4 Years on PCB and 9 Years On Compressor",
        "new-price": "₹34,999",
        "old-price": "₹48,500",
        "discount": "27% off",
        "delivery-type": "Free delivery",
        "offer": "Bank Offer"
    },
    {
        "image": "https://rukminim2.flixcart.com/image/312/312/kyt0ya80/air-conditioner-new/3/l/q/-original-imagayaxzdpweczu.jpeg",
        "description": "LG Convertible 4-in-1 Cooling 1.5 Ton 4 Star Window Dual Inverter HD Filter, Clean Filter Indicator AC...",
        "stars": "3.9",
        "ratings": "505 Ratings ",
        "reviews": " 60 Reviews",
        "more-data": "Condenser Coil: Copper",
        "more-data2": "Power Consumption: 1114.92 kWh",
        "more-data3": "Noise level: 44 dB",
        "more-data4": "Refrigerant: R32",
        "more-data5": "Wi-Fi Enabled: No",
        "more-data6": "1 Year Warranty on Product, 5 Years on PCB and 10 Years on Compressor with Gas Charging",
        "new-price": "₹34,490",
        "old-price": "₹60,990",
        "discount": "43% off",
        "delivery-type": "Free delivery",
        "offer": "Bank Offer"
    },
    {
        "image": "https://rukminim2.flixcart.com/image/312/312/klscivk0/air-conditioner-new/f/w/f/1-5t-magicool-elite-pro-3s-copr-split-whirlpool-fixed-speed-original-imagyuyfratkeyf5.jpeg",
        "description": "Whirlpool 1 Ton 3 Star Split AC  - White, Grey",
        "stars": "4.1",
        "ratings": "7,454 Ratings ",
        "reviews": " 823 Reviews",
        "more-data": "Condenser Coil: Copper",
        "more-data2": "Power Consumption: 980 W",
        "more-data3": "Noise level: 33 dB",
        "more-data4": "Refrigerant: R32",
        "more-data5": "Ambient Temperature: 48 degree C",
        "more-data6": "Wi-Fi Enabled: No",
        "more-data7": "1 Year on Product and 5 Years on Compressor from Whirlpool.",
        "new-price": "₹28,690",
        "old-price": "₹38,000",
        "discount": "24% off",
        "delivery-type": "Free delivery",
        "offer": "Bank Offer"
    },
    {
        "image": "https://rukminim2.flixcart.com/image/312/312/kyt0ya80/air-conditioner-new/e/o/5/-original-imagayahvzg5hhsr.jpeg",
        "description": "Whirlpool 4 in 1 Convertible Cooling 1.5 Ton 3 Star Split Inverter AC  - White",
        "stars": "4.1",
        "ratings": "2,480 Ratings ",
        "reviews": " 267 Reviews",
        "more-data": "Condenser Coil: Copper",
        "more-data2": "Power Consumption: 1450 W",
        "more-data3": "Noise level: 45 dB",
        "more-data4": "Refrigerant: R-32",
        "more-data5": "Ambient Temperature: 35 DegreeC",
        "more-data6": "Wi-Fi Enabled: No",
        "more-data7": "1 Year Warranty on Product and 10 Years on Compressor",
        "new-price": "₹32,990",
        "old-price": "₹62,200",
        "discount": "46% off",
        "delivery-type": "Free delivery",
        "offer": "Bank Offer"
    },
    {
        "image": "https://rukminim2.flixcart.com/image/312/312/l0sgyvk0/air-conditioner-new/4/8/i/-original-imagchbyyxgnsztk.jpeg",
        "description": "Panasonic 1 Ton 3 Star Split Inverter AC with Wi-fi Connect  - White",
        "stars": "4.3",
        "ratings": "8,564 Ratings ",
        "reviews": " 1,013 Reviews",
        "more-data": "Condenser Coil: Copper",
        "more-data2": "Power Consumption: 1095 W",
        "more-data3": "Noise level: 45 dB",
        "more-data4": "Refrigerant: R-32",
        "more-data5": "Wi-Fi Enabled: Yes",
        "more-data6": "1 Year Comprehensive Warranty, 4 Years on PCB and 9 Years on Compressor",
        "new-price": "₹33,740",
        "old-price": "₹48,100",
        "discount": "29% off",
        "delivery-type": "Free delivery",
        "offer": "Bank Offer"
    },
    {
        "image": "https://rukminim2.flixcart.com/image/312/312/l2jcccw0/air-conditioner-new/g/p/m/-original-imagduhd79qke5pp.jpeg",
        "description": "Voltas 1.5 Ton 4 Star Split Inverter AC  - White",
        "stars": "4",
        "ratings": "539 Ratings ",
        "reviews": " 48 Reviews",
        "more-data": "Condenser Coil: Copper",
        "more-data2": "Power Consumption: 1540 W",
        "more-data3": "Noise level: 46 dB",
        "more-data4": "Refrigerant: R32",
        "more-data5": "Ambient Temperature: 52 DegreeC",
        "more-data6": "Wi-Fi Enabled: No",
        "more-data7": "1 Year Warranty on Product and 5 Years on Compressor",
        "new-price": "₹34,990",
        "old-price": "₹69,990",
        "discount": "50% off",
        "delivery-type": "Free delivery",
        "offer": "Bank Offer"
    },
    {
        "image": "https://rukminim2.flixcart.com/image/312/312/l1b1oy80/air-conditioner-new/r/c/l/-original-imagcwjcyhx65kbe.jpeg",
        "description": "Voltas 1.5 Ton 4 Star Split Inverter AC  - White",
        "stars": "4.1",
        "ratings": "923 Ratings ",
        "reviews": " 76 Reviews",
        "more-data": "Condenser Coil: Copper",
        "more-data2": "Power Consumption: 1520 W",
        "more-data3": "Noise level: 46 dB",
        "more-data4": "Refrigerant: R - 32",
        "more-data5": "Wi-Fi Enabled: No",
        "more-data6": "1 Year on Air Conditioner and 5 Years on Compressor",
        "new-price": "₹34,490",
        "old-price": "₹69,990",
        "discount": "50% off",
        "delivery-type": "Free delivery",
        "offer": "Bank Offer"
    },
    {
        "image": "https://rukminim2.flixcart.com/image/312/312/jy4q3680/air-conditioner-new/f/f/n/185v-ads-1-5-split-inverter-voltas-original-imafggygae8khdks.jpeg",
        "description": "Voltas 1.5 Ton 5 Star Split Inverter AC  - White",
        "stars": "4.2",
        "ratings": "1,056 Ratings ",
        "reviews": " 83 Reviews",
        "more-data": "Condenser Coil: Copper",
        "more-data2": "Power Consumption: 1750 W",
        "more-data3": "Noise level: 43 dB",
        "more-data4": "Refrigerant: R32",
        "more-data5": "Ambient Temperature: 52 degree C",
        "more-data6": "Wi-Fi Enabled: No",
        "more-data7": "1 Year on Product and Condenser and 5 Years on Compressor from Voltas",
        "new-price": "₹39,499",
        "old-price": "₹69,990",
        "discount": "43% off",
        "delivery-type": "Free delivery",
        "offer": "Bank Offer"
    },
    {
        "image": "https://rukminim2.flixcart.com/image/312/312/kltryq80/air-conditioner-new/1/y/i/cs-su24xkyw-cu-su24xkyw-split-panasonic-inverter-original-imagyugn6kptwwuz.jpeg",
        "description": "Panasonic 2 Ton 3 Star Split Inverter AC with Wi-fi Connect  - White",
        "stars": "4.3",
        "ratings": "8,564 Ratings ",
        "reviews": " 1,013 Reviews",
        "more-data": "Condenser Coil: Copper",
        "more-data2": "Power Consumption: 1264.42 W",
        "more-data3": "Noise level: 50 db",
        "more-data4": "Refrigerant: R-32",
        "more-data5": "Wi-Fi Enabled: Yes",
        "more-data6": "1 Year Comprehensive on Warranty Product, 4 Years on PCB and 9 Years On Compressor",
        "new-price": "₹49,990",
        "old-price": "₹65,500",
        "discount": "23% off",
        "delivery-type": "Free delivery",
        "offer": "Bank Offer"
    },
    {
        "image": "https://rukminim2.flixcart.com/image/312/312/l30hmkw0/air-conditioner-new/p/i/j/-original-image87vgqsmrjss.jpeg",
        "description": "Lloyd 1.5 Ton 3 Star Split Inverter AC with Wi-fi Connect  - White",
        "stars": "3.9",
        "ratings": "296 Ratings ",
        "reviews": " 37 Reviews",
        "more-data": "Condenser Coil: Copper",
        "more-data2": "Power Consumption: 1002.76 kWh",
        "more-data3": "Noise level: 35 dB",
        "more-data4": "Refrigerant: R-32",
        "more-data5": "Ambient Temperature: 52 DegreeC",
        "more-data6": "Wi-Fi Enabled: Yes",
        "more-data7": "1 Year Comprehensive Warranty on Product and 10 Years on Compressor",
        "new-price": "₹32,999",
        "old-price": "₹61,990",
        "discount": "46% off",
        "delivery-type": "Free delivery",
        "offer": "Bank Offer"
    },
    {
        "image": "https://rukminim2.flixcart.com/image/312/312/l0pm3680/air-conditioner-new/1/s/x/-original-imagcfvuqf8tezzr.jpeg",
        "description": "Whirlpool 4 in 1 Convertible Cooling 1 Ton 5 Star Split Inverter AC  - White",
        "stars": "4",
        "ratings": "3,214 Ratings ",
        "reviews": " 357 Reviews",
        "more-data": "Condenser Coil: Copper",
        "more-data2": "Power Consumption: 840 W",
        "more-data3": "Noise level: 31 dB",
        "more-data4": "Refrigerant: R - 32",
        "more-data5": "Wi-Fi Enabled: No",
        "more-data6": "1 Year on Product and 10 Years Warranty on Compressor",
        "new-price": "₹33,990",
        "old-price": "₹61,500",
        "discount": "44% off",
        "delivery-type": "Free delivery",
        "offer": "Bank Offer"
    },
    {
        "image": "https://rukminim2.flixcart.com/image/312/312/l1pc3gw0/air-conditioner-new/w/j/n/-original-imagd7zvqzvccuzr.jpeg",
        "description": "realme TechLife 4-in-1 Convertible 1.5 Ton 5 Star Split Inverter , AC  - White",
        "stars": "4",
        "ratings": "738 Ratings ",
        "reviews": " 128 Reviews",
        "more-data": "Condenser Coil: Copper",
        "more-data2": "Power Consumption: 837.93 kWh",
        "more-data3": "Noise level: 43 dB",
        "more-data4": "Refrigerant: R-32",
        "more-data5": "Ambient Temperature: 55 DegreeC",
        "more-data6": "Wi-Fi Enabled: No",
        "more-data7": "1 Year Warranty on Product and 10 Years on Compressor",
        "new-price": "₹33,490",
        "old-price": "₹56,999",
        "discount": "41% off",
        "delivery-type": "Free delivery",
        "offer": "Bank Offer"
    },
    {
        "image": "https://rukminim2.flixcart.com/image/312/312/l0r1j0w0/air-conditioner-new/n/i/w/-original-imagcgg5ktjp2p3j.jpeg",
        "description": "Panasonic 2 Ton 5 Star Split Inverter AC with Wi-fi Connect  - White",
        "stars": "4.3",
        "ratings": "8,564 Ratings ",
        "reviews": " 1,013 Reviews",
        "more-data": "Condenser Coil: Copper",
        "more-data2": "Power Consumption: 1740 W",
        "more-data3": "Noise level: 50 dB",
        "more-data4": "Refrigerant: R-32",
        "more-data5": "Wi-Fi Enabled: Yes",
        "more-data6": "1 Year Comprehensive Warranty, 4 Years on PCB, 9 Years on Compressor and 4 Years on ODU Casing",
        "new-price": "₹55,990",
        "old-price": "₹77,150",
        "discount": "27% off",
        "delivery-type": "Free delivery",
        "offer": "Bank Offer"
    },
    {
        "image": "https://rukminim2.flixcart.com/image/312/312/kxdl3m80/air-conditioner-new/a/h/e/-original-imag9ua4eguhz7vr.jpeg",
        "description": "ONIDA 1.5 Ton 3 Star Split Inverter AC  - White",
        "stars": "4.5",
        "ratings": "2,421 Ratings ",
        "reviews": " 441 Reviews",
        "more-data": "Condenser Coil: Copper",
        "more-data2": "Power Consumption: 1740 W",
        "more-data3": "Noise level: 52 dB",
        "more-data4": "Ambient Temperature: 52 DegreeC",
        "more-data5": "Wi-Fi Enabled: No",
        "more-data6": "1 Year Warranty on Product and 5 Years on Compressor from Onida",
        "new-price": "₹31,990",
        "old-price": "₹54,990",
        "discount": "41% off",
        "delivery-type": "Free delivery",
        "offer": "Bank Offer"
    },
    {
        "image": "https://rukminim2.flixcart.com/image/312/312/l0r1j0w0/air-conditioner-new/n/i/w/-original-imagcgg5ktjp2p3j.jpeg",
        "description": "Panasonic 1.5 Ton 5 Star Split Inverter AC with Wi-fi Connect  - White",
        "stars": "4.3",
        "ratings": "8,564 Ratings ",
        "reviews": " 1,013 Reviews",
        "more-data": "Condenser Coil: Copper",
        "more-data2": "Power Consumption: 1360 W",
        "more-data3": "Noise level: 46 dB",
        "more-data4": "Refrigerant: R-32",
        "more-data5": "Wi-Fi Enabled: Yes",
        "more-data6": "1 Year Comprehensive Warranty, 5 Years on PCB and 10 Years on Compressor",
        "new-price": "₹43,490",
        "old-price": "₹59,400",
        "discount": "26% off",
        "delivery-type": "Free delivery",
        "offer": "Bank Offer"
    },
    {
        "image": "https://rukminim2.flixcart.com/image/312/312/l30hmkw0/air-conditioner-new/k/q/q/-original-image87v8ysyghxn.jpeg",
        "description": "Lloyd 1.5 Ton 5 Star Window AC  - White",
        "stars": "4.1",
        "ratings": "161 Ratings ",
        "reviews": " 18 Reviews",
        "more-data": "Condenser Coil: Copper",
        "more-data2": "Power Consumption: 1114.71 kWh",
        "more-data3": "Noise level: 52 dB",
        "more-data4": "Refrigerant: R-32",
        "more-data5": "Ambient Temperature: 48 DegreeC",
        "more-data6": "Wi-Fi Enabled: No",
        "more-data7": "1 Year Comprehensive Warranty on Product and 5 Years on Compressor",
        "new-price": "₹30,990",
        "old-price": "₹45,990",
        "discount": "32% off",
        "delivery-type": "Free delivery",
        "offer": "Bank Offer"
    },
    {
        "image": "https://rukminim2.flixcart.com/image/312/312/kksmikw0/air-conditioner-new/0/m/e/1-5t-magicool-pro-5s-copr-inv-split-inverter-whirlpool-original-imagy25utwj6jgg7.jpeg",
        "description": "Whirlpool 1 Ton 3 Star Split Inverter AC  - White",
        "stars": "4.2",
        "ratings": "28,031 Ratings ",
        "reviews": " 3,550 Reviews",
        "more-data": "Condenser Coil: Copper",
        "more-data2": "Power Consumption: 1075 W",
        "more-data3": "Noise level: 42 dB",
        "more-data4": "Refrigerant: R32",
        "more-data5": "Ambient Temperature: 52 degree C",
        "more-data6": "Wi-Fi Enabled: No",
        "more-data7": "1 Year on Product, 1 Year on Condenser and 10 Years on Compressor from Whirlpool",
        "new-price": "₹29,490",
        "old-price": "₹44,750",
        "discount": "34% off",
        "delivery-type": "Free delivery",
        "offer": "Bank Offer"
    },
    {
        "image": "https://rukminim2.flixcart.com/image/312/312/l2dmky80/air-conditioner-new/a/j/9/-original-imagdqnddcugkqks.jpeg",
        "description": "Whirlpool 1 Ton 3 Star Split Inverter AC with Wi-fi Connect  - White",
        "stars": "4.3",
        "ratings": "4 Ratings ",
        "reviews": " 1 Reviews",
        "more-data": "Condenser Coil: Copper",
        "more-data2": "Power Consumption: 1390 W",
        "more-data3": "Noise level: 32 dB",
        "more-data4": "Refrigerant: R-32",
        "more-data5": "Ambient Temperature: 35 DegreeC",
        "more-data6": "Wi-Fi Enabled: Yes",
        "more-data7": "1 Year Warranty on Product and 10 Years Warranty on Compressor",
        "new-price": "₹28,990",
        "old-price": "₹55,000",
        "discount": "47% off",
        "delivery-type": "Free delivery",
        "offer": "Bank Offer"
    },
    {
        "image": "https://rukminim2.flixcart.com/image/312/312/kyag87k0/air-conditioner-new/a/i/w/-original-imagajw3gkkjm72y.jpeg",
        "description": "SAMSUNG Super Convertible 6-in-1 Cooling 1.5 Ton 5 Star Split Inverter WINDFREE Technology AC  - White",
        "stars": "4.3",
        "ratings": "79 Ratings ",
        "reviews": " 8 Reviews",
        "more-data": "Condenser Coil: Copper",
        "more-data2": "Power Consumption: 1350 W",
        "more-data3": "Noise level: 45 dB",
        "more-data4": "Refrigerant: R - 32",
        "more-data5": "Wi-Fi Enabled: No",
        "more-data6": "1 Year Standard Warranty on Product and 10 Years Warranty on Compressor From Samsung",
        "new-price": "₹43,990",
        "old-price": "₹70,990",
        "discount": "38% off",
        "delivery-type": "Free delivery",
        "offer": "Bank Offer"
    },
    {
        "image": "https://rukminim2.flixcart.com/image/312/312/l0r1j0w0/air-conditioner-new/n/i/w/-original-imagcgg5ktjp2p3j.jpeg",
        "description": "Panasonic 1.5 Ton 3 Star Split Inverter AC with Wi-fi Connect  - White",
        "stars": "4.3",
        "ratings": "8,564 Ratings ",
        "reviews": " 1,013 Reviews",
        "more-data": "Condenser Coil: Copper",
        "more-data2": "Power Consumption: 1770 W",
        "more-data3": "Noise level: 48 dB",
        "more-data4": "Refrigerant: R-32",
        "more-data5": "Wi-Fi Enabled: Yes",
        "more-data6": "1 Year Comprehensive Warranty, 4 Years on PCB and 9 Years on Compressor",
        "new-price": "₹37,490",
        "old-price": "₹55,400",
        "discount": "32% off",
        "delivery-type": "Free delivery",
        "offer": "Bank Offer"
    },
    {
        "image": "https://rukminim2.flixcart.com/image/312/312/kltryq80/air-conditioner-new/u/x/r/cs-cu-ru12xkyw-split-panasonic-inverter-original-imagyugn9zdvzuw5.jpeg",
        "description": "Panasonic 1 Ton 3 Star Split Inverter AC  - White",
        "stars": "4.2",
        "ratings": "1,016 Ratings ",
        "reviews": " 132 Reviews",
        "more-data": "Condenser Coil: Copper",
        "more-data2": "Power Consumption: 731.44 kWh",
        "more-data3": "Noise level: 45 db",
        "more-data4": "Refrigerant: R-32",
        "more-data5": "Wi-Fi Enabled: No",
        "more-data6": "1 Year Comprehensive on Warranty Product, 4 Years on PCB and 9 Years On Compressor",
        "new-price": "₹31,990",
        "old-price": "₹42,200",
        "discount": "24% off",
        "delivery-type": "Free delivery",
        "offer": "Bank Offer"
    },
    {
        "image": "https://rukminim2.flixcart.com/image/312/312/l0r1j0w0/air-conditioner-new/n/i/w/-original-imagcgg5ktjp2p3j.jpeg",
        "description": "Panasonic 1.5 Ton 3 Star Split Inverter AC with Wi-fi Connect  - White",
        "stars": "4.3",
        "ratings": "8,564 Ratings ",
        "reviews": " 1,013 Reviews",
        "more-data": "Condenser Coil: Copper",
        "more-data2": "Power Consumption: 1770 W",
        "more-data3": "Noise level: 48 dB",
        "more-data4": "Refrigerant: R-32",
        "more-data5": "Wi-Fi Enabled: Yes",
        "more-data6": "1 Year Comprehensive Warranty, 4 Years on PCB and 9 Years on Compressor",
        "new-price": "₹37,490",
        "old-price": "₹55,400",
        "discount": "32% off",
        "delivery-type": "Free delivery",
        "offer": "Bank Offer"
    },
    {
        "image": "https://rukminim2.flixcart.com/image/312/312/l0r1j0w0/air-conditioner-new/n/i/w/-original-imagcgg5ktjp2p3j.jpeg",
        "description": "Panasonic 1.5 Ton 5 Star Split Inverter AC with Wi-fi Connect  - White",
        "stars": "4.3",
        "ratings": "8,564 Ratings ",
        "reviews": " 1,013 Reviews",
        "more-data": "Condenser Coil: Copper",
        "more-data2": "Power Consumption: 1360 W",
        "more-data3": "Noise level: 46 dB",
        "more-data4": "Refrigerant: R-32",
        "more-data5": "Wi-Fi Enabled: Yes",
        "more-data6": "1 Year Comprehensive Warranty, 5 Years on PCB and 10 Years on Compressor",
        "new-price": "₹43,490",
        "old-price": "₹59,400",
        "discount": "26% off",
        "delivery-type": "Free delivery",
        "offer": "Bank Offer"
    },
    {
        "image": "https://rukminim2.flixcart.com/image/312/312/ky3b0y80/air-conditioner-new/x/6/e/-original-imagae8qdgeckpsy.jpeg",
        "description": "SAMSUNG 1.5 Ton 3 Star Split Inverter AC  - White",
        "stars": "4.2",
        "ratings": "22,151 Ratings ",
        "reviews": " 2,248 Reviews",
        "more-data": "Condenser Coil: Copper",
        "more-data2": "Power Consumption: 1700 W",
        "more-data3": "Noise level: 45 dB",
        "more-data4": "Refrigerant: R-32",
        "more-data5": "Ambient Temperature: 52 DegreeC",
        "more-data6": "Wi-Fi Enabled: No",
        "more-data7": "1 Year Standard Warranty on Product and 10 Years on Compressor",
        "new-price": "₹32,999",
        "old-price": "₹57,990",
        "discount": "43% off",
        "delivery-type": "Free delivery",
        "offer": "Bank Offer"
    },
    {
        "image": "https://rukminim2.flixcart.com/image/312/312/l01blow0/air-conditioner-new/m/a/u/-original-imagbwxswhdh3ym9.jpeg",
        "description": "CARRIER Flexicool Convertible 4-in-1 Cooling 1.2 Ton 5 Star Split Inverter Auto Cleanser, Dual Filtrat...",
        "stars": "4.3",
        "ratings": "7,863 Ratings ",
        "reviews": " 950 Reviews",
        "more-data": "Condenser Coil: Copper",
        "more-data2": "Power Consumption: 1050 W",
        "more-data3": "Noise level: 32 dB",
        "more-data4": "Refrigerant: R32",
        "more-data5": "Ambient Temperature: 52 DegreeC",
        "more-data6": "Wi-Fi Enabled: No",
        "more-data7": "1 Year warranty on Product, 5 (1+4) Years on PCB and 10 (1+9) Years on Compressor",
        "new-price": "₹36,990",
        "old-price": "₹64,590",
        "discount": "42% off",
        "delivery-type": "Free delivery",
        "offer": "Bank Offer"
    },
    {
        "image": "https://rukminim2.flixcart.com/image/312/312/ky3b0y80/air-conditioner-new/2/4/g/-original-imagae8qmgmdsufu.jpeg",
        "description": "SAMSUNG 1.5 Ton 4 Star Split Inverter AC  - White",
        "stars": "4",
        "ratings": "103 Ratings ",
        "reviews": " 8 Reviews",
        "more-data": "Condenser Coil: Copper",
        "more-data2": "Power Consumption: 1490 W",
        "more-data3": "Noise level: 45 dB",
        "more-data4": "Refrigerant: R-32",
        "more-data5": "Ambient Temperature: 52 DegreeC",
        "more-data6": "Wi-Fi Enabled: No",
        "more-data7": "1 Year Standard Warranty on Product and 10 Years on Compressor",
        "new-price": "₹35,999",
        "old-price": "₹62,990",
        "discount": "42% off",
        "delivery-type": "Free delivery",
        "offer": "Bank Offer"
    },
    {
        "image": "https://rukminim2.flixcart.com/image/312/312/l27wtjk0/air-conditioner-new/h/0/i/-original-imagdhv8jdszr6zz.jpeg",
        "description": "Voltas 1.5 Ton 3 Star Split Inverter AC  - White",
        "stars": "4.1",
        "ratings": "923 Ratings ",
        "reviews": " 76 Reviews",
        "more-data": "Condenser Coil: Copper",
        "more-data2": "Power Consumption: 1690 W",
        "more-data3": "Noise level: 46 dB",
        "more-data4": "Refrigerant: R32",
        "more-data5": "Ambient Temperature: 50 DegreeC",
        "more-data6": "Wi-Fi Enabled: No",
        "more-data7": "1 Year Warranty on Product and 5 Years on Compressor",
        "new-price": "₹32,490",
        "old-price": "₹61,990",
        "discount": "47% off",
        "delivery-type": "Free delivery",
        "offer": "Bank Offer"
    },
    {
        "image": "https://rukminim2.flixcart.com/image/312/312/l27wtjk0/air-conditioner-new/j/x/t/-original-imagdm5s3hypyffk.jpeg",
        "description": "CARRIER 1.5 Ton 3 Star Split Air Filtration with High Density Filter AC  - White",
        "stars": "4.2",
        "ratings": "5,040 Ratings ",
        "reviews": " 530 Reviews",
        "more-data": "Condenser Coil: Copper",
        "more-data2": "Power Consumption: 1445 W",
        "more-data3": "Noise level: 38 dB",
        "more-data4": "Refrigerant: R32",
        "more-data5": "Ambient Temperature: 52 DegreeC",
        "more-data6": "Wi-Fi Enabled: No",
        "more-data7": "1 Year Warranty on Product and 5 Years on Compressor",
        "new-price": "₹35,499",
        "old-price": "₹62,190",
        "discount": "42% off",
        "delivery-type": "Free delivery",
        "offer": "Bank Offer"
    },
    {
        "image": "https://rukminim2.flixcart.com/image/312/312/l1pc3gw0/air-conditioner-new/2/h/f/-original-imagd7qhwgat2rgf.jpeg",
        "description": "Croma 1.4 Ton 3 Star Split Inverter AC  - White",
        "stars": "4.8",
        "ratings": "4 Ratings ",
        "reviews": " 0 Reviews",
        "more-data": "Condenser Coil: Copper",
        "more-data2": "Power Consumption: 1625 W",
        "more-data3": "Noise level: 52 dB",
        "more-data4": "Refrigerant: R - 32",
        "more-data5": "Wi-Fi Enabled: No",
        "more-data6": "1 Year on Product, 5 Years on Condenser and 10 Years on Compressor",
        "new-price": "₹31,990",
        "old-price": "₹45,000",
        "discount": "28% off",
        "delivery-type": "Free delivery",
        "offer": "Bank Offer"
    },
    {
        "image": "https://rukminim2.flixcart.com/image/312/312/kzfvzww0/air-conditioner-new/s/t/f/-original-imagbgcg3hvvug3m.jpeg",
        "description": "MarQ By Flipkart Convertible 4-in-1 Cooling 1.5 Ton 3 Star Split Inverter AC  - White",
        "stars": "3.9",
        "ratings": "3,871 Ratings ",
        "reviews": " 535 Reviews",
        "more-data": "Condenser Coil: Copper",
        "more-data2": "Power Consumption: 1056.45 kWh",
        "more-data3": "Noise level: 43 dB",
        "more-data4": "Refrigerant: R-32",
        "more-data5": "Ambient Temperature: 55 DegreeC",
        "more-data6": "Wi-Fi Enabled: No",
        "more-data7": "1 Year Warranty on Product and 10 Years on Compressor from MarQ by Flipkart",
        "new-price": "₹27,999",
        "old-price": "₹51,999",
        "discount": "46% off",
        "delivery-type": "Free delivery",
        "offer": "Bank Offer"
    },
    {
        "image": "https://rukminim2.flixcart.com/image/312/312/kzpw2vk0/air-conditioner-new/q/n/t/-original-imagbz2fbs4zutty.jpeg",
        "description": "LG 1.5 Ton 3 Star Split Dual Inverter Convertible 5-in-1 Cooling HD Filter with Anti-Virus Protection ...",
        "stars": "4.1",
        "ratings": "3,876 Ratings ",
        "reviews": " 413 Reviews",
        "more-data": "Condenser Coil: Copper",
        "more-data2": "Power Consumption: 962.65 kWh",
        "more-data3": "Noise level: 26 dB",
        "more-data4": "Refrigerant: R - 32",
        "more-data5": "Wi-Fi Enabled: No",
        "more-data6": "1 Year on Product, 5 Years on PCB and 10 Years on Compressor with Gas Charging",
        "new-price": "₹36,499",
        "old-price": "₹68,990",
        "discount": "47% off",
        "delivery-type": "Free delivery",
        "offer": "Bank Offer"
    },
    {
        "image": "https://rukminim2.flixcart.com/image/312/312/l0pm3680/air-conditioner-new/1/s/x/-original-imagcfvuqf8tezzr.jpeg",
        "description": "Whirlpool 1.5 Ton 3 Star Split Inverter AC  - White",
        "stars": "4",
        "ratings": "3,214 Ratings ",
        "reviews": " 357 Reviews",
        "more-data": "Condenser Coil: Copper",
        "more-data2": "Power Consumption: 1570 W",
        "more-data3": "Noise level: 37.5 dB",
        "more-data4": "Refrigerant: R - 32",
        "more-data5": "Wi-Fi Enabled: No",
        "more-data6": "1 Year on Product and 10 Years Warranty on Compressor",
        "new-price": "₹33,490",
        "old-price": "₹64,600",
        "discount": "48% off",
        "delivery-type": "Free delivery",
        "offer": "Bank Offer"
    },
    {
        "image": "https://rukminim2.flixcart.com/image/312/312/kksmikw0/air-conditioner-new/0/m/e/1-5t-magicool-pro-5s-copr-inv-split-inverter-whirlpool-original-imagy25utwj6jgg7.jpeg",
        "description": "Whirlpool 1.5 Ton 3 Star Split Inverter AC  - White",
        "stars": "4.2",
        "ratings": "28,031 Ratings ",
        "reviews": " 3,550 Reviews",
        "more-data": "Condenser Coil: Copper",
        "more-data2": "Power Consumption: 1660 W",
        "more-data3": "Noise level: 43 dB",
        "more-data4": "Refrigerant: R32",
        "more-data5": "Ambient Temperature: 52 degree C",
        "more-data6": "Wi-Fi Enabled: No",
        "more-data7": "1 Year on Product, 1 Year on Condenser and 10 Years on Compressor from Whirlpool",
        "new-price": "₹31,990",
        "old-price": "₹53,900",
        "discount": "40% off",
        "delivery-type": "Free delivery",
        "offer": "Bank Offer"
    },
    {
        "image": "https://rukminim2.flixcart.com/image/312/312/l2krs7k0/air-conditioner-new/0/j/q/-original-imagdvx8xhqjgevy.jpeg",
        "description": "Voltas 1.5 Ton 5 Star Split Inverter AC  - White",
        "stars": "4",
        "ratings": "539 Ratings ",
        "reviews": " 48 Reviews",
        "more-data": "Condenser Coil: Copper",
        "more-data2": "Power Consumption: 1450 W",
        "more-data3": "Noise level: 46 dB",
        "more-data4": "Refrigerant: R32",
        "more-data5": "Ambient Temperature: 52 DegreeC",
        "more-data6": "Wi-Fi Enabled: No",
        "more-data7": "1 Year Warranty on Product and 5 Years on Compressor",
        "new-price": "₹38,499",
        "old-price": "₹67,990",
        "discount": "43% off",
        "delivery-type": "Free delivery",
        "offer": "Bank Offer"
    },
    {
        "image": "https://rukminim2.flixcart.com/image/312/312/ky1vl3k0/air-conditioner-new/n/k/w/-original-imagadbmh2b8frm8.jpeg",
        "description": "SAMSUNG 1.5 Ton 5 Star Split Inverter AC  - White",
        "stars": "4.2",
        "ratings": "22,151 Ratings ",
        "reviews": " 2,248 Reviews",
        "more-data": "Condenser Coil: Copper",
        "more-data2": "Power Consumption: 1380 W",
        "more-data3": "Noise level: 49 dB",
        "more-data4": "Refrigerant: R - 32",
        "more-data5": "Wi-Fi Enabled: No",
        "more-data6": "1 Year Standard Warranty on Product and 10 Years Warranty on Compressor From Samsung",
        "new-price": "₹39,990",
        "old-price": "₹65,990",
        "discount": "39% off",
        "delivery-type": "Free delivery",
        "offer": "Bank Offer"
    },
    {
        "image": "https://rukminim2.flixcart.com/image/312/312/l01blow0/air-conditioner-new/g/w/z/-original-imagbwxsvzh3phfu.jpeg",
        "description": "CARRIER Flexicool Convertible 4-in-1 Cooling 1.5 Ton 4 Star Split Inverter Dual Filtration with HD and...",
        "stars": "4.3",
        "ratings": "7,863 Ratings ",
        "reviews": " 950 Reviews",
        "more-data": "Condenser Coil: Copper",
        "more-data2": "Power Consumption: 1595 W",
        "more-data3": "Noise level: 37 dB",
        "more-data4": "Refrigerant: R32",
        "more-data5": "Ambient Temperature: 52 DegreeC",
        "more-data6": "Wi-Fi Enabled: No",
        "more-data7": "1 Year warranty on Product, 5 (1+4) Years on PCB and 10 (1+9) Years on Compressor",
        "new-price": "₹37,999",
        "old-price": "₹68,490",
        "discount": "44% off",
        "delivery-type": "Free delivery",
        "offer": "Bank Offer"
    },
    {
        "image": "https://rukminim2.flixcart.com/image/312/312/ky3b0y80/air-conditioner-new/j/h/w/-original-imagae8qqrkkm9zv.jpeg",
        "description": "SAMSUNG 1.5 Ton 4 Star Split Inverter AC  - White",
        "stars": "4.2",
        "ratings": "22,151 Ratings ",
        "reviews": " 2,248 Reviews",
        "more-data": "Condenser Coil: Copper",
        "more-data2": "Power Consumption: 1490 W",
        "more-data3": "Noise level: 45 dB",
        "more-data4": "Refrigerant: R-32",
        "more-data5": "Ambient Temperature: 52 DegreeC",
        "more-data6": "Wi-Fi Enabled: No",
        "more-data7": "1 Year Standard Warranty on Product and 10 Years on Compressor",
        "new-price": "₹35,999",
        "old-price": "₹62,990",
        "discount": "42% off",
        "delivery-type": "Free delivery",
        "offer": "Bank Offer"
    },
    {
        "image": "https://rukminim2.flixcart.com/image/312/312/klscivk0/air-conditioner-new/f/w/f/1-5t-magicool-elite-pro-3s-copr-split-whirlpool-fixed-speed-original-imagyuyfratkeyf5.jpeg",
        "description": "Whirlpool 1.5 Ton 3 Star Split AC  - White, Grey",
        "stars": "4.1",
        "ratings": "7,454 Ratings ",
        "reviews": " 823 Reviews",
        "more-data": "Condenser Coil: Copper",
        "more-data2": "Power Consumption: 1410 W",
        "more-data3": "Noise level: 36 dB",
        "more-data4": "Refrigerant: R32",
        "more-data5": "Ambient Temperature: 48 degree C",
        "more-data6": "Wi-Fi Enabled: No",
        "more-data7": "1 Year on Product and 5 Years on Compressor from Whirlpool.",
        "new-price": "₹31,690",
        "old-price": "₹44,400",
        "discount": "28% off",
        "delivery-type": "Free delivery",
        "offer": "Bank Offer"
    },
    {
        "image": "https://rukminim2.flixcart.com/image/312/312/kqe3low0/air-conditioner-new/a/l/h/fkac103sfaa-split-fixed-speed-marq-by-flipkart-original-imag4eykebqheg2d.jpeg",
        "description": "MarQ By Flipkart 1 Ton 3 Star Split AC  - White",
        "stars": "4.2",
        "ratings": "10,109 Ratings ",
        "reviews": " 1,362 Reviews",
        "more-data": "Condenser Coil: Copper",
        "more-data2": "Power Consumption: 741.59 W",
        "more-data3": "Noise level: 39.6 db",
        "more-data4": "Refrigerant: R-32",
        "more-data5": "Wi-Fi Enabled: No",
        "more-data6": "1 Year on Product and 5 Years on Compressor",
        "new-price": "₹24,999",
        "old-price": "₹36,999",
        "discount": "32% off",
        "delivery-type": "Free delivery",
        "offer": "Bank Offer"
    },
    {
        "image": "https://rukminim2.flixcart.com/image/312/312/kmuxevk0/air-conditioner-new/y/r/e/4503073-155v-adw-split-voltas-inverter-original-imagfnavwbrvwks6.jpeg",
        "description": "Voltas 2 in 1 Convertible Cooling 1.2 Ton 5 Star Split Inverter AC  - White",
        "stars": "4.2",
        "ratings": "8,107 Ratings ",
        "reviews": " 978 Reviews",
        "more-data": "Condenser Coil: Copper",
        "more-data2": "Power Consumption: 688.95 kWh",
        "more-data3": "Noise level: 46 dB",
        "more-data4": "Wi-Fi Enabled: No",
        "more-data5": "1 Year on Product and 5 Years on Compressor from Voltas",
        "new-price": "₹34,999",
        "old-price": "₹65,990",
        "discount": "46% off",
        "delivery-type": "Free delivery",
        "offer": "Bank Offer"
    },
    {
        "image": "https://rukminim2.flixcart.com/image/312/312/ky3b0y80/air-conditioner-new/2/4/g/-original-imagae8qmgmdsufu.jpeg",
        "description": "SAMSUNG 1 Ton 4 Star Split Inverter AC  - White",
        "stars": "4.2",
        "ratings": "22,151 Ratings ",
        "reviews": " 2,248 Reviews",
        "more-data": "Condenser Coil: Copper",
        "more-data2": "Power Consumption: 960 W",
        "more-data3": "Noise level: 40 dB",
        "more-data4": "Refrigerant: R-32",
        "more-data5": "Ambient Temperature: 52 DegreeC",
        "more-data6": "Wi-Fi Enabled: No",
        "more-data7": "1 Year Standard Warranty on Product and 10 Years on Compressor",
        "new-price": "₹31,990",
        "old-price": "₹50,990",
        "discount": "37% off",
        "delivery-type": "Free delivery",
        "offer": "Bank Offer"
    },
    {
        "image": "https://rukminim2.flixcart.com/image/312/312/l0pm3680/air-conditioner-new/1/s/x/-original-imagcfvuqf8tezzr.jpeg",
        "description": "Whirlpool 4 in 1 Convertible Cooling 1.5 Ton 5 Star Split Inverter AC  - White",
        "stars": "4",
        "ratings": "3,214 Ratings ",
        "reviews": " 357 Reviews",
        "more-data": "Condenser Coil: Copper",
        "more-data2": "Power Consumption: 1325 W",
        "more-data3": "Noise level: 35 dB",
        "more-data4": "Refrigerant: R - 32",
        "more-data5": "Wi-Fi Enabled: No",
        "more-data6": "1 Year on Product and 10 Years Warranty on Compressor",
        "new-price": "₹36,590",
        "old-price": "₹74,700",
        "discount": "51% off",
        "delivery-type": "Free delivery",
        "offer": "Bank Offer"
    },
    {
        "image": "https://rukminim2.flixcart.com/image/312/312/jy3anbk0/air-conditioner-new/z/b/y/183-dza-r32-1-5-window-fixed-speed-voltas-original-imafgbz9hpnkwhs4.jpeg",
        "description": "Voltas 1.5 Ton 3 Star Window AC  - White",
        "stars": "4.3",
        "ratings": "5,632 Ratings ",
        "reviews": " 521 Reviews",
        "more-data": "Condenser Coil: Copper",
        "more-data2": "Power Consumption: 1729 W",
        "more-data3": "Noise level: 58 dB",
        "more-data4": "Refrigerant: R-32",
        "more-data5": "Wi-Fi Enabled: No",
        "more-data6": "1 Year on Product and 4 Years on Compressor",
        "new-price": "₹27,499",
        "old-price": "₹30,590",
        "discount": "10% off",
        "delivery-type": "Free delivery",
        "offer": "Bank Offer"
    },
    {
        "image": "https://rukminim2.flixcart.com/image/312/312/kyt0ya80/air-conditioner-new/a/u/8/-original-imagay8qzzvnkxvp.jpeg",
        "description": "LG Super Convertible 6-in-1 Cooling 1.5 Ton 5 Star Split Dual Inverter AI, 4 Way Swing, HD Filter with...",
        "stars": "4.2",
        "ratings": "5,977 Ratings ",
        "reviews": " 630 Reviews",
        "more-data": "Condenser Coil: Copper",
        "more-data2": "Power Consumption: 818.81 kWh",
        "more-data3": "Noise level: 31 dB",
        "more-data4": "Refrigerant: R32",
        "more-data5": "Ambient Temperature: 52 DegreeC",
        "more-data6": "Wi-Fi Enabled: No",
        "more-data7": "1 Year Warranty on Product, 5 Years on PCB and 10 Years on Compressor with Gas Charging",
        "new-price": "₹44,499",
        "old-price": "₹75,990",
        "discount": "41% off",
        "delivery-type": "Free delivery",
        "offer": "Bank Offer"
    },
    {
        "image": "https://rukminim2.flixcart.com/image/312/312/l0sgyvk0/air-conditioner-new/4/8/i/-original-imagchbyyxgnsztk.jpeg",
        "description": "Panasonic 1 Ton 5 Star Split Inverter AC with Wi-fi Connect  - White",
        "stars": "4.3",
        "ratings": "8,564 Ratings ",
        "reviews": " 1,013 Reviews",
        "more-data": "Condenser Coil: Copper",
        "more-data2": "Power Consumption: 990 W",
        "more-data3": "Noise level: 45 dB",
        "more-data4": "Refrigerant: R-32",
        "more-data5": "Wi-Fi Enabled: Yes",
        "more-data6": "1 Year Comprehensive Warranty, 4 Years on PCB and 9 Years on Compressor",
        "new-price": "₹37,240",
        "old-price": "₹50,600",
        "discount": "26% off",
        "delivery-type": "Free delivery",
        "offer": "Bank Offer"
    }
]