[
    {
        "description": "ZuZu Newly Updated [2022] Waterproof 40M Sports Vlog Webcam Camcorder with 2 Rechargeable Batteries Sp...",
        "image": "https://rukminim2.flixcart.com/image/312/312/l05lx8w0/sports-action-camera/x/j/g/waterproof-40m-sports-vlog-webcam-camcorder-with-2-rechargeable-original-imagcy9y7zymhtey.jpeg",
        "more-data": "Effective Pixels: 16 MP",
        "more-data2": "1080 FHD",
        "more-data3": "Zuzu are original products and carry original Warranty from Zuzu Only authentic Zuzu Products are sold from this store along with invoices. We maintain strict protocols in terms of quality. For Further Queries And Warranty  Write Us At zuzucustomercare@gmail.com Warranty claims will only be entertained if the product is purchased from Authorized channel Zuzu.To Know that the product is original check the logo Sticker of Zuzu on product. We will carefully check every item before shipment.                                                                   Professional and Prompt Support- ZUZU has independent support team to answer customers' questions and help solve customers' problems. They will also classify and conclude all the complaints to R&D team for products improving use.",
        "new-price": "₹11,500",
        "old-price": "₹25,800",
        "discount": "55% off",
        "delivery-type": "Free delivery"
    },
    {
        "description": "JPS 4K with WiFi, Remote Control, Ultra HD with 16 MP and 170 ° Wide Angle , 30M/98FT Underwater Water...",
        "image": "https://rukminim2.flixcart.com/image/312/312/k5h2jrk0/sports-action-camera/w/7/z/4k-action-camera-wi-fi-16mp-4k-wifi-sport-cam-1-pkg-original-imaferhdgngsy7d9.jpeg",
        "stars": "3.8",
        "ratings": "6 Ratings ",
        "reviews": " 0 Reviews",
        "more-data": "Effective Pixels: 16 MP",
        "more-data2": "4K, 1080P, 720P",
        "new-price": "₹2,299",
        "old-price": "₹3,999",
        "discount": "42% off",
        "delivery-type": "Free delivery"
    },
    {
        "description": "Canon EOS 3000D DSLR Camera 1 Camera Body, 18 - 55 mm Lens",
        "image": "https://rukminim2.flixcart.com/image/312/312/jfbfde80/camera/n/r/n/canon-eos-eos-3000d-dslr-original-imaf3t5h9yuyc5zu.jpeg",
        "stars": "4.4",
        "ratings": "24,257 Ratings ",
        "reviews": " 3,696 Reviews",
        "more-data": "Self-Timer | Type C and Mini HDMI, |9 Auto Focus Points | 35x Optical Zoom., Effective Pixels: 18 MP APS-C CMOS sensor-which is 25 times larger than a typical Smartphone sensor., WiFi | Full HD | Video Recording at 1080 p on 30fps.",
        "more-data2": "Effective Pixels: 18 MP",
        "more-data3": "Sensor Type: CMOS",
        "more-data4": "WiFi Available",
        "more-data5": "Full HD",
        "new-price": "₹26,999",
        "old-price": "₹29,495",
        "discount": "8% off",
        "delivery-type": "Free delivery"
    },
    {
        "description": "Canon EOS 1500D DSLR Camera Body+ 18-55 mm IS II Lens",
        "image": "https://rukminim2.flixcart.com/image/312/312/kk01pjk0/dslr-camera/f/v/o/eos-1500d-canon-original-imafzfugydh2mjgf.jpeg",
        "stars": "4.5",
        "ratings": "13,171 Ratings ",
        "reviews": " 1,879 Reviews",
        "more-data": "Effective Pixels: 24.1 MP",
        "more-data2": "Sensor Type: CMOS",
        "more-data3": "WiFi Available",
        "more-data4": "1080p recording at 30p",
        "more-data5": "2 Year Warranty (1 year standard warranty + 1 year additional warranty from the date of purchase made by the customer.)",
        "new-price": "₹36,499",
        "old-price": "₹39,995",
        "discount": "8% off",
        "delivery-type": "Free delivery"
    },
    {
        "description": "Canon EOS 200D II DSLR Camera EF-S18-55mm IS STM",
        "image": "https://rukminim2.flixcart.com/image/312/312/juwzf680/dslr-camera/g/a/q/200d-ii-200d-ii-canon-original-imaffvrhzyqzayys.jpeg",
        "stars": "4.5",
        "ratings": "3,450 Ratings ",
        "reviews": " 528 Reviews",
        "more-data": "Effective Pixels: 24.1 MP",
        "more-data2": "Sensor Type: CMOS",
        "more-data3": "WiFi Available",
        "more-data4": "Full HD",
        "more-data5": "2 Year Warranty (1 year standard warranty + 1 year additional warranty from the date of purchase made by the customer.)",
        "new-price": "₹56,499",
        "old-price": "₹59,995",
        "discount": "5% off",
        "delivery-type": "Free delivery"
    },
    {
        "description": "FUJIFILM X Series X-T200 Mirrorless Camera Body with 15-45 mm Lens",
        "image": "https://rukminim2.flixcart.com/image/312/312/k8g8knk0/dslr-camera/s/g/v/x-t200-x-t200-fujifilm-original-imafqggmvuazabpa.jpeg",
        "stars": "4.3",
        "ratings": "378 Ratings ",
        "reviews": " 51 Reviews",
        "more-data": "Effective Pixels: 24.2 MP",
        "more-data2": "Sensor Type: CMOS",
        "more-data3": "WiFi Available",
        "more-data4": "4K",
        "more-data5": "2 Year Warranty",
        "new-price": "₹61,999",
        "old-price": "₹66,999",
        "discount": "7% off",
        "delivery-type": "Free delivery"
    },
    {
        "description": "Canon EOS M50 Mark II Mirrorless Camera EF-M15-45mm is STM Lens",
        "image": "https://rukminim2.flixcart.com/image/312/312/knyxqq80/dslr-camera/r/y/x/digital-camera-eos-m50-mark-ii-eos-m50-mark-ii-canon-original-imag2gzkexzqhyhu.jpeg",
        "stars": "4.5",
        "ratings": "354 Ratings ",
        "reviews": " 44 Reviews",
        "more-data": "Effective Pixels: 24.1 MP",
        "more-data2": "Sensor Type: CMOS",
        "more-data3": "WiFi Available",
        "more-data4": "MP4",
        "more-data5": "2 Year Warranty (1 year standard warranty + 1 year additional warranty from the date of purchase made by the customer.)",
        "new-price": "₹57,890",
        "old-price": "₹58,995",
        "discount": "1% off",
        "delivery-type": "Free delivery"
    },
    {
        "description": "RFV1 (tm) Full HD 1080P Sports DV Action Waterproof Sports and Action Camera",
        "image": "https://rukminim2.flixcart.com/image/312/312/jm2c87k0/sports-action-camera/8/g/y/full-hd10-full-hd1080-p-ng-etc-full-hd10-happy2buy-original-imaf26jhfrg8qn8z.jpeg",
        "stars": "3.1",
        "ratings": "58 Ratings ",
        "reviews": " 4 Reviews",
        "more-data": "Effective Pixels: 12 MP",
        "more-data2": "full HD",
        "more-data3": "no warranty",
        "new-price": "₹1,155",
        "old-price": "₹2,999",
        "discount": "61% off"
    },
    {
        "description": "SONY Alpha 7M3 Mirrorless Camera Body Only",
        "image": "https://rukminim2.flixcart.com/image/312/312/kw9krrk0/dslr-camera/k/k/a/-original-imag8z5wg5asqhhy.jpeg",
        "stars": "4.6",
        "ratings": "245 Ratings ",
        "reviews": " 39 Reviews",
        "more-data": "Effective Pixels: 24.2 MP",
        "more-data2": "Sensor Type: CMOS",
        "more-data3": "WiFi Available",
        "more-data4": "XAVC S, AVCHD",
        "more-data5": "2 Year Warranty",
        "new-price": "₹1,59,990",
        "old-price": "₹1,67,990",
        "discount": "4% off",
        "delivery-type": "Free delivery"
    },
    {
        "description": "NIKON D3500 DSLR Camera Body with Dual lens: 18-55 mm f/3.5-5.6 G VR and AF-P DX Nikkor 70-300 mm f/4....",
        "image": "https://rukminim2.flixcart.com/image/312/312/khkvukw0/dslr-camera/z/w/h/d3500-d3500-nikon-original-imafxjugcncxgdgp.jpeg",
        "stars": "4.6",
        "ratings": "13,786 Ratings ",
        "reviews": " 2,164 Reviews",
        "more-data": "Snapbridge compatible. It is useful to transfer the data from Camera to mobile.",
        "more-data2": "Effective Pixels: 24.2 MP",
        "more-data3": "Sensor Type: CMOS",
        "more-data4": "1080p recording at 60p",
        "more-data5": "2 Year Warranty",
        "new-price": "₹53,950"
    },
    {
        "description": "Bzrqx Mini Mini Camera HD 1920*1080P Small Tiny DV Voice Video Recorder Sports and Action Camera",
        "image": "https://rukminim2.flixcart.com/image/312/312/km9ht3k0/sports-action-camera/h/a/s/sq8-full-hd-1080p-30fps-pocket-digital-video-recorder-camera-original-imagf74dfwdymwtm.jpeg",
        "stars": "3.2",
        "ratings": "21 Ratings ",
        "reviews": " 0 Reviews",
        "more-data": "Effective Pixels: 2 MP",
        "more-data2": "1920*1080p",
        "more-data3": "7 Days Replacement Warranty",
        "new-price": "₹789",
        "old-price": "₹1,500",
        "discount": "47% off",
        "delivery-type": "Free delivery"
    },
    {
        "description": "namoenterprices GoPro Action Camera GoPro ActionCamera 4k 16MP Wifi 30M Waterproof Action Camera Sport...",
        "image": "https://rukminim2.flixcart.com/image/312/312/l30hmkw0/sports-action-camera/x/v/j/gopro-actioncamera-4k-16mp-wifi-30m-waterproof-action-camera-original-image7mugezzd44h.jpeg",
        "more-data": "Effective Pixels: 16 MP",
        "more-data2": "FULL HD 4k",
        "more-data3": "1 Months replacement warranty for manufacturing  Defects Only",
        "new-price": "₹2,499",
        "old-price": "₹8,499",
        "discount": "70% off",
        "delivery-type": "Free delivery"
    },
    {
        "description": "CASON CS6 Real 4K Dual Screen Action Camera for Vlogging With EIS+Gyro, Touch Screen Waterproof Sports...",
        "image": "https://rukminim2.flixcart.com/image/312/312/l0h1g280/sports-action-camera/x/c/r/touch-screen-waterproof-sports-camera-with-external-mic-2-x-1350-original-imagc9a2hgvjyx4x.jpeg",
        "stars": "3.4",
        "ratings": "17 Ratings ",
        "reviews": " 3 Reviews",
        "more-data": "Effective Pixels: 24 MP",
        "more-data2": "4K ,2.7K ,1080P ,720P",
        "more-data3": "1 Year if manufacturing defect  (whats app only customer care on 8850166377",
        "new-price": "₹9,889",
        "old-price": "₹13,995",
        "discount": "29% off",
        "delivery-type": "Free delivery"
    },
    {
        "description": "SONY ILCE-7M4/BQ IN5 Mirrorless Camera Body Only",
        "image": "https://rukminim2.flixcart.com/image/312/312/l08gsy80/dslr-camera/s/e/b/-original-imagc2cz2hyqgwmn.jpeg",
        "stars": "5",
        "ratings": "6 Ratings ",
        "reviews": " 2 Reviews",
        "more-data": "Effective Pixels: 33 MP",
        "more-data2": "Sensor Type: CMOS",
        "more-data3": "WiFi Available",
        "more-data4": "4K",
        "more-data5": "2 Years Warranty",
        "new-price": "₹2,24,990",
        "old-price": "₹2,42,490",
        "discount": "7% off",
        "delivery-type": "Free delivery"
    },
    {
        "description": "Bzrqx Mini 1080P FULL HD Video and Audio Camera-Night Vision Camera-Motion Detection Sports and Action...",
        "image": "https://rukminim2.flixcart.com/image/312/312/l08gsy80/sports-action-camera/0/p/d/1080p-full-hd-video-and-audio-camera-night-vision-camera-motion-original-imagc2mxy2y8guqv.jpeg",
        "stars": "2.7",
        "ratings": "3 Ratings ",
        "reviews": " 0 Reviews",
        "more-data": "Effective Pixels: 12 MP",
        "more-data2": "1920*1080p",
        "more-data3": "7 Days Replacement Warranty",
        "new-price": "₹1,299",
        "old-price": "₹2,999",
        "discount": "56% off",
        "delivery-type": "Free delivery"
    },
    {
        "description": "Flipkart SmartBuy D68AV Dual Screens Real 4K 16MP Wifi HDR Video Sports and Action Camera",
        "image": "https://rukminim2.flixcart.com/image/312/312/kufuikw0/sports-action-camera/r/a/n/d68av-dual-screens-real-4k-16mp-wifi-hdr-video-na-d68va-flipkart-original-imag7ke8myxzxqn8.jpeg",
        "stars": "3.5",
        "ratings": "199 Ratings ",
        "reviews": " 38 Reviews",
        "more-data": "Effective Pixels: 16 MP",
        "more-data2": "4K Ultra HD",
        "more-data3": "1 Year Warranty",
        "new-price": "₹6,999",
        "old-price": "₹10,999",
        "discount": "36% off",
        "delivery-type": "Free delivery"
    },
    {
        "description": "IBS ACTION CAMERA ACTION UNDER WATER Camera Hot Selling 1080P HD Small Camcorder Sports DV Video Sport...",
        "image": "https://rukminim2.flixcart.com/image/312/312/kvpklu80/sports-action-camera/u/s/g/97-real-4k-16mp-wifi-hdr-video-sports-and-action-camera-2-2-16-original-imag8jwvwfvps4gg.jpeg",
        "stars": "3.9",
        "ratings": "29 Ratings ",
        "reviews": " 17 Reviews",
        "more-data": "Effective Pixels: 3 MP",
        "more-data2": "HDD",
        "new-price": "₹1,399",
        "old-price": "₹3,999",
        "discount": "65% off",
        "delivery-type": "Free delivery"
    },
    {
        "description": "SJCAM SJ8 Air HD (with Sports Kit) Sports and Action Camera",
        "image": "https://rukminim2.flixcart.com/image/312/312/jraycnk0/sports-action-camera/u/j/u/with-sports-kit-sj8-air-hd-air-sjcam-original-imafd3vd3n6fmcwq.jpeg",
        "stars": "4",
        "ratings": "189 Ratings ",
        "reviews": " 27 Reviews",
        "more-data": "Effective Pixels: 14.24 MP",
        "more-data2": "1296P, 1080P",
        "more-data3": "1 year warranty",
        "new-price": "₹9,087",
        "old-price": "₹11,966",
        "discount": "24% off",
        "delivery-type": "Free delivery"
    },
    {
        "description": "SJCAM SJ 4000 Air 4K Full HD WiFi 30M Waterproof Sports Action Camera Waterproof DV Camcorder 16MP Spo...",
        "image": "https://rukminim2.flixcart.com/image/312/312/koudfgw0/sports-action-camera/k/l/3/4000-air-4k-full-hd-wifi-30m-waterproof-sports-action-camera-original-imag37azyptu4zak.jpeg",
        "stars": "3.8",
        "ratings": "4,182 Ratings ",
        "reviews": " 650 Reviews",
        "more-data": "Effective Pixels: 16 MP",
        "more-data2": "1080 FHD",
        "more-data3": "Manufacturer's warranty for 12  months",
        "new-price": "₹4,999",
        "old-price": "₹8,400",
        "discount": "40% off",
        "delivery-type": "Free delivery"
    },
    {
        "description": "TFG GO PRO action camera Ultra HD 1080P Rechargeable Batteries Sports and Action Camera",
        "image": "https://rukminim2.flixcart.com/image/312/312/kk01pjk0/sports-action-camera/6/o/g/action-shot-hd-action-shot-full-hd-12mp-1080p-black-helmet-original-imafzg4utqgwtfsv.jpeg",
        "stars": "3.5",
        "ratings": "12 Ratings ",
        "reviews": " 2 Reviews",
        "more-data": "Effective Pixels: 12 MP",
        "more-data2": "720P, 1080P",
        "new-price": "₹1,519",
        "old-price": "₹2,999",
        "discount": "49% off",
        "delivery-type": "Free delivery"
    },
    {
        "description": "FUJIFILM Instax Treasure Box Mini 9 Instant Camera",
        "image": "https://rukminim2.flixcart.com/image/312/312/kp2y2kw0/instant-camera/l/i/y/treasure-box-mini-9-instax-mini-9-fujifilm-original-imag3efyp6hf8gtm.jpeg",
        "stars": "4.4",
        "ratings": "457 Ratings ",
        "reviews": " 35 Reviews",
        "more-data": "Flamingo Pink",
        "more-data2": "Exposure Mode: Manual",
        "more-data3": "View Finder: Yes",
        "more-data4": "Self Timer: No",
        "more-data5": "Battery Included",
        "new-price": "₹4,999",
        "old-price": "₹5,999",
        "discount": "16% off",
        "delivery-type": "Free delivery"
    },
    {
        "description": "SONY CyberShot DSC-W800/BC IN5",
        "image": "https://rukminim2.flixcart.com/image/312/312/camera/y/x/b/sony-cyber-shot-dsc-w800-point-shoot-original-imadvgz7tgqw8gw8.jpeg",
        "stars": "3.9",
        "ratings": "5,150 Ratings ",
        "reviews": " 776 Reviews",
        "more-data": "Effective Pixels: 20.1 MP",
        "more-data2": "Optical Zoom: 5 | Digital Zoom: 13x",
        "more-data3": "Auto Focus",
        "more-data4": "Display Size: 3",
        "more-data5": "2 Year Warranty",
        "new-price": "₹7,790",
        "delivery-type": "Free delivery"
    },
    {
        "description": "IC Plius 6 Spy Camera Button HD Camera/Audio/ Record/Support Spy Camera (32 GB, ) Sports and Action Ca...",
        "image": "https://rukminim2.flixcart.com/image/312/312/ky0g58w0/sports-action-camera/i/w/b/spy-camera-button-hd-camera-audio-record-support-spy-camera-32-original-imagac78vdmeqpk7.jpeg",
        "stars": "3.6",
        "ratings": "17 Ratings ",
        "reviews": " 2 Reviews",
        "more-data": "Effective Pixels: 1080 MP",
        "more-data2": "FULLHD",
        "new-price": "₹990",
        "old-price": "₹2,000",
        "discount": "50% off"
    },
    {
        "description": "ALA GO PRO Portable Waterproof HD Sports and Action Camera",
        "image": "https://rukminim2.flixcart.com/image/312/312/kex5ci80/sports-action-camera/2/z/6/portable-waterproof-ultra-hd-sports-action-camera-with-image-original-imafvhb8qhqudztt.jpeg",
        "stars": "2.9",
        "ratings": "173 Ratings ",
        "reviews": " 26 Reviews",
        "more-data": "Effective Pixels: 12 MP",
        "more-data2": "1080P, 720P",
        "new-price": "₹1,225",
        "old-price": "₹2,999",
        "discount": "59% off",
        "delivery-type": "Free delivery"
    },
    {
        "description": "Garundropsy Sports Action Camera Sports Action Camera Shoot Photo's | Vlog | Record Video's Sports and...",
        "image": "https://rukminim2.flixcart.com/image/312/312/kk01pjk0/sports-action-camera/6/o/g/action-shot-hd-action-shot-full-hd-12mp-1080p-black-helmet-original-imafzg4utqgwtfsv.jpeg",
        "more-data": "Effective Pixels: 12 MP",
        "more-data2": "1080P, 720P",
        "new-price": "₹1,499",
        "old-price": "₹6,199",
        "discount": "75% off",
        "delivery-type": "Free delivery"
    },
    {
        "description": "IMPLY GO PRO 4K Full HD WiFi 30M Waterproof Sports Action Camera Waterproof DV Camcorder 16MP Sports a...",
        "image": "https://rukminim2.flixcart.com/image/312/312/kvpklu80/sports-action-camera/e/a/3/104-2-in-1-camera-general-sports-use-wi-fi-waterproof-sports-4k-original-imag8jwu6qbydcnt.jpeg",
        "stars": "2.6",
        "ratings": "5 Ratings ",
        "reviews": " 2 Reviews",
        "more-data": "Effective Pixels: 16 MP",
        "more-data2": "FULL HD 4K",
        "more-data3": "1 Months replacement warranty for Defects Only",
        "new-price": "₹2,499",
        "old-price": "₹7,999",
        "discount": "68% off",
        "delivery-type": "Free delivery"
    },
    {
        "description": "FUJIFILM Instax Mini 9 Instant Camera",
        "image": "https://rukminim2.flixcart.com/image/312/312/j6tn53k0/instant-camera/z/n/m/flamingo-pink-mini-9-flamingo-pink-fujifilm-original-imaex6n5dsdhdyxj.jpeg",
        "stars": "4.4",
        "ratings": "2,066 Ratings ",
        "reviews": " 143 Reviews",
        "more-data": "Flamingo Pink",
        "more-data2": "Exposure Mode: Automatic",
        "more-data3": "View Finder: Yes",
        "more-data4": "Self Timer: No",
        "more-data5": "Battery Included",
        "new-price": "₹3,999",
        "old-price": "₹5,530",
        "discount": "27% off",
        "delivery-type": "Free delivery"
    },
    {
        "description": "SJCAM SJ4000 WI-FI SJ4000 WIFI Sports and Action Camera",
        "image": "https://rukminim2.flixcart.com/image/312/312/kevpwnk0/sports-action-camera/f/d/p/with-sports-kit-sj4000-wi-fi-4000-sjcam-original-imafvgjddrkeyhgb.jpeg",
        "stars": "4",
        "ratings": "824 Ratings ",
        "reviews": " 119 Reviews",
        "more-data": "Effective Pixels: 12 MP",
        "more-data2": "1080p",
        "more-data3": "30 Days warranty",
        "new-price": "₹5,999",
        "old-price": "₹9,800",
        "discount": "38% off",
        "delivery-type": "Free delivery"
    },
    {
        "description": "Bzrqx Mini Wireless WiFi HD 1080P Portable Home Security Cameras Baby Monitor Sports and Action Camera",
        "image": "https://rukminim2.flixcart.com/image/312/312/kxz0pe80/home-security-camera/m/n/p/1-drd00019-indoor-outdoor-security-camera-ctrzq-original-imagab8gjcfvkxhz.jpeg",
        "stars": "3.5",
        "ratings": "17 Ratings ",
        "reviews": " 3 Reviews",
        "more-data": "Effective Pixels: 12 MP",
        "more-data2": "1920*1080p",
        "more-data3": "7 Days Replacement Warranty",
        "new-price": "₹1,195",
        "old-price": "₹2,999",
        "discount": "60% off",
        "delivery-type": "Free delivery"
    },
    {
        "description": "Visicube GoPro Action Camera 4k 16MP Wifi 30M Waterproof Action Camera Sports Camera DV Camcorder Came...",
        "image": "https://rukminim2.flixcart.com/image/312/312/kziqvm80/sports-action-camera/s/o/f/4k-16mp-wifi-30m-waterproof-action-camera-sports-camera-dv-original-imagbgcp6j5ytj3j.jpeg",
        "stars": "2.7",
        "ratings": "107 Ratings ",
        "reviews": " 14 Reviews",
        "more-data": "Effective Pixels: 16 MP",
        "more-data2": "FULL HD 4k",
        "more-data3": "1 Month Warranty",
        "new-price": "₹1,999",
        "old-price": "₹8,999",
        "discount": "77% off",
        "delivery-type": "Free delivery"
    },
    {
        "description": "CASON CN10 4K 60fps HD Action Camera for Vlogging Waterproof Sports Camera with External Mic, 2 x 1350...",
        "image": "https://rukminim2.flixcart.com/image/312/312/kvzkosw0/sports-action-camera/w/n/o/cn10-proffessional-4k-60fps-hd-action-camera-for-vlogging-with-original-imag8rhwevubhas2.jpeg",
        "stars": "3.8",
        "ratings": "70 Ratings ",
        "reviews": " 14 Reviews",
        "more-data": "Effective Pixels: 24 MP",
        "more-data2": "4K ,2.7K ,1080P ,720P",
        "more-data3": "1 Year if manufacturing defect  (whats app customer care on 8850166377 )",
        "new-price": "₹7,889",
        "old-price": "₹12,995",
        "discount": "39% off",
        "delivery-type": "Free delivery"
    },
    {
        "description": "Techie & Trendy SQ11 HD Camcorder Night Vision DVR Sports and Action Camera",
        "image": "https://rukminim2.flixcart.com/image/312/312/jkk1hu80/sports-action-camera/n/b/x/hd-camcorder-night-vision-dvr-sq11-sq11-techie-trendy-original-imaf7uxgfvrh9wpu.jpeg",
        "stars": "3.1",
        "ratings": "308 Ratings ",
        "reviews": " 47 Reviews",
        "more-data": "Effective Pixels: 2 MP",
        "more-data2": "HD",
        "more-data3": "No warranty",
        "new-price": "₹749",
        "old-price": "₹2,475",
        "discount": "69% off",
        "delivery-type": "Free delivery"
    },
    {
        "description": "Visicube Go Pro Sports Camera Action Camera 1080P Wide Angle and MULTI-LANGUAGE with waterproof case S...",
        "image": "https://rukminim2.flixcart.com/image/312/312/l19m93k0/sports-action-camera/4/6/h/1080p-wide-angle-and-multi-language-with-waterproof-case-go-pro-original-imagcvczmvctc95g.jpeg",
        "stars": "2.9",
        "ratings": "22 Ratings ",
        "reviews": " 3 Reviews",
        "more-data": "Effective Pixels: 12 MP",
        "more-data2": "1080P, 720P",
        "more-data3": "10 Days Warranty",
        "new-price": "₹1,340",
        "old-price": "₹3,999",
        "discount": "66% off",
        "delivery-type": "Free delivery"
    },
    {
        "description": "NIKON Z 50 Mirrorless Camera Body with 16-50mm Lens",
        "image": "https://rukminim2.flixcart.com/image/312/312/k5o7r0w0/dslr-camera/z/h/4/z-50-z-50-nikon-original-imafzasjz33kaa8k.jpeg",
        "stars": "4.4",
        "ratings": "198 Ratings ",
        "reviews": " 28 Reviews",
        "more-data": "Effective Pixels: 20.9 MP",
        "more-data2": "Sensor Type: CMOS",
        "more-data3": "WiFi Available",
        "more-data4": "UHD 4K",
        "more-data5": "2 Year Warranty",
        "new-price": "₹85,995",
        "delivery-type": "Free delivery"
    },
    {
        "description": "FUJIFILM Instax Mini 11 Instant Camera",
        "image": "https://rukminim2.flixcart.com/image/312/312/kvmpq4w0/instant-camera/u/u/b/mini-11-instax-mini-11-fujifilm-original-imag8ht8n6msnvpg.jpeg",
        "more-data": "Sky Blue",
        "more-data2": "Exposure Mode: Automatic",
        "more-data3": "View Finder: Yes",
        "more-data4": "Self Timer: Yes",
        "more-data5": "Battery Included",
        "new-price": "₹7,495",
        "old-price": "₹7,999",
        "discount": "6% off",
        "delivery-type": "Free delivery"
    },
    {
        "description": "FUJIFILM Instax Mini 11 Instant Camera",
        "image": "https://rukminim2.flixcart.com/image/312/312/kbzergw0/instant-camera/5/c/m/instax-instant-camera-mini-11-fujifilm-original-imaft7fpmhyy5my7.jpeg",
        "stars": "4.4",
        "ratings": "656 Ratings ",
        "reviews": " 51 Reviews",
        "more-data": "Sky Blue",
        "more-data2": "Exposure Mode: Manual",
        "more-data3": "View Finder: Yes",
        "more-data4": "Self Timer: No",
        "more-data5": "Battery Included",
        "new-price": "₹5,699",
        "old-price": "₹5,999",
        "discount": "5% off",
        "delivery-type": "Free delivery"
    },
    {
        "description": "IMPLY ACTION CAMERA 4K Full HD WiFi 30M Waterproof Sports Action Camera Waterproof DV Camcorder 16MP S...",
        "image": "https://rukminim2.flixcart.com/image/312/312/kvpklu80/sports-action-camera/e/a/3/104-2-in-1-camera-general-sports-use-wi-fi-waterproof-sports-4k-original-imag8jwu6qbydcnt.jpeg",
        "stars": "3.3",
        "ratings": "4 Ratings ",
        "reviews": " 1 Reviews",
        "more-data": "Effective Pixels: 16 MP",
        "more-data2": "FULL HD 4K",
        "new-price": "₹2,499",
        "old-price": "₹8,999",
        "discount": "72% off",
        "delivery-type": "Free delivery"
    },
    {
        "description": "POZUB New Arrival 3in1 Selfie Stick Stand With Dustproof Bag PZB-XT012 Travel Tripod Stand Flexible Ha...",
        "image": "https://rukminim2.flixcart.com/image/312/312/ktx9si80/camera/t/w/z/stand-new-arrival-3in1-selfie-stick-stand-with-dustproof-bag-pzb-original-imag75x7evgnza7t.jpeg",
        "stars": "4.5",
        "ratings": "11 Ratings ",
        "reviews": " 1 Reviews",
        "more-data": "Effective Pixels: 0 MP",
        "more-data2": "Optical Zoom: 0",
        "more-data3": "Sensor Type: CCD | LCD Size: 0 inch",
        "more-data4": "Max Shutter Speed: 0",
        "new-price": "₹396",
        "old-price": "₹397"
    },
    {
        "description": "IMLPY Mini Night Vision Action Camera SQ11 Mini Camera HD Night Vision Sports Camcorder Mini DV DVR Vi...",
        "image": "https://rukminim2.flixcart.com/image/312/312/kpydrbk0/home-security-camera/6/h/g/bb24-indoor-outdoor-security-camera-siovs-original-imag42u8a27tyzhn.jpeg",
        "more-data": "Effective Pixels: 12 MP",
        "more-data2": "HDMI",
        "new-price": "₹799",
        "old-price": "₹3,999",
        "discount": "80% off",
        "delivery-type": "Free delivery"
    },
    {
        "description": "Bzrqx Mini Spy Camera pen HD 1080P Video Hidden Shooting Cam Sports and Action Camera",
        "image": "https://rukminim2.flixcart.com/image/312/312/l0r1j0w0/sports-action-camera/z/i/l/spy-camera-pen-hd-1080p-video-hidden-shooting-cam-mini-0-12-original-imagcgz5wyx9fj5g.jpeg",
        "more-data": "Effective Pixels: 12 MP",
        "more-data2": "1920*1080p",
        "more-data3": "7 Days",
        "new-price": "₹789",
        "old-price": "₹1,599",
        "discount": "50% off"
    },
    {
        "description": "Bzrqx Mini Spy Camera HD 1080P Video Hidden Shooting Cam Sports and Action Camera",
        "image": "https://rukminim2.flixcart.com/image/312/312/l0r1j0w0/sports-action-camera/s/f/l/spy-camera-hd-1080p-video-hidden-shooting-cam-mini-0-12-sq223w-original-imagcgzcjrh8zypy.jpeg",
        "stars": "3",
        "ratings": "3 Ratings ",
        "reviews": " 0 Reviews",
        "more-data": "Effective Pixels: 12 MP",
        "more-data2": "1920*1080p",
        "more-data3": "7 Days",
        "new-price": "₹789",
        "old-price": "₹1,655",
        "discount": "52% off",
        "delivery-type": "Free delivery"
    },
    {
        "description": "FUJIFILM Instax Mini 9 Instant Camera",
        "image": "https://rukminim2.flixcart.com/image/312/312/kerfl3k0/instant-camera/q/4/e/mini-9-instax-16632960-fujifilm-original-imafvcnueqwmqvcq.jpeg",
        "stars": "4.4",
        "ratings": "2,066 Ratings ",
        "reviews": " 143 Reviews",
        "more-data": "Clear Yellow",
        "more-data2": "Exposure Mode: Manual",
        "more-data3": "View Finder: Yes",
        "more-data4": "Self Timer: No",
        "more-data5": "Battery Included",
        "new-price": "₹3,999",
        "old-price": "₹5,530",
        "discount": "27% off",
        "delivery-type": "Free delivery"
    },
    {
        "description": "SONY ILCE-7M4K/BQIN5 Mirrorless Camera Single Lens: 28-70 mm",
        "image": "https://rukminim2.flixcart.com/image/312/312/l08gsy80/dslr-camera/l/9/3/-original-imagc2czygwsfwkr.jpeg",
        "stars": "3.5",
        "ratings": "12 Ratings ",
        "reviews": " 3 Reviews",
        "more-data": "Effective Pixels: 33 MP",
        "more-data2": "Sensor Type: CMOS",
        "more-data3": "WiFi Available",
        "more-data4": "4K",
        "more-data5": "2 Years Warranty",
        "new-price": "₹2,42,990",
        "old-price": "₹2,62,490",
        "discount": "7% off",
        "delivery-type": "Free delivery"
    },
    {
        "description": "Insta360 One R Twin Edition Sports and Action Camera",
        "image": "https://rukminim2.flixcart.com/image/312/312/kf2v3ww0/sports-action-camera/w/j/u/one-r-twin-edition-one-r-twin-edition-insta360-original-imafvmhuxxp43wpy.jpeg",
        "stars": "4.4",
        "ratings": "344 Ratings ",
        "reviews": " 48 Reviews",
        "more-data": "Effective Pixels: 12 MP",
        "more-data2": "4K Wide Angle Mod: INSV (Can Be Exported via Insta360 App or Studio), MP4 (In-Camera Basic Stabilization), LOG, HDR",
        "more-data3": "Manufacturer Warranty",
        "new-price": "₹40,499",
        "old-price": "₹54,990",
        "discount": "26% off",
        "delivery-type": "Free delivery"
    },
    {
        "description": "FUJIFILM Instax Mini 11 Instant Camera Cupid Box Instant Camera",
        "image": "https://rukminim2.flixcart.com/image/312/312/kyrlifk0/instant-camera/u/u/1/instant-camera-cupid-box-instax-mini-11-mini-11-fujifilm-original-imagaxf8dbyaknuq.jpeg",
        "stars": "4.5",
        "ratings": "41 Ratings ",
        "reviews": " 3 Reviews",
        "more-data": "Charcoal Grey",
        "more-data2": "Exposure Mode: Automatic",
        "more-data3": "View Finder: Yes",
        "more-data4": "Self Timer: No",
        "more-data5": "Battery Included",
        "new-price": "₹6,499",
        "old-price": "₹7,499",
        "discount": "13% off",
        "delivery-type": "Free delivery"
    },
    {
        "description": "Garundropsy 6 6 Full HD 1080p Action Camera Sports and Action Camera",
        "image": "https://rukminim2.flixcart.com/image/312/312/kxz0pe80/sports-action-camera/h/l/o/6-full-hd-1080p-action-camera-6-2-1080-full-hd-1080p-action-original-imagaaz2jf4tvm5x.jpeg",
        "more-data": "Effective Pixels: 1080 MP",
        "more-data2": "Full HD",
        "new-price": "₹1,480",
        "old-price": "₹6,199",
        "discount": "76% off",
        "delivery-type": "Free delivery"
    },
    {
        "description": "IBS ACTION CAMERA Home Security WiFi Mini Hidden HD 1080P Night Vision Spy Camera Motion Detect Sports...",
        "image": "https://rukminim2.flixcart.com/image/312/312/l0mr7gw0/sports-action-camera/x/q/o/home-security-wifi-mini-hidden-hd-1080p-night-vision-spy-camera-original-imagcduts7fqtazn.jpeg",
        "stars": "3.1",
        "ratings": "110 Ratings ",
        "reviews": " 41 Reviews",
        "more-data": "Effective Pixels: 3 MP",
        "more-data2": "HDD",
        "new-price": "₹1,199",
        "old-price": "₹2,999",
        "discount": "60% off",
        "delivery-type": "Free delivery"
    },
    {
        "description": "CAMSENSE 1080P WiFi Security Camera,Full HD Video And Audio Recording,360° Panoramic IP Camera Camera",
        "image": "https://rukminim2.flixcart.com/image/312/312/l2rwzgw0/camera/5/i/l/null-1080p-wifi-security-camera-full-hd-video-and-audio-original-imageyw8ka4nwdzh.jpeg",
        "more-data": "Effective Pixels: 12 MP",
        "more-data2": "Optical Zoom: NA",
        "more-data3": "Sensor Type: BSI CMOS | LCD Size: 2.7 inch",
        "more-data4": "Max Shutter Speed: 1/1600",
        "more-data5": "7 Days replacement warranty",
        "new-price": "₹1,479",
        "delivery-type": "Free delivery"
    },
    {
        "description": "ZuZu Newly Updated [2022] Waterproof 40M Sports Vlog Webcam Camcorder with 2 Rechargeable Batteries Sp...",
        "image": "https://rukminim2.flixcart.com/image/312/312/l05lx8w0/sports-action-camera/x/j/g/waterproof-40m-sports-vlog-webcam-camcorder-with-2-rechargeable-original-imagcy9y7zymhtey.jpeg",
        "more-data": "Effective Pixels: 16 MP",
        "more-data2": "1080 FHD",
        "more-data3": "Zuzu are original products and carry original Warranty from Zuzu Only authentic Zuzu Products are sold from this store along with invoices. We maintain strict protocols in terms of quality. For Further Queries And Warranty  Write Us At zuzucustomercare@gmail.com Warranty claims will only be entertained if the product is purchased from Authorized channel Zuzu.To Know that the product is original check the logo Sticker of Zuzu on product. We will carefully check every item before shipment.                                                                   Professional and Prompt Support- ZUZU has independent support team to answer customers' questions and help solve customers' problems. They will also classify and conclude all the complaints to R&D team for products improving use.",
        "new-price": "₹11,500",
        "old-price": "₹25,800",
        "discount": "55% off",
        "delivery-type": "Free delivery"
    },
    {
        "description": "JPS 4K with WiFi, Remote Control, Ultra HD with 16 MP and 170 ° Wide Angle , 30M/98FT Underwater Water...",
        "image": "https://rukminim2.flixcart.com/image/312/312/k5h2jrk0/sports-action-camera/w/7/z/4k-action-camera-wi-fi-16mp-4k-wifi-sport-cam-1-pkg-original-imaferhdgngsy7d9.jpeg",
        "stars": "3.8",
        "ratings": "6 Ratings ",
        "reviews": " 0 Reviews",
        "more-data": "Effective Pixels: 16 MP",
        "more-data2": "4K, 1080P, 720P",
        "new-price": "₹2,299",
        "old-price": "₹3,999",
        "discount": "42% off",
        "delivery-type": "Free delivery"
    },
    {
        "description": "Canon EOS 3000D DSLR Camera 1 Camera Body, 18 - 55 mm Lens",
        "image": "https://rukminim2.flixcart.com/image/312/312/jfbfde80/camera/n/r/n/canon-eos-eos-3000d-dslr-original-imaf3t5h9yuyc5zu.jpeg",
        "stars": "4.4",
        "ratings": "24,257 Ratings ",
        "reviews": " 3,696 Reviews",
        "more-data": "Self-Timer | Type C and Mini HDMI, |9 Auto Focus Points | 35x Optical Zoom., Effective Pixels: 18 MP APS-C CMOS sensor-which is 25 times larger than a typical Smartphone sensor., WiFi | Full HD | Video Recording at 1080 p on 30fps.",
        "more-data2": "Effective Pixels: 18 MP",
        "more-data3": "Sensor Type: CMOS",
        "more-data4": "WiFi Available",
        "more-data5": "Full HD",
        "new-price": "₹26,999",
        "old-price": "₹29,495",
        "discount": "8% off",
        "delivery-type": "Free delivery"
    },
    {
        "description": "Canon EOS 1500D DSLR Camera Body+ 18-55 mm IS II Lens",
        "image": "https://rukminim2.flixcart.com/image/312/312/kk01pjk0/dslr-camera/f/v/o/eos-1500d-canon-original-imafzfugydh2mjgf.jpeg",
        "stars": "4.5",
        "ratings": "13,171 Ratings ",
        "reviews": " 1,879 Reviews",
        "more-data": "Effective Pixels: 24.1 MP",
        "more-data2": "Sensor Type: CMOS",
        "more-data3": "WiFi Available",
        "more-data4": "1080p recording at 30p",
        "more-data5": "2 Year Warranty (1 year standard warranty + 1 year additional warranty from the date of purchase made by the customer.)",
        "new-price": "₹36,499",
        "old-price": "₹39,995",
        "discount": "8% off",
        "delivery-type": "Free delivery"
    },
    {
        "description": "Canon EOS 200D II DSLR Camera EF-S18-55mm IS STM",
        "image": "https://rukminim2.flixcart.com/image/312/312/juwzf680/dslr-camera/g/a/q/200d-ii-200d-ii-canon-original-imaffvrhzyqzayys.jpeg",
        "stars": "4.5",
        "ratings": "3,450 Ratings ",
        "reviews": " 528 Reviews",
        "more-data": "Effective Pixels: 24.1 MP",
        "more-data2": "Sensor Type: CMOS",
        "more-data3": "WiFi Available",
        "more-data4": "Full HD",
        "more-data5": "2 Year Warranty (1 year standard warranty + 1 year additional warranty from the date of purchase made by the customer.)",
        "new-price": "₹56,499",
        "old-price": "₹59,995",
        "discount": "5% off",
        "delivery-type": "Free delivery"
    },
    {
        "description": "FUJIFILM X Series X-T200 Mirrorless Camera Body with 15-45 mm Lens",
        "image": "https://rukminim2.flixcart.com/image/312/312/k8g8knk0/dslr-camera/s/g/v/x-t200-x-t200-fujifilm-original-imafqggmvuazabpa.jpeg",
        "stars": "4.3",
        "ratings": "378 Ratings ",
        "reviews": " 51 Reviews",
        "more-data": "Effective Pixels: 24.2 MP",
        "more-data2": "Sensor Type: CMOS",
        "more-data3": "WiFi Available",
        "more-data4": "4K",
        "more-data5": "2 Year Warranty",
        "new-price": "₹61,999",
        "old-price": "₹66,999",
        "discount": "7% off",
        "delivery-type": "Free delivery"
    },
    {
        "description": "Canon EOS M50 Mark II Mirrorless Camera EF-M15-45mm is STM Lens",
        "image": "https://rukminim2.flixcart.com/image/312/312/knyxqq80/dslr-camera/r/y/x/digital-camera-eos-m50-mark-ii-eos-m50-mark-ii-canon-original-imag2gzkexzqhyhu.jpeg",
        "stars": "4.5",
        "ratings": "354 Ratings ",
        "reviews": " 44 Reviews",
        "more-data": "Effective Pixels: 24.1 MP",
        "more-data2": "Sensor Type: CMOS",
        "more-data3": "WiFi Available",
        "more-data4": "MP4",
        "more-data5": "2 Year Warranty (1 year standard warranty + 1 year additional warranty from the date of purchase made by the customer.)",
        "new-price": "₹57,890",
        "old-price": "₹58,995",
        "discount": "1% off",
        "delivery-type": "Free delivery"
    },
    {
        "description": "RFV1 (tm) Full HD 1080P Sports DV Action Waterproof Sports and Action Camera",
        "image": "https://rukminim2.flixcart.com/image/312/312/jm2c87k0/sports-action-camera/8/g/y/full-hd10-full-hd1080-p-ng-etc-full-hd10-happy2buy-original-imaf26jhfrg8qn8z.jpeg",
        "stars": "3.1",
        "ratings": "58 Ratings ",
        "reviews": " 4 Reviews",
        "more-data": "Effective Pixels: 12 MP",
        "more-data2": "full HD",
        "more-data3": "no warranty",
        "new-price": "₹1,155",
        "old-price": "₹2,999",
        "discount": "61% off"
    },
    {
        "description": "SONY Alpha 7M3 Mirrorless Camera Body Only",
        "image": "https://rukminim2.flixcart.com/image/312/312/kw9krrk0/dslr-camera/k/k/a/-original-imag8z5wg5asqhhy.jpeg",
        "stars": "4.6",
        "ratings": "245 Ratings ",
        "reviews": " 39 Reviews",
        "more-data": "Effective Pixels: 24.2 MP",
        "more-data2": "Sensor Type: CMOS",
        "more-data3": "WiFi Available",
        "more-data4": "XAVC S, AVCHD",
        "more-data5": "2 Year Warranty",
        "new-price": "₹1,59,990",
        "old-price": "₹1,67,990",
        "discount": "4% off",
        "delivery-type": "Free delivery"
    },
    {
        "description": "NIKON D3500 DSLR Camera Body with Dual lens: 18-55 mm f/3.5-5.6 G VR and AF-P DX Nikkor 70-300 mm f/4....",
        "image": "https://rukminim2.flixcart.com/image/312/312/khkvukw0/dslr-camera/z/w/h/d3500-d3500-nikon-original-imafxjugcncxgdgp.jpeg",
        "stars": "4.6",
        "ratings": "13,786 Ratings ",
        "reviews": " 2,164 Reviews",
        "more-data": "Snapbridge compatible. It is useful to transfer the data from Camera to mobile.",
        "more-data2": "Effective Pixels: 24.2 MP",
        "more-data3": "Sensor Type: CMOS",
        "more-data4": "1080p recording at 60p",
        "more-data5": "2 Year Warranty",
        "new-price": "₹53,950"
    },
    {
        "description": "Bzrqx Mini Mini Camera HD 1920*1080P Small Tiny DV Voice Video Recorder Sports and Action Camera",
        "image": "https://rukminim2.flixcart.com/image/312/312/km9ht3k0/sports-action-camera/h/a/s/sq8-full-hd-1080p-30fps-pocket-digital-video-recorder-camera-original-imagf74dfwdymwtm.jpeg",
        "stars": "3.2",
        "ratings": "21 Ratings ",
        "reviews": " 0 Reviews",
        "more-data": "Effective Pixels: 2 MP",
        "more-data2": "1920*1080p",
        "more-data3": "7 Days Replacement Warranty",
        "new-price": "₹789",
        "old-price": "₹1,500",
        "discount": "47% off",
        "delivery-type": "Free delivery"
    },
    {
        "description": "namoenterprices GoPro Action Camera GoPro ActionCamera 4k 16MP Wifi 30M Waterproof Action Camera Sport...",
        "image": "https://rukminim2.flixcart.com/image/312/312/l30hmkw0/sports-action-camera/x/v/j/gopro-actioncamera-4k-16mp-wifi-30m-waterproof-action-camera-original-image7mugezzd44h.jpeg",
        "more-data": "Effective Pixels: 16 MP",
        "more-data2": "FULL HD 4k",
        "more-data3": "1 Months replacement warranty for manufacturing  Defects Only",
        "new-price": "₹2,499",
        "old-price": "₹8,499",
        "discount": "70% off",
        "delivery-type": "Free delivery"
    },
    {
        "description": "CASON CS6 Real 4K Dual Screen Action Camera for Vlogging With EIS+Gyro, Touch Screen Waterproof Sports...",
        "image": "https://rukminim2.flixcart.com/image/312/312/l0h1g280/sports-action-camera/x/c/r/touch-screen-waterproof-sports-camera-with-external-mic-2-x-1350-original-imagc9a2hgvjyx4x.jpeg",
        "stars": "3.4",
        "ratings": "17 Ratings ",
        "reviews": " 3 Reviews",
        "more-data": "Effective Pixels: 24 MP",
        "more-data2": "4K ,2.7K ,1080P ,720P",
        "more-data3": "1 Year if manufacturing defect  (whats app only customer care on 8850166377",
        "new-price": "₹9,889",
        "old-price": "₹13,995",
        "discount": "29% off",
        "delivery-type": "Free delivery"
    },
    {
        "description": "SONY ILCE-7M4/BQ IN5 Mirrorless Camera Body Only",
        "image": "https://rukminim2.flixcart.com/image/312/312/l08gsy80/dslr-camera/s/e/b/-original-imagc2cz2hyqgwmn.jpeg",
        "stars": "5",
        "ratings": "6 Ratings ",
        "reviews": " 2 Reviews",
        "more-data": "Effective Pixels: 33 MP",
        "more-data2": "Sensor Type: CMOS",
        "more-data3": "WiFi Available",
        "more-data4": "4K",
        "more-data5": "2 Years Warranty",
        "new-price": "₹2,24,990",
        "old-price": "₹2,42,490",
        "discount": "7% off",
        "delivery-type": "Free delivery"
    },
    {
        "description": "Bzrqx Mini 1080P FULL HD Video and Audio Camera-Night Vision Camera-Motion Detection Sports and Action...",
        "image": "https://rukminim2.flixcart.com/image/312/312/l08gsy80/sports-action-camera/0/p/d/1080p-full-hd-video-and-audio-camera-night-vision-camera-motion-original-imagc2mxy2y8guqv.jpeg",
        "stars": "2.7",
        "ratings": "3 Ratings ",
        "reviews": " 0 Reviews",
        "more-data": "Effective Pixels: 12 MP",
        "more-data2": "1920*1080p",
        "more-data3": "7 Days Replacement Warranty",
        "new-price": "₹1,299",
        "old-price": "₹2,999",
        "discount": "56% off",
        "delivery-type": "Free delivery"
    },
    {
        "description": "Flipkart SmartBuy D68AV Dual Screens Real 4K 16MP Wifi HDR Video Sports and Action Camera",
        "image": "https://rukminim2.flixcart.com/image/312/312/kufuikw0/sports-action-camera/r/a/n/d68av-dual-screens-real-4k-16mp-wifi-hdr-video-na-d68va-flipkart-original-imag7ke8myxzxqn8.jpeg",
        "stars": "3.5",
        "ratings": "199 Ratings ",
        "reviews": " 38 Reviews",
        "more-data": "Effective Pixels: 16 MP",
        "more-data2": "4K Ultra HD",
        "more-data3": "1 Year Warranty",
        "new-price": "₹6,999",
        "old-price": "₹10,999",
        "discount": "36% off",
        "delivery-type": "Free delivery"
    },
    {
        "description": "IBS ACTION CAMERA ACTION UNDER WATER Camera Hot Selling 1080P HD Small Camcorder Sports DV Video Sport...",
        "image": "https://rukminim2.flixcart.com/image/312/312/kvpklu80/sports-action-camera/u/s/g/97-real-4k-16mp-wifi-hdr-video-sports-and-action-camera-2-2-16-original-imag8jwvwfvps4gg.jpeg",
        "stars": "3.9",
        "ratings": "29 Ratings ",
        "reviews": " 17 Reviews",
        "more-data": "Effective Pixels: 3 MP",
        "more-data2": "HDD",
        "new-price": "₹1,399",
        "old-price": "₹3,999",
        "discount": "65% off",
        "delivery-type": "Free delivery"
    },
    {
        "description": "SJCAM SJ8 Air HD (with Sports Kit) Sports and Action Camera",
        "image": "https://rukminim2.flixcart.com/image/312/312/jraycnk0/sports-action-camera/u/j/u/with-sports-kit-sj8-air-hd-air-sjcam-original-imafd3vd3n6fmcwq.jpeg",
        "stars": "4",
        "ratings": "189 Ratings ",
        "reviews": " 27 Reviews",
        "more-data": "Effective Pixels: 14.24 MP",
        "more-data2": "1296P, 1080P",
        "more-data3": "1 year warranty",
        "new-price": "₹9,087",
        "old-price": "₹11,966",
        "discount": "24% off",
        "delivery-type": "Free delivery"
    },
    {
        "description": "SJCAM SJ 4000 Air 4K Full HD WiFi 30M Waterproof Sports Action Camera Waterproof DV Camcorder 16MP Spo...",
        "image": "https://rukminim2.flixcart.com/image/312/312/koudfgw0/sports-action-camera/k/l/3/4000-air-4k-full-hd-wifi-30m-waterproof-sports-action-camera-original-imag37azyptu4zak.jpeg",
        "stars": "3.8",
        "ratings": "4,182 Ratings ",
        "reviews": " 650 Reviews",
        "more-data": "Effective Pixels: 16 MP",
        "more-data2": "1080 FHD",
        "more-data3": "Manufacturer's warranty for 12  months",
        "new-price": "₹4,999",
        "old-price": "₹8,400",
        "discount": "40% off",
        "delivery-type": "Free delivery"
    },
    {
        "description": "TFG GO PRO action camera Ultra HD 1080P Rechargeable Batteries Sports and Action Camera",
        "image": "https://rukminim2.flixcart.com/image/312/312/kk01pjk0/sports-action-camera/6/o/g/action-shot-hd-action-shot-full-hd-12mp-1080p-black-helmet-original-imafzg4utqgwtfsv.jpeg",
        "stars": "3.5",
        "ratings": "12 Ratings ",
        "reviews": " 2 Reviews",
        "more-data": "Effective Pixels: 12 MP",
        "more-data2": "720P, 1080P",
        "new-price": "₹1,519",
        "old-price": "₹2,999",
        "discount": "49% off",
        "delivery-type": "Free delivery"
    },
    {
        "description": "FUJIFILM Instax Treasure Box Mini 9 Instant Camera",
        "image": "https://rukminim2.flixcart.com/image/312/312/kp2y2kw0/instant-camera/l/i/y/treasure-box-mini-9-instax-mini-9-fujifilm-original-imag3efyp6hf8gtm.jpeg",
        "stars": "4.4",
        "ratings": "457 Ratings ",
        "reviews": " 35 Reviews",
        "more-data": "Flamingo Pink",
        "more-data2": "Exposure Mode: Manual",
        "more-data3": "View Finder: Yes",
        "more-data4": "Self Timer: No",
        "more-data5": "Battery Included",
        "new-price": "₹4,999",
        "old-price": "₹5,999",
        "discount": "16% off",
        "delivery-type": "Free delivery"
    },
    {
        "description": "SONY CyberShot DSC-W800/BC IN5",
        "image": "https://rukminim2.flixcart.com/image/312/312/camera/y/x/b/sony-cyber-shot-dsc-w800-point-shoot-original-imadvgz7tgqw8gw8.jpeg",
        "stars": "3.9",
        "ratings": "5,150 Ratings ",
        "reviews": " 776 Reviews",
        "more-data": "Effective Pixels: 20.1 MP",
        "more-data2": "Optical Zoom: 5 | Digital Zoom: 13x",
        "more-data3": "Auto Focus",
        "more-data4": "Display Size: 3",
        "more-data5": "2 Year Warranty",
        "new-price": "₹7,790",
        "delivery-type": "Free delivery"
    },
    {
        "description": "IC Plius 6 Spy Camera Button HD Camera/Audio/ Record/Support Spy Camera (32 GB, ) Sports and Action Ca...",
        "image": "https://rukminim2.flixcart.com/image/312/312/ky0g58w0/sports-action-camera/i/w/b/spy-camera-button-hd-camera-audio-record-support-spy-camera-32-original-imagac78vdmeqpk7.jpeg",
        "stars": "3.6",
        "ratings": "17 Ratings ",
        "reviews": " 2 Reviews",
        "more-data": "Effective Pixels: 1080 MP",
        "more-data2": "FULLHD",
        "new-price": "₹990",
        "old-price": "₹2,000",
        "discount": "50% off"
    },
    {
        "description": "ALA GO PRO Portable Waterproof HD Sports and Action Camera",
        "image": "https://rukminim2.flixcart.com/image/312/312/kex5ci80/sports-action-camera/2/z/6/portable-waterproof-ultra-hd-sports-action-camera-with-image-original-imafvhb8qhqudztt.jpeg",
        "stars": "2.9",
        "ratings": "173 Ratings ",
        "reviews": " 26 Reviews",
        "more-data": "Effective Pixels: 12 MP",
        "more-data2": "1080P, 720P",
        "new-price": "₹1,225",
        "old-price": "₹2,999",
        "discount": "59% off",
        "delivery-type": "Free delivery"
    }
]