[
    {
        "description": "Canon EOS 1500D DSLR Camera Body+ 18-55 mm IS II Lens",
        "image": "https://rukminim2.flixcart.com/image/312/312/kk01pjk0/dslr-camera/f/v/o/eos-1500d-canon-original-imafzfugydh2mjgf.jpeg",
        "stars": "4.5",
        "ratings": "13,171 Ratings ",
        "reviews": " 1,879 Reviews",
        "more-data": "Effective Pixels: 24.1 MP",
        "more-data2": "Sensor Type: CMOS",
        "more-data3": "WiFi Available",
        "more-data4": "1080p recording at 30p",
        "more-data5": "2 Year Warranty (1 year standard warranty + 1 year additional warranty from the date of purchase made by the customer.)",
        "new-price": "₹36,499",
        "old-price": "₹39,995",
        "discount": "8% off",
        "delivery-type": "Free delivery"
    },
    {
        "description": "Canon EOS 200D II DSLR Camera EF-S18-55mm IS STM",
        "image": "https://rukminim2.flixcart.com/image/312/312/juwzf680/dslr-camera/g/a/q/200d-ii-200d-ii-canon-original-imaffvrhzyqzayys.jpeg",
        "stars": "4.5",
        "ratings": "3,450 Ratings ",
        "reviews": " 528 Reviews",
        "more-data": "Effective Pixels: 24.1 MP",
        "more-data2": "Sensor Type: CMOS",
        "more-data3": "WiFi Available",
        "more-data4": "Full HD",
        "more-data5": "2 Year Warranty (1 year standard warranty + 1 year additional warranty from the date of purchase made by the customer.)",
        "new-price": "₹56,499",
        "old-price": "₹59,995",
        "discount": "5% off",
        "delivery-type": "Free delivery"
    },
    {
        "description": "FUJIFILM X Series X-T200 Mirrorless Camera Body with 15-45 mm Lens",
        "image": "https://rukminim2.flixcart.com/image/312/312/k8g8knk0/dslr-camera/s/g/v/x-t200-x-t200-fujifilm-original-imafqggmvuazabpa.jpeg",
        "stars": "4.3",
        "ratings": "378 Ratings ",
        "reviews": " 51 Reviews",
        "more-data": "Effective Pixels: 24.2 MP",
        "more-data2": "Sensor Type: CMOS",
        "more-data3": "WiFi Available",
        "more-data4": "4K",
        "more-data5": "2 Year Warranty",
        "new-price": "₹61,999",
        "old-price": "₹66,999",
        "discount": "7% off",
        "delivery-type": "Free delivery"
    },
    {
        "description": "Canon EOS M50 Mark II Mirrorless Camera EF-M15-45mm is STM Lens",
        "image": "https://rukminim2.flixcart.com/image/312/312/knyxqq80/dslr-camera/r/y/x/digital-camera-eos-m50-mark-ii-eos-m50-mark-ii-canon-original-imag2gzkexzqhyhu.jpeg",
        "stars": "4.5",
        "ratings": "354 Ratings ",
        "reviews": " 44 Reviews",
        "more-data": "Effective Pixels: 24.1 MP",
        "more-data2": "Sensor Type: CMOS",
        "more-data3": "WiFi Available",
        "more-data4": "MP4",
        "more-data5": "2 Year Warranty (1 year standard warranty + 1 year additional warranty from the date of purchase made by the customer.)",
        "new-price": "₹57,890",
        "old-price": "₹58,995",
        "discount": "1% off",
        "delivery-type": "Free delivery"
    },
    {
        "description": "SONY ILCE-7M4/BQ IN5 Mirrorless Camera Body Only",
        "image": "https://rukminim2.flixcart.com/image/312/312/l08gsy80/dslr-camera/s/e/b/-original-imagc2cz2hyqgwmn.jpeg",
        "stars": "5",
        "ratings": "6 Ratings ",
        "reviews": " 2 Reviews",
        "more-data": "Effective Pixels: 33 MP",
        "more-data2": "Sensor Type: CMOS",
        "more-data3": "WiFi Available",
        "more-data4": "4K",
        "more-data5": "2 Years Warranty",
        "new-price": "₹2,24,990",
        "old-price": "₹2,42,490",
        "discount": "7% off",
        "delivery-type": "Free delivery"
    },
    {
        "description": "NIKON Z 50 Mirrorless Camera Body with 16-50mm Lens",
        "image": "https://rukminim2.flixcart.com/image/312/312/k5o7r0w0/dslr-camera/z/h/4/z-50-z-50-nikon-original-imafzasjz33kaa8k.jpeg",
        "stars": "4.4",
        "ratings": "198 Ratings ",
        "reviews": " 28 Reviews",
        "more-data": "Effective Pixels: 20.9 MP",
        "more-data2": "Sensor Type: CMOS",
        "more-data3": "WiFi Available",
        "more-data4": "UHD 4K",
        "more-data5": "2 Year Warranty",
        "new-price": "₹85,995",
        "delivery-type": "Free delivery"
    },
    {
        "description": "POZUB New Arrival 3in1 Selfie Stick Stand With Dustproof Bag PZB-XT012 Travel Tripod Stand Flexible Ha...",
        "image": "https://rukminim2.flixcart.com/image/312/312/ktx9si80/camera/t/w/z/stand-new-arrival-3in1-selfie-stick-stand-with-dustproof-bag-pzb-original-imag75x7evgnza7t.jpeg",
        "stars": "4.5",
        "ratings": "11 Ratings ",
        "reviews": " 1 Reviews",
        "more-data": "Effective Pixels: 0 MP",
        "more-data2": "Optical Zoom: 0",
        "more-data3": "Sensor Type: CCD | LCD Size: 0 inch",
        "more-data4": "Max Shutter Speed: 0",
        "new-price": "₹396",
        "old-price": "₹397"
    },
    {
        "description": "Panasonic G Series DC-G95MGW-K Mirrorless Camera Body with Single Lens: 12-60mm lens",
        "image": "https://rukminim2.flixcart.com/image/312/312/jynat8w0/dslr-camera/m/g/k/dc-g95mgw-k-dc-g95mgw-k-panasonic-original-imafgu2jvfgvqyyy.jpeg",
        "more-data": "Effective Pixels: 20 MP",
        "more-data2": "Sensor Type: MOS",
        "more-data3": "WiFi Available",
        "more-data4": "4K",
        "more-data5": "2 Year Warranty",
        "new-price": "₹90,189",
        "old-price": "₹94,990",
        "discount": "5% off",
        "delivery-type": "Free delivery"
    },
    {
        "description": "SONY ILCE-7SM3/BQ IN5 Mirrorless Camera Mirrorless",
        "image": "https://rukminim2.flixcart.com/image/312/312/kihqz680/dslr-camera/g/z/t/alpha-7siii-ilce-7sm3-bq-in5-sony-original-imafya2qhvjjmruh.jpeg",
        "stars": "4.1",
        "ratings": "11 Ratings ",
        "reviews": " 1 Reviews",
        "more-data": "Effective Pixels: 12.1 MP",
        "more-data2": "Sensor Type: CMOS",
        "more-data3": "WiFi Available",
        "more-data4": "4K",
        "more-data5": "2 Year Warranty",
        "new-price": "₹2,96,990",
        "old-price": "₹3,34,990",
        "discount": "11% off",
        "delivery-type": "Free delivery"
    },
    {
        "description": "POZUB High Quality Portable Multi-Purpose Selfie Stick Stand With Dustproof Bag PZB-XT012 Travel Tripo...",
        "image": "https://rukminim2.flixcart.com/image/312/312/kuef2q80/camera/4/j/2/stand-high-quality-portable-multi-purpose-selfie-stick-stand-original-imag7j8fhfz83zgx.jpeg",
        "stars": "3.5",
        "ratings": "13 Ratings ",
        "reviews": " 0 Reviews",
        "more-data": "Effective Pixels: 0 MP",
        "more-data2": "Optical Zoom: 0",
        "more-data3": "Sensor Type: CCD | LCD Size: 0 inch",
        "more-data4": "Max Shutter Speed: 0",
        "new-price": "₹398"
    },
    {
        "description": "POZUB Best Buy 3in1 Stand Selfie Stick With Dustproof Bag Travel Tripod Stand PZB-XT012 Flexible Handh...",
        "image": "https://rukminim2.flixcart.com/image/312/312/ktx9si80/camera/p/f/b/stand-best-buy-3in1-stand-selfie-stick-with-dustproof-bag-travel-original-imag75xy87jz9r6z.jpeg",
        "stars": "3.8",
        "ratings": "6 Ratings ",
        "reviews": " 2 Reviews",
        "more-data": "Effective Pixels: 0 MP",
        "more-data2": "Optical Zoom: 0",
        "more-data3": "Sensor Type: CCD | LCD Size: 0 inch",
        "more-data4": "Max Shutter Speed: 0",
        "new-price": "₹397"
    },
    {
        "description": "SONY Alpha ILCE-7RM4 Alpha ILCE-7RM4 Full-Frame 61.0MP Mirrorless Digital SLR Camera Body DSLR Camera ...",
        "image": "https://rukminim2.flixcart.com/image/312/312/kqwobrk0/dslr-camera/e/y/3/ilce-7rm4-alpha-ilce-7rm4-full-frame-61-0mp-mirrorless-digital-original-imag4t3ntv2ygvmj.jpeg",
        "more-data": "Effective Pixels: 62.5 MP",
        "more-data2": "Sensor Type: CMOS",
        "more-data3": "WiFi Available",
        "more-data4": "4K UHD",
        "more-data5": "2 Years Warranty",
        "new-price": "₹3,10,990",
        "old-price": "₹3,21,990",
        "discount": "3% off",
        "delivery-type": "Free delivery"
    },
    {
        "description": "NIKON D5600 DSLR Camera Body with Dual Lens: AF-P DX Nikkor 18 - 55 MM F/3.5-5.6G VR and 70-300 MM F/4...",
        "image": "https://rukminim2.flixcart.com/image/312/312/dslr-camera/t/h/g/d5600-nikon-d5600-original-imaezvbrhkgzyywz.jpeg",
        "stars": "4.6",
        "ratings": "10,780 Ratings ",
        "reviews": " 1,730 Reviews",
        "more-data": "Effective Pixels: 24.2 MP",
        "more-data2": "Sensor Type: CMOS",
        "more-data3": "WiFi Available",
        "more-data4": "1080p recording upto 60p",
        "more-data5": "2 Year Warranty",
        "new-price": "₹64,644",
        "old-price": "₹66,750",
        "discount": "3% off"
    },
    {
        "description": "POZUB 3 in1 Multi-Purpose Bluetooth Extendable Wireless Remote Selfie Stick Tripod Stand + Dustproof B...",
        "image": "https://rukminim2.flixcart.com/image/312/312/ktx9si80/camera/e/g/b/stand-3-in1-multi-purpose-bluetooth-extendable-wireless-remote-original-imag75y4pybw9dxf.jpeg",
        "stars": "3.9",
        "ratings": "21 Ratings ",
        "reviews": " 1 Reviews",
        "more-data": "Effective Pixels: 0 MP",
        "more-data2": "Optical Zoom: 0",
        "more-data3": "Sensor Type: CCD | LCD Size: 0 inch",
        "more-data4": "Max Shutter Speed: 0",
        "new-price": "₹397"
    },
    {
        "description": "Panasonic G Series DC-G95HGW-K Mirrorless Camera G95 with 14-140mm lens",
        "image": "https://rukminim2.flixcart.com/image/312/312/jynat8w0/dslr-camera/y/z/g/dc-g95hgw-k-dc-g95hgw-k-panasonic-original-imafgu2j4nauf2na.jpeg",
        "stars": "4.3",
        "ratings": "3 Ratings ",
        "reviews": " 0 Reviews",
        "more-data": "Effective Pixels: 20 MP",
        "more-data2": "Sensor Type: MOS",
        "more-data3": "WiFi Available",
        "more-data4": "4K",
        "more-data5": "2 Years Warranty Provided by the Manufacturer from Date of Purchase",
        "new-price": "₹99,251",
        "old-price": "₹1,09,990",
        "discount": "9% off",
        "delivery-type": "Free delivery"
    },
    {
        "description": "NIKON D3500 DSLR Camera AF-P DX NIKKOR 18-55mm f/3.5-5.6G VR",
        "image": "https://rukminim2.flixcart.com/image/312/312/jmjhifk0/dslr-camera/f/g/t/na-d3500-nikon-original-imaf9fgtzqxgtk5s.jpeg",
        "stars": "4.6",
        "ratings": "13,786 Ratings ",
        "reviews": " 2,164 Reviews",
        "more-data": "Effective Pixels: 24.2 MP",
        "more-data2": "Sensor Type: CMOS",
        "more-data3": "1080p recording at 60p",
        "more-data4": "2 Year Warranty",
        "new-price": "₹36,250"
    },
    {
        "description": "OLYMPUS OM-D E-M1 Mark II Mirrorless Camera digital ED 12-40mm f2.8 PRO Lens",
        "image": "https://rukminim2.flixcart.com/image/312/312/jpsnma80/dslr-camera/g/y/2/12-40mm-f2-8-pro-lens-mark-ii-olympus-original-imafbxpwfugzjnny.jpeg",
        "more-data": "Effective Pixels: 16.1",
        "more-data2": "Sensor Type: CMOS",
        "more-data3": "WiFi Available",
        "more-data4": "1920 x 1080p at 24/25/30/50/60 fps, 1280 x 720p at 24/25/30/50/60 fps, 640 x 480p at 30 fps (M-JPEG), 1280 x 720p at 30 fps (M-JPEG)",
        "more-data5": "1 year",
        "new-price": "₹1,48,314",
        "old-price": "₹1,81,990",
        "discount": "18% off",
        "delivery-type": "Free delivery"
    },
    {
        "description": "NIKON Z6 II Kit Mirrorless Camera 24-70mm F/4S with 64GB UHS-II High Speed SD Card",
        "image": "https://rukminim2.flixcart.com/image/312/312/kq9ta4w0/dslr-camera/w/z/n/z6-ii-z6-ii-kit-nikon-original-imag4btqjmu73zfk.jpeg",
        "stars": "3.8",
        "ratings": "13 Ratings ",
        "reviews": " 1 Reviews",
        "more-data": "Effective Pixels: 24.5 MP",
        "more-data2": "Sensor Type: CMOS",
        "more-data3": "WiFi Available",
        "more-data4": "H.264/MPEG-4 Advanced Video Coding",
        "more-data5": "2 Year Warranty",
        "new-price": "₹1,86,074",
        "old-price": "₹2,09,995",
        "discount": "11% off",
        "delivery-type": "Free delivery"
    },
    {
        "description": "NIKON Z7 II Kit Mirrorless Camera 24-70mm F/4S with 64GB UHS-II SD Card",
        "image": "https://rukminim2.flixcart.com/image/312/312/kq9ta4w0/dslr-camera/r/1/y/z7-ii-z7-ii-kit-nikon-original-imag4btqp52rdzgp.jpeg",
        "stars": "5",
        "ratings": "4 Ratings ",
        "reviews": " 0 Reviews",
        "more-data": "Effective Pixels: 45.7 MP",
        "more-data2": "Sensor Type: CMOS",
        "more-data3": "WiFi Available",
        "more-data4": "H.264/MPEG-4 Advanced Video Coding",
        "more-data5": "2 Year Limited Nikon India Warranty",
        "new-price": "₹2,73,599",
        "old-price": "₹2,94,995",
        "discount": "7% off",
        "delivery-type": "Free delivery"
    },
    {
        "description": "FUJIFILM X Series X-S10 Mirrorless Camera Body Only",
        "image": "https://rukminim2.flixcart.com/image/312/312/khuvxjk0/dslr-camera/c/g/s/x-s10-x-s10-fujifilm-original-imafxsdjfh7cyexv.jpeg",
        "stars": "5",
        "ratings": "13 Ratings ",
        "reviews": " 3 Reviews",
        "more-data": "Effective Pixels: 26.1 MP",
        "more-data2": "Sensor Type: BSI CMOS",
        "more-data3": "WiFi Available",
        "more-data4": "4K",
        "more-data5": "2 Year Warranty",
        "new-price": "₹92,999",
        "old-price": "₹99,999",
        "discount": "7% off",
        "delivery-type": "Free delivery"
    },
    {
        "description": "FUJIFILM X-T3 Mirrorless Camera Body with 16-80 Lens Kit",
        "image": "https://rukminim2.flixcart.com/image/312/312/kc3p30w0/dslr-camera/b/f/d/x-t3-x-t3-fujifilm-original-imaftaxcpmh9jsf2.jpeg",
        "stars": "4.2",
        "ratings": "5 Ratings ",
        "reviews": " 0 Reviews",
        "more-data": "Effective Pixels: 26.1 MP",
        "more-data2": "Sensor Type: CMOS",
        "more-data3": "WiFi Available",
        "more-data4": "4K (3840 x 2160) & FULL HD (1920 x 1080)",
        "more-data5": "2 Years Warranty",
        "new-price": "₹1,57,999",
        "old-price": "₹1,69,999",
        "discount": "7% off",
        "delivery-type": "Free delivery"
    },
    {
        "description": "NIKON Z 7 Mirrorless Camera Body + 24-70mm Lens and Mount Adapter",
        "image": "https://rukminim2.flixcart.com/image/312/312/jpa2w7k0/dslr-camera/h/d/a/na-z-7-nikon-original-imafbk5why7spkrs.jpeg",
        "stars": "5",
        "ratings": "5 Ratings ",
        "reviews": " 2 Reviews",
        "more-data": "Effective Pixels: 45.7 MP",
        "more-data2": "Sensor Type: CMOS",
        "more-data3": "WiFi Available",
        "more-data4": "Full HD",
        "more-data5": "2 Years Warranty",
        "new-price": "₹2,69,999",
        "old-price": "₹2,82,950",
        "discount": "4% off",
        "delivery-type": "Free delivery"
    },
    {
        "description": "Canon EOS 7D Mark II DSLR Camera (Body only)",
        "image": "https://rukminim2.flixcart.com/image/312/312/camera/s/q/f/canon-eos-7d-mark-ii-body-dslr-original-imae3yryhwq7fgyx.jpeg",
        "stars": "4.1",
        "ratings": "20 Ratings ",
        "reviews": " 6 Reviews",
        "more-data": "Effective Pixels: 20.2 MP",
        "more-data2": "Sensor Type: CMOS",
        "more-data3": "Full HD",
        "more-data4": "2 Years Canon India Warranty and Free Transit Insurance",
        "new-price": "₹99,999",
        "old-price": "₹1,24,995",
        "discount": "19% off",
        "delivery-type": "Free delivery"
    },
    {
        "description": "NIKON Z 7 Mirrorless Camera Body with Mount Adapter FTZ",
        "image": "https://rukminim2.flixcart.com/image/312/312/jpa2w7k0/dslr-camera/g/j/h/na-z-7-nikon-original-imafbk55rzz7efgf.jpeg",
        "stars": "5",
        "ratings": "5 Ratings ",
        "reviews": " 2 Reviews",
        "more-data": "Effective Pixels: 45.7 MP",
        "more-data2": "Sensor Type: CMOS",
        "more-data3": "WiFi Available",
        "more-data4": "Full HD",
        "more-data5": "2 Years Warranty",
        "new-price": "₹2,29,999",
        "old-price": "₹2,41,450",
        "discount": "4% off",
        "delivery-type": "Free delivery"
    },
    {
        "description": "FUJIFILM FX-X-PRO3DS Mirrorless Camera FX-X-PRO3DS",
        "image": "https://rukminim2.flixcart.com/image/312/312/ky3b0y80/dslr-camera/i/p/m/x-pro3-mirrorless-camera-body-only-dura-silver-26-1-fx-x-pro3ds-original-imagaeguchzthjzz.jpeg",
        "more-data": "Effective Pixels: 26.1 MP",
        "more-data2": "Sensor Type: BSI CMOS",
        "more-data3": "WiFi Available",
        "more-data4": "DCI 4K, 4K and Full HD",
        "more-data5": "2 Year Warranty",
        "new-price": "₹1,61,999",
        "old-price": "₹1,73,999",
        "discount": "6% off",
        "delivery-type": "Free delivery"
    },
    {
        "description": "NIKON Z5 Mirrorless Camera 24-200 mm",
        "image": "https://rukminim2.flixcart.com/image/312/312/kokdci80/dslr-camera/v/e/x/z-24-200mm-z5-nikon-original-imag2zuekuxgxsgg.jpeg",
        "stars": "4.3",
        "ratings": "13 Ratings ",
        "reviews": " 2 Reviews",
        "more-data": "Effective Pixels: 24.3 MP",
        "more-data2": "Sensor Type: CMOS",
        "more-data3": "WiFi Available",
        "more-data4": "4K UHD",
        "more-data5": "2 Year Warranty",
        "new-price": "₹1,61,251",
        "old-price": "₹1,69,995",
        "discount": "5% off",
        "delivery-type": "Free delivery"
    },
    {
        "description": "NIKON Z 6 Mirrorless Camera Body with 24-70mm Lens and Mount Adapter FTZ",
        "image": "https://rukminim2.flixcart.com/image/312/312/jpa2w7k0/dslr-camera/z/m/5/na-z-6-nikon-original-imafbk4gpzfbgafs.jpeg",
        "stars": "4.2",
        "ratings": "22 Ratings ",
        "reviews": " 2 Reviews",
        "more-data": "Effective Pixels: 24.5 MP",
        "more-data2": "Sensor Type: CMOS",
        "more-data3": "WiFi Available",
        "more-data4": "Full HD",
        "more-data5": "2 Year Warranty",
        "new-price": "₹1,74,999",
        "old-price": "₹1,88,950",
        "discount": "7% off",
        "delivery-type": "Free delivery"
    },
    {
        "description": "FUJIFILM X-Series X-E4 Mirrorless Camera Body Only",
        "image": "https://rukminim2.flixcart.com/image/312/312/kmp7ngw0/dslr-camera/e/t/a/x-e4-x-e4-fujifilm-original-imagfjp5bm7rpggf.jpeg",
        "stars": "4.7",
        "ratings": "7 Ratings ",
        "reviews": " 3 Reviews",
        "more-data": "Effective Pixels: 26.1 MP",
        "more-data2": "Sensor Type: BSI CMOS",
        "more-data3": "WiFi Available",
        "more-data4": "4K, Full HD",
        "more-data5": "2 Year Warranty",
        "new-price": "₹74,499",
        "old-price": "₹74,999",
        "delivery-type": "Free delivery"
    },
    {
        "description": "FUJIFILM X-Series X-E4 Mirrorless Camera Body with Accessories - Metal Hand Grip (MHG-XE4) and Thumb R...",
        "image": "https://rukminim2.flixcart.com/image/312/312/kmp7ngw0/dslr-camera/0/l/7/x-e4-x-e4-fujifilm-original-imagfjp5h6bqqa3f.jpeg",
        "stars": "4.7",
        "ratings": "7 Ratings ",
        "reviews": " 3 Reviews",
        "more-data": "Effective Pixels: 26.1 MP",
        "more-data2": "Sensor Type: BSI CMOS",
        "more-data3": "WiFi Available",
        "more-data4": "4K, Full HD",
        "more-data5": "2 Year Warranty",
        "new-price": "₹82,999",
        "old-price": "₹83,999",
        "discount": "1% off",
        "delivery-type": "Free delivery"
    },
    {
        "description": "Panasonic Lumix G DC-G95H with 14-140 mm Lens kit Mirrorless Camera Body, Lens",
        "image": "https://rukminim2.flixcart.com/image/312/312/krxtrww0/dslr-camera/w/v/a/g-dc-g95h-lumix-g-dc-g95h-with-14-140-mm-lens-kit-panasonic-original-imag5menu7thqbds.jpeg",
        "more-data": "Effective Pixels: 21.77 MP",
        "more-data2": "Sensor Type: MOS",
        "more-data3": "WiFi Available",
        "more-data4": "4K, Full HD, HD",
        "new-price": "₹1,21,990",
        "old-price": "₹1,29,990",
        "discount": "6% off",
        "delivery-type": "Free delivery"
    },
    {
        "description": "FUJIFILM X-Series X-E4 Mirrorless Camera Body with Accessories - Metal Hand Grip (MHG-XE4) and Thumb R...",
        "image": "https://rukminim2.flixcart.com/image/312/312/kmp7ngw0/dslr-camera/v/r/g/x-e4-x-e4-fujifilm-original-imagfjp5rpghfvkk.jpeg",
        "stars": "4.7",
        "ratings": "7 Ratings ",
        "reviews": " 3 Reviews",
        "more-data": "Effective Pixels: 26.1 MP",
        "more-data2": "Sensor Type: BSI CMOS",
        "more-data3": "WiFi Available",
        "more-data4": "4K, Full HD",
        "more-data5": "2 Year Warranty",
        "new-price": "₹82,999",
        "old-price": "₹83,999",
        "discount": "1% off",
        "delivery-type": "Free delivery"
    },
    {
        "description": "FUJIFILM X-T3 Mirrorless Camera Body Only",
        "image": "https://rukminim2.flixcart.com/image/312/312/jpcxrww0/dslr-camera/w/4/z/x-t3-x-t3-fujifilm-original-imafbhht5whwtee5.jpeg",
        "stars": "4.2",
        "ratings": "5 Ratings ",
        "reviews": " 0 Reviews",
        "more-data": "Effective Pixels: 26.1 MP",
        "more-data2": "Sensor Type: CMOS",
        "more-data3": "WiFi Available",
        "more-data4": "4K (3840 x 2160) & FULL HD (1920 x 1080)",
        "more-data5": "2 Year Warranty",
        "new-price": "₹1,00,999",
        "old-price": "₹1,08,699",
        "discount": "7% off",
        "delivery-type": "Free delivery"
    },
    {
        "description": "Panasonic DC-GH5GA-K DC-GH5GA-K Mirroless Camera Body only Mirrorless Camera Body only",
        "image": "https://rukminim2.flixcart.com/image/312/312/kqv8vww0/dslr-camera/a/u/e/dc-gh5ga-k-mirroless-camera-body-only-dc-gh5ga-k-mirroless-original-imag4samfzyzhnyg.jpeg",
        "more-data": "Effective Pixels: 20.3 MP",
        "more-data2": "Sensor Type: MOS",
        "more-data3": "WiFi Available",
        "more-data4": "4K UHD",
        "more-data5": "2 Years Warranty",
        "new-price": "₹1,32,990",
        "old-price": "₹1,39,990",
        "discount": "5% off",
        "delivery-type": "Free delivery"
    },
    {
        "description": "NIKON Z 50 Mirrorless Camera Body with 16-50mm & 50-250mm Lenses",
        "image": "https://rukminim2.flixcart.com/image/312/312/k5o7r0w0/dslr-camera/m/3/2/z-50-z-50-nikon-original-imafzasj4nxzcxgn.jpeg",
        "stars": "4.4",
        "ratings": "198 Ratings ",
        "reviews": " 28 Reviews",
        "more-data": "Effective Pixels: 20.9 MP",
        "more-data2": "Sensor Type: CMOS",
        "more-data3": "WiFi Available",
        "more-data4": "UHD 4K",
        "more-data5": "2 Year Warranty",
        "new-price": "₹1,00,534",
        "old-price": "₹1,05,995",
        "discount": "5% off"
    },
    {
        "description": "FUJIFILM X Series X-T4 Mirrorless Camera Body Only",
        "image": "https://rukminim2.flixcart.com/image/312/312/kamtsi80/dslr-camera/z/w/d/x-t4-26-mp-x-t4-fujifilm-original-imafs5jxrx4eyxhb.jpeg",
        "stars": "4.4",
        "ratings": "14 Ratings ",
        "reviews": " 2 Reviews",
        "more-data": "Effective Pixels: 26.1 MP",
        "more-data2": "Sensor Type: CMOS",
        "more-data3": "WiFi Available",
        "more-data4": "4K, Full HD",
        "more-data5": "2 Year Warranty",
        "new-price": "₹1,43,999",
        "old-price": "₹1,54,999",
        "discount": "7% off",
        "delivery-type": "Free delivery"
    },
    {
        "description": "Panasonic DC LUMIX Series DC-S5 Mirrorless Camera Body, Lens",
        "image": "https://rukminim2.flixcart.com/image/312/312/krdtlzk0/dslr-camera/k/n/b/lumix-dc-s5-mirrorless-digital-camera-with-20-60mm-lens-dc-s5-original-imag56sssthaetmv.jpeg",
        "more-data": "Effective Pixels: 24.2 MP",
        "more-data2": "Sensor Type: CMOS",
        "more-data3": "WiFi Available",
        "more-data4": "Full HD, 4K Anamorphic, UHD 4K",
        "more-data5": "2 Years Warranty",
        "new-price": "₹2,08,990",
        "old-price": "₹2,09,990",
        "delivery-type": "Free delivery"
    },
    {
        "description": "SONY Alpha 7RM3 Mirrorless Camera Body Only",
        "image": "https://rukminim2.flixcart.com/image/312/312/jn97frk0/dslr-camera/n/t/g/ilce-7rm3-sony-original-imaf9zhknvjh7ksp.jpeg",
        "stars": "4.3",
        "ratings": "6 Ratings ",
        "reviews": " 0 Reviews",
        "more-data": "Effective Pixels: 42.4 MP",
        "more-data2": "Sensor Type: CMOS",
        "more-data3": "WiFi Available",
        "more-data4": "XAVC S, AVCHD",
        "more-data5": "2 Years Warranty",
        "new-price": "₹2,02,990",
        "old-price": "₹2,32,490",
        "discount": "12% off",
        "delivery-type": "Free delivery"
    },
    {
        "description": "NIKON Z50-18-140MM DSLR Camera 18-140MM",
        "image": "https://rukminim2.flixcart.com/image/312/312/kyt0ya80/dslr-camera/k/m/b/z50-21-51-z50-18-140mm-nikon-original-imagaymzyjxhabmh.jpeg",
        "stars": "5",
        "ratings": "5 Ratings ",
        "reviews": " 0 Reviews",
        "more-data": "Effective Pixels: 21.51 MP",
        "more-data2": "Sensor Type: CMOS",
        "more-data3": "WiFi Available",
        "more-data4": "3840 x 2160",
        "more-data5": "2 Years Warranty",
        "new-price": "₹72,995"
    },
    {
        "description": "Canon EOS M50 Mark II Vlogger Kit Mirrorless Camera EF-M 15-45mm Lens",
        "image": "https://rukminim2.flixcart.com/image/312/312/kr2e3680/dslr-camera/j/1/n/eos-m50-mark-ii-vlogger-kit-eos-m50-mark-ii-vlogger-kit-canon-original-imag4xzzrhfeycuu.jpeg",
        "more-data": "Effective Pixels: 24.1 MP",
        "more-data2": "Sensor Type: CMOS",
        "more-data3": "WiFi Available",
        "more-data4": "MP4",
        "more-data5": "2 Year Warranty (1 year standard warranty + 1 year additional warranty from the date of purchase made by the customer.)",
        "new-price": "₹58,995"
    },
    {
        "description": "FUJIFILM X-T3 Mirrorless Camera Body Only",
        "image": "https://rukminim2.flixcart.com/image/312/312/jph83gw0/dslr-camera/s/s/7/x-t3-x-t3-fujifilm-original-imafbp86capwaqzx.jpeg",
        "stars": "4.2",
        "ratings": "5 Ratings ",
        "reviews": " 0 Reviews",
        "more-data": "Effective Pixels: 26.1 MP",
        "more-data2": "Sensor Type: CMOS",
        "more-data3": "WiFi Available",
        "more-data4": "4K (3840 x 2160) & FULL HD (1920 x 1080)",
        "more-data5": "2 Year Warranty",
        "new-price": "₹1,00,999",
        "old-price": "₹1,08,699",
        "discount": "7% off",
        "delivery-type": "Free delivery"
    },
    {
        "description": "FUJIFILM X Series X-T4 Mirrorless Camera Body with XF 18-55mm Lens",
        "image": "https://rukminim2.flixcart.com/image/312/312/ken59jk0/dslr-camera/e/p/5/x-t4-mirrorless-camera-body-with-xf-18-55mm-lens-x-t4-fujifilm-original-imafv9xzzwhrdr6h.jpeg",
        "stars": "4.4",
        "ratings": "14 Ratings ",
        "reviews": " 2 Reviews",
        "more-data": "Effective Pixels: 26.1 MP",
        "more-data2": "Sensor Type: CMOS",
        "more-data3": "WiFi Available",
        "more-data4": "4K, Full HD",
        "more-data5": "2 Year Warranty",
        "new-price": "₹1,71,999",
        "old-price": "₹1,84,999",
        "discount": "7% off",
        "delivery-type": "Free delivery"
    },
    {
        "description": "NIKON Z6 II Body Mirrorless Camera with 64GB SD Card",
        "image": "https://rukminim2.flixcart.com/image/312/312/kpwybgw0/dslr-camera/k/4/o/z6-ii-z6-ii-body-nikon-original-imag4fmeh2nfktas.jpeg",
        "stars": "4",
        "ratings": "11 Ratings ",
        "reviews": " 1 Reviews",
        "more-data": "Effective Pixels: 24.5 MP",
        "more-data2": "Sensor Type: CMOS",
        "more-data3": "WiFi Available",
        "more-data4": "H.264/MPEG-4 Advanced Video Coding",
        "more-data5": "2 Year Warranty",
        "new-price": "₹1,60,899",
        "old-price": "₹1,64,995",
        "discount": "2% off",
        "delivery-type": "Free delivery"
    },
    {
        "description": "NIKON Z 6 Mirrorless Camera Body with Mount Adapter FTZ",
        "image": "https://rukminim2.flixcart.com/image/312/312/jpa2w7k0/dslr-camera/w/d/h/na-z-6-nikon-original-imafbk5t57yeg2vp.jpeg",
        "stars": "4.2",
        "ratings": "22 Ratings ",
        "reviews": " 2 Reviews",
        "more-data": "Effective Pixels: 24.5 MP",
        "more-data2": "Sensor Type: CMOS",
        "more-data3": "WiFi Available",
        "more-data4": "Full HD",
        "more-data5": "2 Year Warranty",
        "new-price": "₹1,67,200",
        "old-price": "₹1,67,450",
        "delivery-type": "Free delivery"
    },
    {
        "description": "FUJIFILM X-T3 Mirrorless Camera Body with 16-80 Lens Kit",
        "image": "https://rukminim2.flixcart.com/image/312/312/kc3p30w0/dslr-camera/z/a/y/x-t3-x-t3-fujifilm-original-imaftaxczezgdbpj.jpeg",
        "stars": "4.2",
        "ratings": "5 Ratings ",
        "reviews": " 0 Reviews",
        "more-data": "Effective Pixels: 26.1 MP",
        "more-data2": "Sensor Type: CMOS",
        "more-data3": "WiFi Available",
        "more-data4": "4K (3840 x 2160) & FULL HD (1920 x 1080)",
        "more-data5": "2 Years Warranty",
        "new-price": "₹1,57,999",
        "old-price": "₹1,69,999",
        "discount": "7% off",
        "delivery-type": "Free delivery"
    },
    {
        "description": "FUJIFILM X Series X-A7 Mirrorless Camera Body With 15-45 mm Lens",
        "image": "https://rukminim2.flixcart.com/image/312/312/kex5ci80/dslr-camera/a/6/h/x-a7-15-45-mm-blue-x-a7-fujifilm-original-imafvhwegazdjdmf.jpeg",
        "stars": "4.3",
        "ratings": "426 Ratings ",
        "reviews": " 62 Reviews",
        "more-data": "Effective Pixels: 24.2 MP",
        "more-data2": "Sensor Type: CMOS",
        "more-data3": "WiFi Available",
        "more-data4": "4K",
        "more-data5": "2 Year Warranty",
        "new-price": "₹44,999",
        "old-price": "₹59,999",
        "discount": "25% off"
    },
    {
        "description": "Canon EOS 3000D DSLR Camera 1 Camera Body, 18 - 55 mm Lens",
        "image": "https://rukminim2.flixcart.com/image/312/312/jfbfde80/camera/n/r/n/canon-eos-eos-3000d-dslr-original-imaf3t5h9yuyc5zu.jpeg",
        "stars": "4.4",
        "ratings": "24,257 Ratings ",
        "reviews": " 3,696 Reviews",
        "more-data": "Self-Timer | Type C and Mini HDMI, |9 Auto Focus Points | 35x Optical Zoom., Effective Pixels: 18 MP APS-C CMOS sensor-which is 25 times larger than a typical Smartphone sensor., WiFi | Full HD | Video Recording at 1080 p on 30fps.",
        "more-data2": "Effective Pixels: 18 MP",
        "more-data3": "Sensor Type: CMOS",
        "more-data4": "WiFi Available",
        "more-data5": "Full HD",
        "new-price": "₹26,999",
        "old-price": "₹29,495",
        "discount": "8% off",
        "delivery-type": "Free delivery"
    },
    {
        "description": "NIKON D780 DSLR Camera Body with 24-120 mm",
        "image": "https://rukminim2.flixcart.com/image/312/312/k9oj8280/dslr-camera/p/c/e/d780-d780-nikon-original-imafrexfxntwzhnz.jpeg",
        "stars": "2.3",
        "ratings": "3 Ratings ",
        "reviews": " 0 Reviews",
        "more-data": "Effective Pixels: 18 MP",
        "more-data2": "Sensor Type: CMOS",
        "more-data3": "WiFi Available",
        "more-data4": "4k",
        "more-data5": "2 Year Warranty",
        "new-price": "₹1,83,690",
        "old-price": "₹1,98,995",
        "discount": "7% off",
        "delivery-type": "Free delivery"
    },
    {
        "description": "SONY Alpha 7M3 Mirrorless Camera Body Only",
        "image": "https://rukminim2.flixcart.com/image/312/312/kw9krrk0/dslr-camera/k/k/a/-original-imag8z5wg5asqhhy.jpeg",
        "stars": "4.6",
        "ratings": "245 Ratings ",
        "reviews": " 39 Reviews",
        "more-data": "Effective Pixels: 24.2 MP",
        "more-data2": "Sensor Type: CMOS",
        "more-data3": "WiFi Available",
        "more-data4": "XAVC S, AVCHD",
        "more-data5": "2 Year Warranty",
        "new-price": "₹1,59,990",
        "old-price": "₹1,67,990",
        "discount": "4% off",
        "delivery-type": "Free delivery"
    },
    {
        "description": "Canon EOS 1500D DSLR Camera Body+ 18-55 mm IS II Lens",
        "image": "https://rukminim2.flixcart.com/image/312/312/kk01pjk0/dslr-camera/f/v/o/eos-1500d-canon-original-imafzfugydh2mjgf.jpeg",
        "stars": "4.5",
        "ratings": "13,171 Ratings ",
        "reviews": " 1,879 Reviews",
        "more-data": "Effective Pixels: 24.1 MP",
        "more-data2": "Sensor Type: CMOS",
        "more-data3": "WiFi Available",
        "more-data4": "1080p recording at 30p",
        "more-data5": "2 Year Warranty (1 year standard warranty + 1 year additional warranty from the date of purchase made by the customer.)",
        "new-price": "₹36,499",
        "old-price": "₹39,995",
        "discount": "8% off",
        "delivery-type": "Free delivery"
    },
    {
        "description": "Canon EOS 200D II DSLR Camera EF-S18-55mm IS STM",
        "image": "https://rukminim2.flixcart.com/image/312/312/juwzf680/dslr-camera/g/a/q/200d-ii-200d-ii-canon-original-imaffvrhzyqzayys.jpeg",
        "stars": "4.5",
        "ratings": "3,450 Ratings ",
        "reviews": " 528 Reviews",
        "more-data": "Effective Pixels: 24.1 MP",
        "more-data2": "Sensor Type: CMOS",
        "more-data3": "WiFi Available",
        "more-data4": "Full HD",
        "more-data5": "2 Year Warranty (1 year standard warranty + 1 year additional warranty from the date of purchase made by the customer.)",
        "new-price": "₹56,499",
        "old-price": "₹59,995",
        "discount": "5% off",
        "delivery-type": "Free delivery"
    },
    {
        "description": "FUJIFILM X Series X-T200 Mirrorless Camera Body with 15-45 mm Lens",
        "image": "https://rukminim2.flixcart.com/image/312/312/k8g8knk0/dslr-camera/s/g/v/x-t200-x-t200-fujifilm-original-imafqggmvuazabpa.jpeg",
        "stars": "4.3",
        "ratings": "378 Ratings ",
        "reviews": " 51 Reviews",
        "more-data": "Effective Pixels: 24.2 MP",
        "more-data2": "Sensor Type: CMOS",
        "more-data3": "WiFi Available",
        "more-data4": "4K",
        "more-data5": "2 Year Warranty",
        "new-price": "₹61,999",
        "old-price": "₹66,999",
        "discount": "7% off",
        "delivery-type": "Free delivery"
    },
    {
        "description": "Canon EOS M50 Mark II Mirrorless Camera EF-M15-45mm is STM Lens",
        "image": "https://rukminim2.flixcart.com/image/312/312/knyxqq80/dslr-camera/r/y/x/digital-camera-eos-m50-mark-ii-eos-m50-mark-ii-canon-original-imag2gzkexzqhyhu.jpeg",
        "stars": "4.5",
        "ratings": "354 Ratings ",
        "reviews": " 44 Reviews",
        "more-data": "Effective Pixels: 24.1 MP",
        "more-data2": "Sensor Type: CMOS",
        "more-data3": "WiFi Available",
        "more-data4": "MP4",
        "more-data5": "2 Year Warranty (1 year standard warranty + 1 year additional warranty from the date of purchase made by the customer.)",
        "new-price": "₹57,890",
        "old-price": "₹58,995",
        "discount": "1% off",
        "delivery-type": "Free delivery"
    },
    {
        "description": "SONY ILCE-7M4/BQ IN5 Mirrorless Camera Body Only",
        "image": "https://rukminim2.flixcart.com/image/312/312/l08gsy80/dslr-camera/s/e/b/-original-imagc2cz2hyqgwmn.jpeg",
        "stars": "5",
        "ratings": "6 Ratings ",
        "reviews": " 2 Reviews",
        "more-data": "Effective Pixels: 33 MP",
        "more-data2": "Sensor Type: CMOS",
        "more-data3": "WiFi Available",
        "more-data4": "4K",
        "more-data5": "2 Years Warranty",
        "new-price": "₹2,24,990",
        "old-price": "₹2,42,490",
        "discount": "7% off",
        "delivery-type": "Free delivery"
    },
    {
        "description": "NIKON Z 50 Mirrorless Camera Body with 16-50mm Lens",
        "image": "https://rukminim2.flixcart.com/image/312/312/k5o7r0w0/dslr-camera/z/h/4/z-50-z-50-nikon-original-imafzasjz33kaa8k.jpeg",
        "stars": "4.4",
        "ratings": "198 Ratings ",
        "reviews": " 28 Reviews",
        "more-data": "Effective Pixels: 20.9 MP",
        "more-data2": "Sensor Type: CMOS",
        "more-data3": "WiFi Available",
        "more-data4": "UHD 4K",
        "more-data5": "2 Year Warranty",
        "new-price": "₹85,995",
        "delivery-type": "Free delivery"
    },
    {
        "description": "POZUB New Arrival 3in1 Selfie Stick Stand With Dustproof Bag PZB-XT012 Travel Tripod Stand Flexible Ha...",
        "image": "https://rukminim2.flixcart.com/image/312/312/ktx9si80/camera/t/w/z/stand-new-arrival-3in1-selfie-stick-stand-with-dustproof-bag-pzb-original-imag75x7evgnza7t.jpeg",
        "stars": "4.5",
        "ratings": "11 Ratings ",
        "reviews": " 1 Reviews",
        "more-data": "Effective Pixels: 0 MP",
        "more-data2": "Optical Zoom: 0",
        "more-data3": "Sensor Type: CCD | LCD Size: 0 inch",
        "more-data4": "Max Shutter Speed: 0",
        "new-price": "₹396",
        "old-price": "₹397"
    },
    {
        "description": "Panasonic G Series DC-G95MGW-K Mirrorless Camera Body with Single Lens: 12-60mm lens",
        "image": "https://rukminim2.flixcart.com/image/312/312/jynat8w0/dslr-camera/m/g/k/dc-g95mgw-k-dc-g95mgw-k-panasonic-original-imafgu2jvfgvqyyy.jpeg",
        "more-data": "Effective Pixels: 20 MP",
        "more-data2": "Sensor Type: MOS",
        "more-data3": "WiFi Available",
        "more-data4": "4K",
        "more-data5": "2 Year Warranty",
        "new-price": "₹90,189",
        "old-price": "₹94,990",
        "discount": "5% off",
        "delivery-type": "Free delivery"
    },
    {
        "description": "SONY ILCE-7SM3/BQ IN5 Mirrorless Camera Mirrorless",
        "image": "https://rukminim2.flixcart.com/image/312/312/kihqz680/dslr-camera/g/z/t/alpha-7siii-ilce-7sm3-bq-in5-sony-original-imafya2qhvjjmruh.jpeg",
        "stars": "4.1",
        "ratings": "11 Ratings ",
        "reviews": " 1 Reviews",
        "more-data": "Effective Pixels: 12.1 MP",
        "more-data2": "Sensor Type: CMOS",
        "more-data3": "WiFi Available",
        "more-data4": "4K",
        "more-data5": "2 Year Warranty",
        "new-price": "₹2,96,990",
        "old-price": "₹3,34,990",
        "discount": "11% off",
        "delivery-type": "Free delivery"
    },
    {
        "description": "POZUB High Quality Portable Multi-Purpose Selfie Stick Stand With Dustproof Bag PZB-XT012 Travel Tripo...",
        "image": "https://rukminim2.flixcart.com/image/312/312/kuef2q80/camera/4/j/2/stand-high-quality-portable-multi-purpose-selfie-stick-stand-original-imag7j8fhfz83zgx.jpeg",
        "stars": "3.5",
        "ratings": "13 Ratings ",
        "reviews": " 0 Reviews",
        "more-data": "Effective Pixels: 0 MP",
        "more-data2": "Optical Zoom: 0",
        "more-data3": "Sensor Type: CCD | LCD Size: 0 inch",
        "more-data4": "Max Shutter Speed: 0",
        "new-price": "₹398"
    },
    {
        "description": "POZUB Best Buy 3in1 Stand Selfie Stick With Dustproof Bag Travel Tripod Stand PZB-XT012 Flexible Handh...",
        "image": "https://rukminim2.flixcart.com/image/312/312/ktx9si80/camera/p/f/b/stand-best-buy-3in1-stand-selfie-stick-with-dustproof-bag-travel-original-imag75xy87jz9r6z.jpeg",
        "stars": "3.8",
        "ratings": "6 Ratings ",
        "reviews": " 2 Reviews",
        "more-data": "Effective Pixels: 0 MP",
        "more-data2": "Optical Zoom: 0",
        "more-data3": "Sensor Type: CCD | LCD Size: 0 inch",
        "more-data4": "Max Shutter Speed: 0",
        "new-price": "₹397"
    },
    {
        "description": "SONY Alpha ILCE-7RM4 Alpha ILCE-7RM4 Full-Frame 61.0MP Mirrorless Digital SLR Camera Body DSLR Camera ...",
        "image": "https://rukminim2.flixcart.com/image/312/312/kqwobrk0/dslr-camera/e/y/3/ilce-7rm4-alpha-ilce-7rm4-full-frame-61-0mp-mirrorless-digital-original-imag4t3ntv2ygvmj.jpeg",
        "more-data": "Effective Pixels: 62.5 MP",
        "more-data2": "Sensor Type: CMOS",
        "more-data3": "WiFi Available",
        "more-data4": "4K UHD",
        "more-data5": "2 Years Warranty",
        "new-price": "₹3,10,990",
        "old-price": "₹3,21,990",
        "discount": "3% off",
        "delivery-type": "Free delivery"
    },
    {
        "description": "NIKON D5600 DSLR Camera Body with Dual Lens: AF-P DX Nikkor 18 - 55 MM F/3.5-5.6G VR and 70-300 MM F/4...",
        "image": "https://rukminim2.flixcart.com/image/312/312/dslr-camera/t/h/g/d5600-nikon-d5600-original-imaezvbrhkgzyywz.jpeg",
        "stars": "4.6",
        "ratings": "10,780 Ratings ",
        "reviews": " 1,730 Reviews",
        "more-data": "Effective Pixels: 24.2 MP",
        "more-data2": "Sensor Type: CMOS",
        "more-data3": "WiFi Available",
        "more-data4": "1080p recording upto 60p",
        "more-data5": "2 Year Warranty",
        "new-price": "₹64,644",
        "old-price": "₹66,750",
        "discount": "3% off"
    },
    {
        "description": "POZUB 3 in1 Multi-Purpose Bluetooth Extendable Wireless Remote Selfie Stick Tripod Stand + Dustproof B...",
        "image": "https://rukminim2.flixcart.com/image/312/312/ktx9si80/camera/e/g/b/stand-3-in1-multi-purpose-bluetooth-extendable-wireless-remote-original-imag75y4pybw9dxf.jpeg",
        "stars": "3.9",
        "ratings": "21 Ratings ",
        "reviews": " 1 Reviews",
        "more-data": "Effective Pixels: 0 MP",
        "more-data2": "Optical Zoom: 0",
        "more-data3": "Sensor Type: CCD | LCD Size: 0 inch",
        "more-data4": "Max Shutter Speed: 0",
        "new-price": "₹397"
    },
    {
        "description": "Panasonic G Series DC-G95HGW-K Mirrorless Camera G95 with 14-140mm lens",
        "image": "https://rukminim2.flixcart.com/image/312/312/jynat8w0/dslr-camera/y/z/g/dc-g95hgw-k-dc-g95hgw-k-panasonic-original-imafgu2j4nauf2na.jpeg",
        "stars": "4.3",
        "ratings": "3 Ratings ",
        "reviews": " 0 Reviews",
        "more-data": "Effective Pixels: 20 MP",
        "more-data2": "Sensor Type: MOS",
        "more-data3": "WiFi Available",
        "more-data4": "4K",
        "more-data5": "2 Years Warranty Provided by the Manufacturer from Date of Purchase",
        "new-price": "₹99,251",
        "old-price": "₹1,09,990",
        "discount": "9% off",
        "delivery-type": "Free delivery"
    },
    {
        "description": "NIKON D3500 DSLR Camera AF-P DX NIKKOR 18-55mm f/3.5-5.6G VR",
        "image": "https://rukminim2.flixcart.com/image/312/312/jmjhifk0/dslr-camera/f/g/t/na-d3500-nikon-original-imaf9fgtzqxgtk5s.jpeg",
        "stars": "4.6",
        "ratings": "13,786 Ratings ",
        "reviews": " 2,164 Reviews",
        "more-data": "Effective Pixels: 24.2 MP",
        "more-data2": "Sensor Type: CMOS",
        "more-data3": "1080p recording at 60p",
        "more-data4": "2 Year Warranty",
        "new-price": "₹36,250"
    },
    {
        "description": "OLYMPUS OM-D E-M1 Mark II Mirrorless Camera digital ED 12-40mm f2.8 PRO Lens",
        "image": "https://rukminim2.flixcart.com/image/312/312/jpsnma80/dslr-camera/g/y/2/12-40mm-f2-8-pro-lens-mark-ii-olympus-original-imafbxpwfugzjnny.jpeg",
        "more-data": "Effective Pixels: 16.1",
        "more-data2": "Sensor Type: CMOS",
        "more-data3": "WiFi Available",
        "more-data4": "1920 x 1080p at 24/25/30/50/60 fps, 1280 x 720p at 24/25/30/50/60 fps, 640 x 480p at 30 fps (M-JPEG), 1280 x 720p at 30 fps (M-JPEG)",
        "more-data5": "1 year",
        "new-price": "₹1,48,314",
        "old-price": "₹1,81,990",
        "discount": "18% off",
        "delivery-type": "Free delivery"
    },
    {
        "description": "NIKON Z6 II Kit Mirrorless Camera 24-70mm F/4S with 64GB UHS-II High Speed SD Card",
        "image": "https://rukminim2.flixcart.com/image/312/312/kq9ta4w0/dslr-camera/w/z/n/z6-ii-z6-ii-kit-nikon-original-imag4btqjmu73zfk.jpeg",
        "stars": "3.8",
        "ratings": "13 Ratings ",
        "reviews": " 1 Reviews",
        "more-data": "Effective Pixels: 24.5 MP",
        "more-data2": "Sensor Type: CMOS",
        "more-data3": "WiFi Available",
        "more-data4": "H.264/MPEG-4 Advanced Video Coding",
        "more-data5": "2 Year Warranty",
        "new-price": "₹1,86,074",
        "old-price": "₹2,09,995",
        "discount": "11% off",
        "delivery-type": "Free delivery"
    },
    {
        "description": "NIKON Z7 II Kit Mirrorless Camera 24-70mm F/4S with 64GB UHS-II SD Card",
        "image": "https://rukminim2.flixcart.com/image/312/312/kq9ta4w0/dslr-camera/r/1/y/z7-ii-z7-ii-kit-nikon-original-imag4btqp52rdzgp.jpeg",
        "stars": "5",
        "ratings": "4 Ratings ",
        "reviews": " 0 Reviews",
        "more-data": "Effective Pixels: 45.7 MP",
        "more-data2": "Sensor Type: CMOS",
        "more-data3": "WiFi Available",
        "more-data4": "H.264/MPEG-4 Advanced Video Coding",
        "more-data5": "2 Year Limited Nikon India Warranty",
        "new-price": "₹2,73,599",
        "old-price": "₹2,94,995",
        "discount": "7% off",
        "delivery-type": "Free delivery"
    },
    {
        "description": "FUJIFILM X Series X-S10 Mirrorless Camera Body Only",
        "image": "https://rukminim2.flixcart.com/image/312/312/khuvxjk0/dslr-camera/c/g/s/x-s10-x-s10-fujifilm-original-imafxsdjfh7cyexv.jpeg",
        "stars": "5",
        "ratings": "13 Ratings ",
        "reviews": " 3 Reviews",
        "more-data": "Effective Pixels: 26.1 MP",
        "more-data2": "Sensor Type: BSI CMOS",
        "more-data3": "WiFi Available",
        "more-data4": "4K",
        "more-data5": "2 Year Warranty",
        "new-price": "₹92,999",
        "old-price": "₹99,999",
        "discount": "7% off",
        "delivery-type": "Free delivery"
    },
    {
        "description": "FUJIFILM X-T3 Mirrorless Camera Body with 16-80 Lens Kit",
        "image": "https://rukminim2.flixcart.com/image/312/312/kc3p30w0/dslr-camera/b/f/d/x-t3-x-t3-fujifilm-original-imaftaxcpmh9jsf2.jpeg",
        "stars": "4.2",
        "ratings": "5 Ratings ",
        "reviews": " 0 Reviews",
        "more-data": "Effective Pixels: 26.1 MP",
        "more-data2": "Sensor Type: CMOS",
        "more-data3": "WiFi Available",
        "more-data4": "4K (3840 x 2160) & FULL HD (1920 x 1080)",
        "more-data5": "2 Years Warranty",
        "new-price": "₹1,57,999",
        "old-price": "₹1,69,999",
        "discount": "7% off",
        "delivery-type": "Free delivery"
    },
    {
        "description": "NIKON Z 7 Mirrorless Camera Body + 24-70mm Lens and Mount Adapter",
        "image": "https://rukminim2.flixcart.com/image/312/312/jpa2w7k0/dslr-camera/h/d/a/na-z-7-nikon-original-imafbk5why7spkrs.jpeg",
        "stars": "5",
        "ratings": "5 Ratings ",
        "reviews": " 2 Reviews",
        "more-data": "Effective Pixels: 45.7 MP",
        "more-data2": "Sensor Type: CMOS",
        "more-data3": "WiFi Available",
        "more-data4": "Full HD",
        "more-data5": "2 Years Warranty",
        "new-price": "₹2,69,999",
        "old-price": "₹2,82,950",
        "discount": "4% off",
        "delivery-type": "Free delivery"
    },
    {
        "description": "Canon EOS 7D Mark II DSLR Camera (Body only)",
        "image": "https://rukminim2.flixcart.com/image/312/312/camera/s/q/f/canon-eos-7d-mark-ii-body-dslr-original-imae3yryhwq7fgyx.jpeg",
        "stars": "4.1",
        "ratings": "20 Ratings ",
        "reviews": " 6 Reviews",
        "more-data": "Effective Pixels: 20.2 MP",
        "more-data2": "Sensor Type: CMOS",
        "more-data3": "Full HD",
        "more-data4": "2 Years Canon India Warranty and Free Transit Insurance",
        "new-price": "₹99,999",
        "old-price": "₹1,24,995",
        "discount": "19% off",
        "delivery-type": "Free delivery"
    },
    {
        "description": "NIKON Z 7 Mirrorless Camera Body with Mount Adapter FTZ",
        "image": "https://rukminim2.flixcart.com/image/312/312/jpa2w7k0/dslr-camera/g/j/h/na-z-7-nikon-original-imafbk55rzz7efgf.jpeg",
        "stars": "5",
        "ratings": "5 Ratings ",
        "reviews": " 2 Reviews",
        "more-data": "Effective Pixels: 45.7 MP",
        "more-data2": "Sensor Type: CMOS",
        "more-data3": "WiFi Available",
        "more-data4": "Full HD",
        "more-data5": "2 Years Warranty",
        "new-price": "₹2,29,999",
        "old-price": "₹2,41,450",
        "discount": "4% off",
        "delivery-type": "Free delivery"
    }
]