[
    {
        "description": "Lenovo IdeaPad 3 Core i3 10th Gen - (8 GB/256 GB SSD/Windows 11 Home) 15IML05 Thin and Light Laptop",
        "image": "https://rukminim2.flixcart.com/image/312/312/keaaavk0/computer/x/m/y/lenovo-na-laptop-original-imafuzt8r5jqppfn.jpeg",
        "stars": "4.3",
        "ratings": "2,602 Ratings ",
        "reviews": " 279 Reviews",
        "more-data": "Intel Core i3 Processor (10th Gen)",
        "more-data2": "8 GB DDR4 RAM",
        "more-data3": "Windows 11 Operating System",
        "more-data4": "256 GB SSD",
        "more-data5": "39.62 cm (15.6 Inch) Display",
        "more-data6": "Microsoft Office Home & Student 2019",
        "more-data7": "2 Years Warranty",
        "new-price": "₹34,990",
        "old-price": "₹56,590",
        "discount": "38% off",
        "delivery-type": "Free delivery",
        "offer": "₹18,100",
        "offer2": " Off on Exchange"
    },
    {
        "description": "HP Core i3 11th Gen - (8 GB/512 GB SSD/Windows 11 Home) 15s-fq2629TU Thin and Light Laptop",
        "image": "https://rukminim2.flixcart.com/image/312/312/l2jcccw0/computer/s/k/0/-original-imagdus5mrsgjepa.jpeg",
        "stars": "4.3",
        "ratings": "809 Ratings ",
        "reviews": " 81 Reviews",
        "more-data": "Intel Core i3 Processor (11th Gen)",
        "more-data2": "8 GB DDR4 RAM",
        "more-data3": "64 bit Windows 11 Operating System",
        "more-data4": "512 GB SSD",
        "more-data5": "39.62 cm (15.6 inch) Display",
        "more-data6": "\"Microsoft Office Home & Student 2019, HP Documentation, HP SSRM, HP Smart \"",
        "more-data7": "1 Year Onsite Warranty",
        "new-price": "₹41,990",
        "old-price": "₹54,051",
        "discount": "22% off",
        "delivery-type": "Free delivery",
        "offer": "₹18,100",
        "offer2": " Off on Exchange"
    },
    {
        "description": "HP Core i3 11th Gen - (8 GB/256 GB SSD/Windows 11 Home) 14s- dy2506TU Thin and Light Laptop",
        "image": "https://rukminim2.flixcart.com/image/312/312/l0zm64w0/computer/k/h/m/14s-dq2606tu-thin-and-light-laptop-hp-original-imagcnsfnrzvzbs6.jpeg",
        "stars": "4.3",
        "ratings": "885 Ratings ",
        "reviews": " 101 Reviews",
        "more-data": "Intel Core i3 Processor (11th Gen)",
        "more-data2": "8 GB DDR4 RAM",
        "more-data3": "64 bit Windows 11 Operating System",
        "more-data4": "256 GB SSD",
        "more-data5": "35.56 cm (14 inch) Display",
        "more-data6": "Microsoft Office Home & Student 2019",
        "more-data7": "1 Year Onsite Warranty",
        "new-price": "₹37,990",
        "old-price": "₹48,933",
        "discount": "22% off",
        "delivery-type": "Free delivery",
        "offer": "₹18,100",
        "offer2": " Off on Exchange"
    },
    {
        "description": "ASUS VivoBook 15 Core i3 10th Gen - (8 GB/1 TB HDD/Windows 11 Home) X515JA-BQ302W Thin and Light Lapto...",
        "image": "https://rukminim2.flixcart.com/image/312/312/kp2y2kw0/computer/y/0/c/na-thin-and-light-laptop-asus-original-imag3ebnzawky4kn.jpeg",
        "stars": "3.8",
        "ratings": "37 Ratings ",
        "reviews": " 6 Reviews",
        "more-data": "Intel Core i3 Processor (10th Gen)",
        "more-data2": "8 GB DDR4 RAM",
        "more-data3": "64 bit Windows 11 Operating System",
        "more-data4": "1 TB HDD",
        "more-data5": "39.62 cm (15.6 inch) Display",
        "more-data6": "1 Year Onsite Warranty",
        "new-price": "₹30,990",
        "old-price": "₹43,990",
        "discount": "29% off"
    },
    {
        "description": "HP Ryzen 3 Dual Core 3250U - (8 GB/256 GB SSD/Windows 10 Home) 15s-GY0501AU Thin and Light Laptop",
        "image": "https://rukminim2.flixcart.com/image/312/312/ktaeqvk0/computer/b/7/4/15s-gy0501au-thin-and-light-laptop-hp-original-imag6z6muntqnzzc.jpeg",
        "stars": "4.3",
        "ratings": "2,567 Ratings ",
        "reviews": " 279 Reviews",
        "more-data": "AMD Ryzen 3 Dual Core Processor",
        "more-data2": "8 GB DDR4 RAM",
        "more-data3": "64 bit Windows 11 Operating System",
        "more-data4": "256 GB SSD",
        "more-data5": "39.62 cm (15.6 inch) Display",
        "more-data6": "Office Home and Student 2019 included",
        "more-data7": "1 Year Onsite Warranty",
        "new-price": "₹33,990",
        "old-price": "₹46,055",
        "discount": "26% off",
        "delivery-type": "Free delivery",
        "offer": "₹18,100",
        "offer2": " Off on Exchange"
    },
    {
        "description": "acer Aspire 3 Core i3 11th Gen - (8 GB/512 GB SSD/Windows 11 Home) A315-58 Notebook",
        "image": "https://rukminim2.flixcart.com/image/312/312/kybvo280/computer/z/i/b/-original-imagah7x7pezegh7.jpeg",
        "more-data": "Intel Core i3 Processor (11th Gen)",
        "more-data2": "8 GB DDR4 RAM",
        "more-data3": "64 bit Windows 11 Operating System",
        "more-data4": "512 GB SSD",
        "more-data5": "39.62 cm (15.6 Inch) Display",
        "more-data6": "1 Year International Travelers Warranty (ITW)",
        "new-price": "₹38,990",
        "old-price": "₹55,999",
        "discount": "30% off",
        "delivery-type": "Free delivery",
        "offer": "₹18,100",
        "offer2": " Off on Exchange"
    },
    {
        "description": "Infinix INBook X1 Core i3 10th Gen - (8 GB/256 GB SSD/Windows 11 Home) XL11 Thin and Light Laptop",
        "image": "https://rukminim2.flixcart.com/image/312/312/kw104nk0/computer/z/7/t/inbook-x1-pro-thin-and-light-laptop-infinix-original-imag8shw6pfzuc4e.jpeg",
        "stars": "4.3",
        "ratings": "2,676 Ratings ",
        "reviews": " 537 Reviews",
        "more-data": "Intel Core i3 Processor (10th Gen)",
        "more-data2": "8 GB LPDDR4X RAM",
        "more-data3": "64 bit Windows 11 Operating System",
        "more-data4": "256 GB SSD",
        "more-data5": "35.56 cm (14 inch) Display",
        "more-data6": "1 year Onsite Warranty",
        "new-price": "₹29,990",
        "old-price": "₹49,999",
        "discount": "40% off"
    },
    {
        "description": "Lenovo Core i3 10th Gen - (8 GB/512 GB SSD/Windows 11 Home) 15IML05 Thin and Light Laptop",
        "image": "https://rukminim2.flixcart.com/image/312/312/keaaavk0/computer/x/m/y/lenovo-na-laptop-original-imafuzt8r5jqppfn.jpeg",
        "stars": "4.4",
        "ratings": "113 Ratings ",
        "reviews": " 11 Reviews",
        "more-data": "Intel Core i3 Processor (10th Gen)",
        "more-data2": "8 GB DDR4 RAM",
        "more-data3": "64 bit Windows 11 Operating System",
        "more-data4": "512 GB SSD",
        "more-data5": "39.62 cm (15.6 inch) Display",
        "more-data6": "Office Home and Student 2021",
        "more-data7": "2 Years Warranty",
        "new-price": "₹36,990",
        "old-price": "₹62,190",
        "discount": "40% off",
        "delivery-type": "Free delivery",
        "offer": "Upto ",
        "offer2": "₹18,100"
    },
    {
        "description": "acer Aspire 3 Dual Core 3020e - (4 GB/256 GB SSD/Windows 11 Home) A314-22 Laptop",
        "image": "https://rukminim2.flixcart.com/image/312/312/l1fc0i80/computer/v/h/e/-original-imagczgsyhftj2zz.jpeg",
        "stars": "4.1",
        "ratings": "28 Ratings ",
        "reviews": " 4 Reviews",
        "more-data": "AMD Dual Core Processor",
        "more-data2": "4 GB DDR4 RAM",
        "more-data3": "64 bit Windows 11 Operating System",
        "more-data4": "256 GB SSD",
        "more-data5": "35.56 cm (14 Inch) Display",
        "more-data6": "Acer Care Center, Quick Access, Acer Product Registration",
        "more-data7": "1 Year International Travelers Warranty (ITW)",
        "new-price": "₹24,990",
        "old-price": "₹34,999",
        "discount": "28% off",
        "delivery-type": "Free delivery"
    },
    {
        "description": "HP Ryzen 5 Hexa Core 5500U - (8 GB/512 GB SSD/Windows 11 Home) 14s-fq1092au Thin and Light Laptop",
        "image": "https://rukminim2.flixcart.com/image/312/312/l2rwzgw0/computer/m/k/o/-original-imagefmhxu9rmfjq.jpeg",
        "stars": "4.4",
        "ratings": "395 Ratings ",
        "reviews": " 54 Reviews",
        "more-data": "AMD Ryzen 5 Hexa Core Processor",
        "more-data2": "8 GB DDR4 RAM",
        "more-data3": "64 bit Windows 11 Operating System",
        "more-data4": "512 GB SSD",
        "more-data5": "35.56 cm (14 inch) Display",
        "more-data6": "Microsoft Office Home & Student 2019, HP Documentation, HP SSRM, HP Smart \"",
        "more-data7": "1 Year Onsite Warranty",
        "new-price": "₹47,990",
        "old-price": "₹57,042",
        "discount": "15% off",
        "delivery-type": "Free delivery",
        "offer": "₹18,100",
        "offer2": " Off on Exchange"
    },
    {
        "description": "DELL Vostro Core i3 11th Gen - (4 GB/1 TB HDD/256 GB SSD/Windows 11 Home) Vostro 3400 Thin and Light L...",
        "image": "https://rukminim2.flixcart.com/image/312/312/krf91u80/computer/2/m/b/na-thin-and-light-laptop-dell-original-imag585xzyrystrc.jpeg",
        "more-data": "Intel Core i3 Processor (11th Gen)",
        "more-data2": "4 GB DDR4 RAM",
        "more-data3": "64 bit Windows 11 Operating System",
        "more-data4": "1 TB HDD|256 GB SSD",
        "more-data5": "35.56 cm (14 inch) Display",
        "more-data6": "Microsoft Office Home and Student 2021",
        "more-data7": "1 Year Onsite Warranty",
        "new-price": "₹35,999",
        "old-price": "₹56,743",
        "discount": "36% off",
        "delivery-type": "Free delivery",
        "offer": "₹18,100",
        "offer2": " Off on Exchange"
    },
    {
        "description": "Lenovo IdeaPad 3 Core i3 11th Gen - (8 GB/512 GB SSD/Windows 11 Home) 15ITL6 Thin and Light Laptop",
        "image": "https://rukminim2.flixcart.com/image/312/312/keaaavk0/computer/x/m/y/lenovo-na-laptop-original-imafuzt8r5jqppfn.jpeg",
        "stars": "4.3",
        "ratings": "585 Ratings ",
        "reviews": " 58 Reviews",
        "more-data": "Intel Core i3 Processor (11th Gen)",
        "more-data2": "8 GB DDR4 RAM",
        "more-data3": "64 bit Windows 11 Operating System",
        "more-data4": "512 GB SSD",
        "more-data5": "39.62 cm (15.6 inch) Display",
        "more-data6": "Office Home and Student 2021",
        "more-data7": "2 Years Warranty",
        "new-price": "₹41,990",
        "old-price": "₹64,490",
        "discount": "34% off",
        "delivery-type": "Free delivery",
        "offer": "₹18,100",
        "offer2": " Off on Exchange"
    },
    {
        "description": "ASUS VivoBook 15 (2022) Core i3 10th Gen - (4 GB/512 GB SSD/Windows 11 Home) X515JA-EJ372WS Thin and L...",
        "image": "https://rukminim2.flixcart.com/image/312/312/kp2y2kw0/computer/y/0/c/na-thin-and-light-laptop-asus-original-imag3ebnzawky4kn.jpeg",
        "stars": "4.4",
        "ratings": "273 Ratings ",
        "reviews": " 28 Reviews",
        "more-data": "Intel Core i3 Processor (10th Gen)",
        "more-data2": "4 GB DDR4 RAM",
        "more-data3": "64 bit Windows 11 Operating System",
        "more-data4": "512 GB SSD",
        "more-data5": "39.62 cm (15.6 inch) Display",
        "more-data6": "Office Home and Student 2021",
        "more-data7": "1 Year Onsite Warranty",
        "new-price": "₹34,990",
        "old-price": "₹49,990",
        "discount": "30% off",
        "delivery-type": "Free delivery",
        "offer": "₹18,100",
        "offer2": " Off on Exchange"
    },
    {
        "description": "ASUS VivoBook 15 (2022) Core i3 10th Gen - (8 GB/512 GB SSD/Windows 11 Home) X515JA-EJ362WS Thin and L...",
        "image": "https://rukminim2.flixcart.com/image/312/312/kp2y2kw0/computer/y/0/c/na-thin-and-light-laptop-asus-original-imag3ebnzawky4kn.jpeg",
        "stars": "4.3",
        "ratings": "1,561 Ratings ",
        "reviews": " 175 Reviews",
        "more-data": "Intel Core i3 Processor (10th Gen)",
        "more-data2": "8 GB DDR4 RAM",
        "more-data3": "64 bit Windows 11 Operating System",
        "more-data4": "512 GB SSD",
        "more-data5": "39.62 cm (15.6 inch) Display",
        "more-data6": "Office Home and Student 2021",
        "more-data7": "1 Year Onsite Warranty",
        "new-price": "₹38,990",
        "old-price": "₹50,990",
        "discount": "23% off",
        "delivery-type": "Free delivery",
        "offer": "₹18,100",
        "offer2": " Off on Exchange"
    },
    {
        "description": "DELL Vostro Core i3 10th Gen - (8 GB/1 TB HDD/256 GB SSD/Windows 11 Home) Vostro 3510, X9K0T Thin and ...",
        "image": "https://rukminim2.flixcart.com/image/312/312/l13whow0/computer/s/e/r/-original-imagcr7j9zvqpjeq.jpeg",
        "stars": "4.2",
        "ratings": "347 Ratings ",
        "reviews": " 47 Reviews",
        "more-data": "Intel Core i3 Processor (10th Gen)",
        "more-data2": "8 GB DDR4 RAM",
        "more-data3": "64 bit Windows 11 Operating System",
        "more-data4": "1 TB HDD|256 GB SSD",
        "more-data5": "39.62 cm (15.6 inch) Display",
        "more-data6": "Microsoft Office Home & Student 2021",
        "more-data7": "1 Year Onsite Warranty",
        "new-price": "₹40,990",
        "old-price": "₹54,781",
        "discount": "25% off",
        "delivery-type": "Free delivery"
    },
    {
        "description": "ASUS VivoBook 15 (2022) Core i5 11th Gen - (8 GB/1 TB HDD/256 GB SSD/Windows 10 Home) X515EA-EJ502TS T...",
        "image": "https://rukminim2.flixcart.com/image/312/312/kp2y2kw0/computer/y/0/c/na-thin-and-light-laptop-asus-original-imag3ebnzawky4kn.jpeg",
        "stars": "4.3",
        "ratings": "1,421 Ratings ",
        "reviews": " 146 Reviews",
        "more-data": "Intel Core i5 Processor (11th Gen)",
        "more-data2": "8 GB DDR4 RAM",
        "more-data3": "Windows 10 Operating System",
        "more-data4": "1 TB HDD|256 GB SSD",
        "more-data5": "39.62 cm (15.6 inch) Display",
        "more-data6": "Microsoft Office Home & Student 2019",
        "more-data7": "1 Year Onsite Warranty",
        "new-price": "₹50,990",
        "old-price": "₹70,990",
        "discount": "28% off",
        "delivery-type": "Free delivery",
        "offer": "₹18,100",
        "offer2": " Off on Exchange"
    },
    {
        "description": "ASUS VivoBook 14 (2021) Celeron Dual Core - (4 GB/256 GB SSD/Windows 11 Home) X415MA-BV011W Thin and L...",
        "image": "https://rukminim2.flixcart.com/image/312/312/l2m78280/computer/z/e/f/-original-imagdx9szs8xz2rk.jpeg",
        "stars": "4.3",
        "ratings": "10 Ratings ",
        "reviews": " 0 Reviews",
        "more-data": "Intel Celeron Dual Core Processor",
        "more-data2": "4 GB DDR4 RAM",
        "more-data3": "64 bit Windows 11 Operating System",
        "more-data4": "256 GB SSD",
        "more-data5": "35.56 cm (14 inch) Display",
        "more-data6": "1 Year Onsite Warranty",
        "new-price": "₹25,990",
        "old-price": "₹33,990",
        "discount": "23% off",
        "delivery-type": "Free delivery"
    },
    {
        "description": "ASUS VivoBook 15 (2021) Core i3 11th Gen - (8 GB/1 TB HDD/256 GB SSD/Windows 11 Home) X515EA-EJ332WS T...",
        "image": "https://rukminim2.flixcart.com/image/312/312/kp2y2kw0/computer/y/0/c/na-thin-and-light-laptop-asus-original-imag3ebnzawky4kn.jpeg",
        "stars": "4.2",
        "ratings": "47 Ratings ",
        "reviews": " 6 Reviews",
        "more-data": "Intel Core i3 Processor (11th Gen)",
        "more-data2": "8 GB DDR4 RAM",
        "more-data3": "64 bit Windows 11 Operating System",
        "more-data4": "1 TB HDD|256 GB SSD",
        "more-data5": "39.62 cm (15.6 inch) Display",
        "more-data6": "Office Home and Student 2021",
        "more-data7": "1 Year Onsite Warranty",
        "new-price": "₹40,990",
        "old-price": "₹54,990",
        "discount": "25% off",
        "delivery-type": "Free delivery"
    },
    {
        "description": "HP Core i3 11th Gen - (8 GB/512 GB SSD/Windows 11 Home) 15s-fq2627TU Thin and Light Laptop",
        "image": "https://rukminim2.flixcart.com/image/312/312/kzrbiq80/computer/v/d/d/15s-fq2626tu-thin-and-light-laptop-hp-original-imagbpb2sztfprgz.jpeg",
        "stars": "4.2",
        "ratings": "141 Ratings ",
        "reviews": " 17 Reviews",
        "more-data": "Intel Core i3 Processor (11th Gen)",
        "more-data2": "8 GB DDR4 RAM",
        "more-data3": "64 bit Windows 11 Operating System",
        "more-data4": "512 GB SSD",
        "more-data5": "39.62 cm (15.6 Inch) Display",
        "more-data6": "1 Year Onsite Warranty",
        "new-price": "₹40,990",
        "old-price": "₹51,506",
        "discount": "20% off",
        "delivery-type": "Free delivery"
    },
    {
        "description": "ASUS VivoBook 14 (2022) Core i5 11th Gen - (8 GB/1 TB HDD/256 GB SSD/Windows 11 Home) X415EA-EB572WS T...",
        "image": "https://rukminim2.flixcart.com/image/312/312/l2m78280/computer/z/e/f/-original-imagdx9szs8xz2rk.jpeg",
        "stars": "4.2",
        "ratings": "119 Ratings ",
        "reviews": " 9 Reviews",
        "more-data": "Intel Core i5 Processor (11th Gen)",
        "more-data2": "8 GB DDR4 RAM",
        "more-data3": "64 bit Windows 11 Operating System",
        "more-data4": "1 TB HDD|256 GB SSD",
        "more-data5": "35.56 cm (14 inch) Display",
        "more-data6": "Office Home and Student 2021",
        "more-data7": "1 Year Onsite Warranty",
        "new-price": "₹49,990",
        "old-price": "₹72,990",
        "discount": "31% off",
        "delivery-type": "Free delivery",
        "offer": "₹18,100",
        "offer2": " Off on Exchange"
    },
    {
        "description": "DELL Inspiron Pentium Silver - (8 GB/256 GB SSD/Windows 11 Home) Inspiron 3521 Notebook",
        "image": "https://rukminim2.flixcart.com/image/312/312/l1dwknk0/computer/3/w/s/inspiron-3521-notebook-dell-original-imagcyrhxaybghra.jpeg",
        "stars": "4.1",
        "ratings": "29 Ratings ",
        "reviews": " 4 Reviews",
        "more-data": "Intel Pentium Silver Processor",
        "more-data2": "8 GB DDR4 RAM",
        "more-data3": "64 bit Windows 11 Operating System",
        "more-data4": "256 GB SSD",
        "more-data5": "39.62 cm (15.6 Inch) Display",
        "more-data6": "1 Year Onsite Warranty",
        "new-price": "₹32,999",
        "old-price": "₹43,494",
        "discount": "24% off",
        "delivery-type": "Free delivery"
    },
    {
        "description": "DELL Inspiron Athlon Dual Core 3050U - (8 GB/256 GB SSD/Windows 11 Home) Inspiron 3525 Notebook",
        "image": "https://rukminim2.flixcart.com/image/312/312/l1dwknk0/computer/e/u/0/inspiron-3525-notebook-dell-original-imagcyrebyny33kd.jpeg",
        "stars": "4.2",
        "ratings": "55 Ratings ",
        "reviews": " 0 Reviews",
        "more-data": "AMD Athlon Dual Core Processor",
        "more-data2": "8 GB DDR4 RAM",
        "more-data3": "64 bit Windows 11 Operating System",
        "more-data4": "256 GB SSD",
        "more-data5": "39.62 cm (15.6 Inch) Display",
        "more-data6": "1 Year Onsite Warranty",
        "new-price": "₹30,990",
        "old-price": "₹46,263",
        "discount": "33% off",
        "delivery-type": "Free delivery"
    },
    {
        "description": "HP Pavilion Ryzen 5 Hexa Core 5600H - (8 GB/512 GB SSD/Windows 10/4 GB Graphics/NVIDIA GeForce GTX 165...",
        "image": "https://rukminim2.flixcart.com/image/312/312/kbqu4cw0/computer/q/x/r/hp-original-imaftyzachgrav8f.jpeg",
        "stars": "4.5",
        "ratings": "5,815 Ratings ",
        "reviews": " 639 Reviews",
        "more-data": "AMD Ryzen 5 Hexa Core Processor",
        "more-data2": "8 GB DDR4 RAM",
        "more-data3": "64 bit Windows 10 Operating System",
        "more-data4": "512 GB SSD",
        "more-data5": "39.62 cm (15.6 inch) Display",
        "more-data6": "HP Documentation, HP e-service, HP BIOS Recovery, HP SSRM, HP Smart, HP Jumpstarts",
        "more-data7": "1 Year Onsite Warranty",
        "new-price": "₹57,990",
        "old-price": "₹76,021",
        "discount": "23% off",
        "delivery-type": "Free delivery",
        "offer": "₹18,100",
        "offer2": " Off on Exchange"
    },
    {
        "description": "Lenovo IdeaPad 3 Core i5 10th Gen - (8 GB/512 GB SSD/Windows 10 Home) 15IML05 Thin and Light Laptop",
        "image": "https://rukminim2.flixcart.com/image/312/312/keaaavk0/computer/x/m/y/lenovo-na-laptop-original-imafuzt8r5jqppfn.jpeg",
        "stars": "4.1",
        "ratings": "186 Ratings ",
        "reviews": " 17 Reviews",
        "more-data": "Intel Core i5 Processor (10th Gen)",
        "more-data2": "8 GB DDR4 RAM",
        "more-data3": "Windows 10 Operating System",
        "more-data4": "512 GB SSD",
        "more-data5": "39.62 cm (15.6 Inch) Display",
        "more-data6": "Microsoft Office Home & Student 2019",
        "more-data7": "2 Years Warranty",
        "new-price": "₹45,990",
        "old-price": "₹64,290",
        "discount": "28% off",
        "delivery-type": "Free delivery",
        "offer": "₹18,100",
        "offer2": " Off on Exchange"
    },
    {
        "description": "Infinix INBook X1 Core i5 10th Gen - (8 GB/512 GB SSD/Windows 11 Home) XL11 Thin and Light Laptop",
        "image": "https://rukminim2.flixcart.com/image/312/312/kw104nk0/computer/z/7/t/inbook-x1-pro-thin-and-light-laptop-infinix-original-imag8shw6pfzuc4e.jpeg",
        "stars": "4.1",
        "ratings": "669 Ratings ",
        "reviews": " 106 Reviews",
        "more-data": "Intel Core i5 Processor (10th Gen)",
        "more-data2": "8 GB LPDDR4X RAM",
        "more-data3": "64 bit Windows 11 Operating System",
        "more-data4": "512 GB SSD",
        "more-data5": "35.56 cm (14 inch) Display",
        "more-data6": "1 year Onsite Warranty",
        "new-price": "₹39,990",
        "old-price": "₹59,999",
        "discount": "33% off",
        "delivery-type": "Free delivery",
        "offer": "₹18,100",
        "offer2": " Off on Exchange"
    },
    {
        "description": "HP Ryzen 3 Quad Core 5300U - (8 GB/512 GB SSD/Windows 11 Home) 14s-fq1089au Thin and Light Laptop",
        "image": "https://rukminim2.flixcart.com/image/312/312/kyt0ya80/computer/y/t/q/14s-fq1089au-thin-and-light-laptop-hp-original-imagayfyth9f3xd8.jpeg",
        "stars": "4.5",
        "ratings": "276 Ratings ",
        "reviews": " 50 Reviews",
        "more-data": "AMD Ryzen 3 Quad Core Processor",
        "more-data2": "8 GB DDR4 RAM",
        "more-data3": "64 bit Windows 11 Operating System",
        "more-data4": "512 GB SSD",
        "more-data5": "35.56 cm (14 Inch) Display",
        "more-data6": "1 Year onsite warranty",
        "new-price": "₹39,990",
        "old-price": "₹50,597",
        "discount": "20% off",
        "delivery-type": "Free delivery"
    },
    {
        "description": "ASUS VivoBook 15 (2021) Core i5 10th Gen - (8 GB/512 GB SSD/Windows 11 Home) X515JA-BQ521WS Thin and L...",
        "image": "https://rukminim2.flixcart.com/image/312/312/kp2y2kw0/computer/y/0/c/na-thin-and-light-laptop-asus-original-imag3ebnzawky4kn.jpeg",
        "more-data": "Intel Core i5 Processor (10th Gen)",
        "more-data2": "8 GB DDR4 RAM",
        "more-data3": "64 bit Windows 11 Operating System",
        "more-data4": "512 GB SSD",
        "more-data5": "39.62 cm (15.6 inch) Display",
        "more-data6": "Office Home and Student 2021",
        "more-data7": "1 Year Onsite Warranty",
        "new-price": "₹47,990",
        "old-price": "₹64,990",
        "discount": "26% off",
        "delivery-type": "Free delivery"
    },
    {
        "description": "DELL Vostro Core i3 11th Gen - (4 GB/1 TB HDD/256 GB SSD/Windows 10 Home) Vostro 3400 Thin and Light L...",
        "image": "https://rukminim2.flixcart.com/image/312/312/ksyz8280/computer/b/7/0/na-thin-and-light-laptop-dell-original-imag6f5zes6jhdzk.jpeg",
        "stars": "3.9",
        "ratings": "187 Ratings ",
        "reviews": " 13 Reviews",
        "more-data": "Intel Core i3 Processor (11th Gen)",
        "more-data2": "4 GB DDR4 RAM",
        "more-data3": "64 bit Windows 10 Operating System",
        "more-data4": "1 TB HDD|256 GB SSD",
        "more-data5": "35.56 cm (14 inch) Display",
        "more-data6": "Microsoft Office Home and Student 2019",
        "more-data7": "1 Year Limited Hardware Warranty, In Home Service After Remote Diagnosis - Retail",
        "new-price": "₹34,990",
        "old-price": "₹45,810",
        "discount": "23% off",
        "delivery-type": "Free delivery",
        "offer": "₹18,100",
        "offer2": " Off on Exchange"
    },
    {
        "description": "Lenovo IdeaPad Core i3 10th Gen - (4 GB/256 GB SSD/Windows 11 Home) IdeaPad 3 14IIL05 Thin and Light L...",
        "image": "https://rukminim2.flixcart.com/image/312/312/ku4ezrk0/computer/h/x/8/14iil05-thin-and-light-laptop-lenovo-original-imag7anttggbgmzm.jpeg",
        "stars": "4",
        "ratings": "6 Ratings ",
        "reviews": " 1 Reviews",
        "more-data": "Intel Core i3 Processor (10th Gen)",
        "more-data2": "4 GB DDR4 RAM",
        "more-data3": "64 bit Windows 11 Operating System",
        "more-data4": "256 GB SSD",
        "more-data5": "35.56 cm (14 Inch) Display",
        "more-data6": "2 Years Warranty",
        "new-price": "₹31,990",
        "old-price": "₹53,790",
        "discount": "40% off",
        "delivery-type": "Free delivery",
        "offer": "₹18,100",
        "offer2": " Off on Exchange"
    },
    {
        "description": "DELL Vostro Ryzen 3 Dual Core R3-3250U - (8 GB/1 TB HDD/Windows 11 Home) Vostro 3405 Thin and Light La...",
        "image": "https://rukminim2.flixcart.com/image/312/312/krf91u80/computer/2/m/b/na-thin-and-light-laptop-dell-original-imag585xzyrystrc.jpeg",
        "stars": "4",
        "ratings": "175 Ratings ",
        "reviews": " 22 Reviews",
        "more-data": "AMD Ryzen 3 Dual Core Processor",
        "more-data2": "8 GB DDR4 RAM",
        "more-data3": "64 bit Windows 11 Operating System",
        "more-data4": "1 TB HDD",
        "more-data5": "35.56 cm (14 inch) Display",
        "more-data6": "Microsoft Office Home and Student 2021",
        "more-data7": "1 Year Onsite Warranty1 Year Onsite Warranty",
        "new-price": "₹33,990",
        "old-price": "₹50,651",
        "discount": "32% off",
        "delivery-type": "Free delivery",
        "offer": "₹18,100",
        "offer2": " Off on Exchange"
    },
    {
        "description": "ASUS TUF Gaming F15 Core i5 10th Gen - (8 GB/512 GB SSD/Windows 11 Home/4 GB Graphics/NVIDIA GeForce G...",
        "image": "https://rukminim2.flixcart.com/image/312/312/l2hwwi80/computer/i/b/y/-original-imagdtsy32phyfzu.jpeg",
        "stars": "4.5",
        "ratings": "4,170 Ratings ",
        "reviews": " 463 Reviews",
        "more-data": "Intel Core i5 Processor (10th Gen)",
        "more-data2": "8 GB DDR4 RAM",
        "more-data3": "64 bit Windows 11 Operating System",
        "more-data4": "512 GB SSD",
        "more-data5": "39.62 cm (15.6 Inch) Display",
        "more-data6": "1 Year Onsite warranty",
        "new-price": "₹64,990",
        "old-price": "₹77,990",
        "discount": "16% off",
        "delivery-type": "Free delivery"
    },
    {
        "description": "ASUS VivoBook 14 Pentium Silver - (4 GB/256 GB SSD/Windows 11 Home) X415KA-EK111WS Thin and Light Lapt...",
        "image": "https://rukminim2.flixcart.com/image/312/312/l2m78280/computer/z/e/f/-original-imagdx9szs8xz2rk.jpeg",
        "stars": "4.2",
        "ratings": "126 Ratings ",
        "reviews": " 19 Reviews",
        "more-data": "Intel Pentium Silver Processor",
        "more-data2": "4 GB DDR4 RAM",
        "more-data3": "64 bit Windows 11 Operating System",
        "more-data4": "256 GB SSD",
        "more-data5": "35.56 cm (14 Inch) Display",
        "more-data6": "1 Year onsite warranty",
        "new-price": "₹29,990",
        "old-price": "₹38,990",
        "discount": "23% off",
        "delivery-type": "Free delivery",
        "offer": "₹18,100",
        "offer2": " Off on Exchange"
    },
    {
        "description": "ASUS VivoBook K15 OLED Ryzen 7 Octa Core 5700U - (16 GB/512 GB SSD/Windows 11 Home) KM513UA-L713WS Thi...",
        "image": "https://rukminim2.flixcart.com/image/312/312/l13whow0/computer/o/s/h/-original-imagcqvpmys2cmg3.jpeg",
        "stars": "4.4",
        "ratings": "79 Ratings ",
        "reviews": " 12 Reviews",
        "more-data": "AMD Ryzen 7 Octa Core Processor",
        "more-data2": "16 GB DDR4 RAM",
        "more-data3": "64 bit Windows 11 Operating System",
        "more-data4": "512 GB SSD",
        "more-data5": "39.62 cm (15.6 Inch) Display",
        "more-data6": "1 Year onsite warranty",
        "new-price": "₹64,990",
        "old-price": "₹86,990",
        "discount": "25% off",
        "delivery-type": "Free delivery"
    },
    {
        "description": "ASUS VivoBook 15 (2022) Core i5 10th Gen - (8 GB/512 GB SSD/Windows 11 Home) X515JA-EJ562WS Thin and L...",
        "image": "https://rukminim2.flixcart.com/image/312/312/kp2y2kw0/computer/y/0/c/na-thin-and-light-laptop-asus-original-imag3ebnzawky4kn.jpeg",
        "stars": "4.1",
        "ratings": "70 Ratings ",
        "reviews": " 6 Reviews",
        "more-data": "Intel Core i5 Processor (10th Gen)",
        "more-data2": "8 GB DDR4 RAM",
        "more-data3": "64 bit Windows 11 Operating System",
        "more-data4": "512 GB SSD",
        "more-data5": "39.62 cm (15.6 inch) Display",
        "more-data6": "Office Home and Student 2021",
        "more-data7": "1 Year Onsite Warranty",
        "new-price": "₹47,990",
        "old-price": "₹62,990",
        "discount": "23% off",
        "delivery-type": "Free delivery",
        "offer": "₹18,100",
        "offer2": " Off on Exchange"
    },
    {
        "description": "ASUS VivoBook Ultra 14 (2022) Core i3 11th Gen - (8 GB/512 GB SSD/Windows 11 Home) X413EA-EB321WS Thin...",
        "image": "https://rukminim2.flixcart.com/image/312/312/kbfeljk0/computer/h/a/s/asus-original-imafss69cdydrwr7.jpeg",
        "stars": "4.4",
        "ratings": "2,261 Ratings ",
        "reviews": " 337 Reviews",
        "more-data": "Intel Core i3 Processor (11th Gen)",
        "more-data2": "8 GB DDR4 RAM",
        "more-data3": "64 bit Windows 11 Operating System",
        "more-data4": "512 GB SSD",
        "more-data5": "35.56 cm (14 inch) Display",
        "more-data6": "Office Home and Student 2021",
        "more-data7": "1 Year Onsite Warranty",
        "new-price": "₹42,990",
        "old-price": "₹56,990",
        "discount": "24% off",
        "delivery-type": "Free delivery",
        "offer": "₹18,100",
        "offer2": " Off on Exchange"
    },
    {
        "description": "HP Celeron Dual Core - (8 GB/256 GB SSD/Windows 11 Home) 14s- dq3032tu Thin and Light Laptop",
        "image": "https://rukminim2.flixcart.com/image/312/312/kyrlifk0/computer/i/5/f/14s-dq3032tu-thin-and-light-laptop-hp-original-imagaxgehrzh4jmw.jpeg",
        "stars": "3.9",
        "ratings": "96 Ratings ",
        "reviews": " 9 Reviews",
        "more-data": "Intel Celeron Dual Core Processor",
        "more-data2": "8 GB DDR4 RAM",
        "more-data3": "64 bit Windows 11 Operating System",
        "more-data4": "256 GB SSD",
        "more-data5": "35.56 cm (14 Inch) Display",
        "more-data6": "1 Year onsite warranty",
        "new-price": "₹31,390",
        "old-price": "₹36,000",
        "discount": "12% off",
        "delivery-type": "Free delivery"
    },
    {
        "description": "Nokia PureBook S14 Core i5 10th Gen - (8 GB/512 GB SSD/Windows 10 Home) NKi510TL85S Thin and Light Lap...",
        "image": "https://rukminim2.flixcart.com/image/312/312/ktyp8cw0/computer/x/g/d/na-thin-and-light-laptop-nokia-original-imag77fhbjtvgz5y.jpeg",
        "stars": "4.5",
        "ratings": "14 Ratings ",
        "reviews": " 2 Reviews",
        "more-data": "Intel Core i5 Processor (10th Gen)",
        "more-data2": "8 GB DDR4 RAM",
        "more-data3": "64 bit Windows 10 Operating System",
        "more-data4": "512 GB SSD",
        "more-data5": "35.56 cm (14 inch) Display",
        "more-data6": "1 Year Onsite Warranty Commencing from the Date of Purchase",
        "new-price": "₹39,990",
        "old-price": "₹74,990",
        "discount": "46% off",
        "delivery-type": "Free delivery",
        "offer": "₹18,100",
        "offer2": " Off on Exchange"
    },
    {
        "description": "ASUS VivoBook K15 OLED Ryzen 5 Hexa Core 5500U - (16 GB/512 GB SSD/Windows 11 Home) KM513UA-L513WS Thi...",
        "image": "https://rukminim2.flixcart.com/image/312/312/l13whow0/computer/o/s/h/-original-imagcqvpmys2cmg3.jpeg",
        "stars": "4.7",
        "ratings": "87 Ratings ",
        "reviews": " 12 Reviews",
        "more-data": "AMD Ryzen 5 Hexa Core Processor",
        "more-data2": "16 GB DDR4 RAM",
        "more-data3": "64 bit Windows 11 Operating System",
        "more-data4": "512 GB SSD",
        "more-data5": "39.62 cm (15.6 Inch) Display",
        "more-data6": "1 Year onsite warranty",
        "new-price": "₹61,990",
        "old-price": "₹80,990",
        "discount": "23% off",
        "delivery-type": "Free delivery",
        "offer": "₹18,100",
        "offer2": " Off on Exchange"
    },
    {
        "description": "ASUS VivoBook Ultra 14 (2022) Core i5 11th Gen - (16 GB/512 GB SSD/Windows 11 Home) X413EA-EB532WS Thi...",
        "image": "https://rukminim2.flixcart.com/image/312/312/kbfeljk0/computer/x/4/d/asus-original-imafss6cbuzbzpgf.jpeg",
        "stars": "4.6",
        "ratings": "43 Ratings ",
        "reviews": " 5 Reviews",
        "more-data": "Intel Core i5 Processor (11th Gen)",
        "more-data2": "16 GB DDR4 RAM",
        "more-data3": "64 bit Windows 11 Operating System",
        "more-data4": "512 GB SSD",
        "more-data5": "35.56 cm (14 inch) Display",
        "more-data6": "Office Home and Student 2021",
        "more-data7": "1 Year Onsite Warranty",
        "new-price": "₹55,990",
        "old-price": "₹80,990",
        "discount": "30% off",
        "delivery-type": "Free delivery",
        "offer": "₹18,100",
        "offer2": " Off on Exchange"
    },
    {
        "description": "acer Aspire 3 Core i3 11th Gen - (8 GB/256 GB SSD/Windows 11 Home) A315-58 Thin and Light Laptop",
        "image": "https://rukminim2.flixcart.com/image/312/312/kybvo280/computer/z/i/b/-original-imagah7x7pezegh7.jpeg",
        "stars": "4.2",
        "ratings": "56 Ratings ",
        "reviews": " 9 Reviews",
        "more-data": "Intel Core i3 Processor (11th Gen)",
        "more-data2": "8 GB DDR4 RAM",
        "more-data3": "64 bit Windows 11 Operating System",
        "more-data4": "256 GB SSD",
        "more-data5": "39.62 cm (15.6 inch) Display",
        "more-data6": "Acer Care Center, Quick Access, Acer Product Registration",
        "more-data7": "1 Year International Travelers Warranty (ITW)",
        "new-price": "₹34,990",
        "old-price": "₹52,999",
        "discount": "33% off",
        "delivery-type": "Free delivery",
        "offer": "₹18,100",
        "offer2": " Off on Exchange"
    },
    {
        "description": "ASUS Pentium Quad Core - (4 GB/1 TB HDD/Windows 10 Home) X543MA-GQ1020T Laptop",
        "image": "https://rukminim2.flixcart.com/image/312/312/k9d3p8w0/computer/c/a/h/asus-na-laptop-original-imafr6cbfurgkspg.jpeg",
        "stars": "3.7",
        "ratings": "4,903 Ratings ",
        "reviews": " 682 Reviews",
        "more-data": "Intel Pentium Quad Core Processor",
        "more-data2": "4 GB DDR4 RAM",
        "more-data3": "64 bit Windows 10 Operating System",
        "more-data4": "1 TB HDD",
        "more-data5": "39.62 cm (15.6 inch) Display",
        "more-data6": "Splendid",
        "more-data7": "1 Year Onsite Warranty",
        "new-price": "₹25,549",
        "old-price": "₹32,990",
        "discount": "22% off",
        "delivery-type": "Free delivery"
    },
    {
        "description": "ASUS VivoBook 15 (2021) Core i3 10th Gen - (8 GB/512 GB SSD/Windows 11 Home) X515JA-BQ322WS Thin and L...",
        "image": "https://rukminim2.flixcart.com/image/312/312/kp2y2kw0/computer/y/0/c/na-thin-and-light-laptop-asus-original-imag3ebnzawky4kn.jpeg",
        "more-data": "Intel Core i3 Processor (10th Gen)",
        "more-data2": "8 GB DDR4 RAM",
        "more-data3": "64 bit Windows 8.1 Operating System",
        "more-data4": "512 GB SSD",
        "more-data5": "39.62 cm (15.6 inch) Display",
        "more-data6": "Office Home and Student 2021",
        "more-data7": "1 Year Onsite Warranty",
        "new-price": "₹38,990",
        "old-price": "₹50,990",
        "discount": "23% off",
        "delivery-type": "Free delivery"
    },
    {
        "description": "DELL Core i3 10th Gen - (8 GB/1 TB HDD/256 GB SSD/Windows 11 Home) Vostro 3510 Thin and Light Laptop",
        "image": "https://rukminim2.flixcart.com/image/312/312/kzvlua80/computer/v/k/o/vostro-3510-thin-and-light-laptop-dell-original-imagbscgmx366uhv.jpeg",
        "stars": "4.2",
        "ratings": "347 Ratings ",
        "reviews": " 47 Reviews",
        "more-data": "Intel Core i3 Processor (10th Gen)",
        "more-data2": "8 GB DDR4 RAM",
        "more-data3": "64 bit Windows 11 Operating System",
        "more-data4": "1 TB HDD|256 GB SSD",
        "more-data5": "39.62 cm (15.6 inch) Display",
        "more-data6": "Office Home and Student 2021",
        "more-data7": "1 Year Onsite Warranty",
        "new-price": "₹40,990",
        "old-price": "₹55,442",
        "discount": "26% off",
        "delivery-type": "Free delivery"
    },
    {
        "description": "acer Aspire 7 Ryzen 5 Hexa Core 5500U - (8 GB/512 GB SSD/Windows 10 Home/4 GB Graphics/NVIDIA GeForce ...",
        "image": "https://rukminim2.flixcart.com/image/312/312/klcmoi80/computer/q/e/3/na-gaming-laptop-acer-original-imagyhwfgwhkf3vv.jpeg",
        "stars": "4.5",
        "ratings": "3,437 Ratings ",
        "reviews": " 446 Reviews",
        "more-data": "Free upgrade to Windows 11 when available",
        "more-data2": "AMD Ryzen 5 Hexa Core Processor",
        "more-data3": "8 GB DDR4 RAM",
        "more-data4": "64 bit Windows 10 Operating System",
        "more-data5": "512 GB SSD",
        "more-data6": "39.62 cm (15.6 inch) Display",
        "more-data7": "Acer Collection , Acer Product Registration, Acer Care Center, Quick Access",
        "new-price": "₹54,990",
        "old-price": "₹89,000",
        "discount": "38% off",
        "delivery-type": "Free delivery",
        "offer": "₹18,100",
        "offer2": " Off on Exchange"
    },
    {
        "description": "MSI GF65 Thin Core i7 10th Gen - (16 GB/1 TB SSD/Windows 10 Home/6 GB Graphics/NVIDIA GeForce RTX 3060...",
        "image": "https://rukminim2.flixcart.com/image/312/312/ktszgy80/computer/a/4/a/gf65-thin-10ue-410in-gaming-laptop-msi-original-imag72h6wn7ktgzy.jpeg",
        "stars": "4.4",
        "ratings": "667 Ratings ",
        "reviews": " 82 Reviews",
        "more-data": "Intel Core i7 Processor (10th Gen)",
        "more-data2": "16 GB DDR4 RAM",
        "more-data3": "64 bit Windows 10 Operating System",
        "more-data4": "1 TB SSD",
        "more-data5": "39.62 cm (15.6 inch) Display",
        "more-data6": "PCI-e SSD (NVMe) ready,SHIFT,Silver-Lining Print,Cooler Boost 5,Audio Boost,Dragon Center,Nahimic 3,Narrow Bezel, 144Hz Panel",
        "more-data7": "2 Year Warranty Term",
        "new-price": "₹82,990",
        "old-price": "₹1,23,990",
        "discount": "33% off",
        "delivery-type": "Free delivery",
        "offer": "₹18,100",
        "offer2": " Off on Exchange"
    },
    {
        "description": "acer Nitro 5 Ryzen 5 Hexa Core 4600H - (8 GB/1 TB HDD/256 GB SSD/Windows 10 Home/4 GB Graphics/NVIDIA ...",
        "image": "https://rukminim2.flixcart.com/image/312/312/kuvkcy80/computer/n/y/n/na-gaming-laptop-acer-original-imag7whp9urft8mf.jpeg",
        "stars": "4.5",
        "ratings": "2,056 Ratings ",
        "reviews": " 248 Reviews",
        "more-data": "Free upgrade to Windows 11 when available",
        "more-data2": "AMD Ryzen 5 Hexa Core Processor",
        "more-data3": "8 GB DDR4 RAM",
        "more-data4": "64 bit Windows 10 Operating System",
        "more-data5": "1 TB HDD|256 GB SSD",
        "more-data6": "39.62 cm (15.6 inch) Display",
        "more-data7": "Acer Care Center, Acer Product Registration, Acer Configuration Manager, NitroSense",
        "new-price": "₹60,990",
        "old-price": "₹99,999",
        "discount": "39% off",
        "delivery-type": "Free delivery",
        "offer": "₹18,100",
        "offer2": " Off on Exchange"
    },
    {
        "description": "ASUS VivoBook Ultra 14 (2022) Core i3 11th Gen - (8 GB/512 GB SSD/Windows 11 Home) X413EA-EB322WS Thin...",
        "image": "https://rukminim2.flixcart.com/image/312/312/kbfeljk0/computer/x/4/d/asus-original-imafss6cbuzbzpgf.jpeg",
        "stars": "4.4",
        "ratings": "2,261 Ratings ",
        "reviews": " 337 Reviews",
        "more-data": "Intel Core i3 Processor (11th Gen)",
        "more-data2": "8 GB DDR4 RAM",
        "more-data3": "64 bit Windows 11 Operating System",
        "more-data4": "512 GB SSD",
        "more-data5": "35.56 cm (14 inch) Display",
        "more-data6": "Office Home and Student 2021",
        "more-data7": "1 Year Onsite Warranty",
        "new-price": "₹42,990",
        "old-price": "₹56,990",
        "discount": "24% off",
        "delivery-type": "Free delivery",
        "offer": "₹18,100",
        "offer2": " Off on Exchange"
    },
    {
        "description": "ASUS VivoBook K15 OLED Ryzen 7 Octa Core 5700U - (16 GB/512 GB SSD/Windows 11 Home) KM513UA-L711WS Thi...",
        "image": "https://rukminim2.flixcart.com/image/312/312/l13whow0/computer/o/s/h/-original-imagcqvpmys2cmg3.jpeg",
        "stars": "4.4",
        "ratings": "79 Ratings ",
        "reviews": " 12 Reviews",
        "more-data": "AMD Ryzen 7 Octa Core Processor",
        "more-data2": "16 GB DDR4 RAM",
        "more-data3": "64 bit Windows 11 Operating System",
        "more-data4": "512 GB SSD",
        "more-data5": "39.62 cm (15.6 Inch) Display",
        "more-data6": "1 Year onsite warranty",
        "new-price": "₹64,990",
        "old-price": "₹86,990",
        "discount": "25% off",
        "delivery-type": "Free delivery"
    },
    {
        "description": "Lenovo IdeaPad 3 Core i3 10th Gen - (8 GB/256 GB SSD/Windows 11 Home) 15IML05 Thin and Light Laptop",
        "image": "https://rukminim2.flixcart.com/image/312/312/keaaavk0/computer/x/m/y/lenovo-na-laptop-original-imafuzt8r5jqppfn.jpeg",
        "stars": "4.3",
        "ratings": "2,602 Ratings ",
        "reviews": " 279 Reviews",
        "more-data": "Intel Core i3 Processor (10th Gen)",
        "more-data2": "8 GB DDR4 RAM",
        "more-data3": "Windows 11 Operating System",
        "more-data4": "256 GB SSD",
        "more-data5": "39.62 cm (15.6 Inch) Display",
        "more-data6": "Microsoft Office Home & Student 2019",
        "more-data7": "2 Years Warranty",
        "new-price": "₹34,990",
        "old-price": "₹56,590",
        "discount": "38% off",
        "delivery-type": "Free delivery",
        "offer": "₹18,100",
        "offer2": " Off on Exchange"
    },
    {
        "description": "HP Core i3 11th Gen - (8 GB/512 GB SSD/Windows 11 Home) 15s-fq2629TU Thin and Light Laptop",
        "image": "https://rukminim2.flixcart.com/image/312/312/l2jcccw0/computer/s/k/0/-original-imagdus5mrsgjepa.jpeg",
        "stars": "4.3",
        "ratings": "809 Ratings ",
        "reviews": " 81 Reviews",
        "more-data": "Intel Core i3 Processor (11th Gen)",
        "more-data2": "8 GB DDR4 RAM",
        "more-data3": "64 bit Windows 11 Operating System",
        "more-data4": "512 GB SSD",
        "more-data5": "39.62 cm (15.6 inch) Display",
        "more-data6": "\"Microsoft Office Home & Student 2019, HP Documentation, HP SSRM, HP Smart \"",
        "more-data7": "1 Year Onsite Warranty",
        "new-price": "₹41,990",
        "old-price": "₹54,051",
        "discount": "22% off",
        "delivery-type": "Free delivery",
        "offer": "₹18,100",
        "offer2": " Off on Exchange"
    },
    {
        "description": "HP Core i3 11th Gen - (8 GB/256 GB SSD/Windows 11 Home) 14s- dy2506TU Thin and Light Laptop",
        "image": "https://rukminim2.flixcart.com/image/312/312/l0zm64w0/computer/k/h/m/14s-dq2606tu-thin-and-light-laptop-hp-original-imagcnsfnrzvzbs6.jpeg",
        "stars": "4.3",
        "ratings": "885 Ratings ",
        "reviews": " 101 Reviews",
        "more-data": "Intel Core i3 Processor (11th Gen)",
        "more-data2": "8 GB DDR4 RAM",
        "more-data3": "64 bit Windows 11 Operating System",
        "more-data4": "256 GB SSD",
        "more-data5": "35.56 cm (14 inch) Display",
        "more-data6": "Microsoft Office Home & Student 2019",
        "more-data7": "1 Year Onsite Warranty",
        "new-price": "₹37,990",
        "old-price": "₹48,933",
        "discount": "22% off",
        "delivery-type": "Free delivery",
        "offer": "₹18,100",
        "offer2": " Off on Exchange"
    },
    {
        "description": "ASUS VivoBook 15 Core i3 10th Gen - (8 GB/1 TB HDD/Windows 11 Home) X515JA-BQ302W Thin and Light Lapto...",
        "image": "https://rukminim2.flixcart.com/image/312/312/kp2y2kw0/computer/y/0/c/na-thin-and-light-laptop-asus-original-imag3ebnzawky4kn.jpeg",
        "stars": "3.8",
        "ratings": "37 Ratings ",
        "reviews": " 6 Reviews",
        "more-data": "Intel Core i3 Processor (10th Gen)",
        "more-data2": "8 GB DDR4 RAM",
        "more-data3": "64 bit Windows 11 Operating System",
        "more-data4": "1 TB HDD",
        "more-data5": "39.62 cm (15.6 inch) Display",
        "more-data6": "1 Year Onsite Warranty",
        "new-price": "₹30,990",
        "old-price": "₹43,990",
        "discount": "29% off"
    },
    {
        "description": "HP Ryzen 3 Dual Core 3250U - (8 GB/256 GB SSD/Windows 10 Home) 15s-GY0501AU Thin and Light Laptop",
        "image": "https://rukminim2.flixcart.com/image/312/312/ktaeqvk0/computer/b/7/4/15s-gy0501au-thin-and-light-laptop-hp-original-imag6z6muntqnzzc.jpeg",
        "stars": "4.3",
        "ratings": "2,567 Ratings ",
        "reviews": " 279 Reviews",
        "more-data": "AMD Ryzen 3 Dual Core Processor",
        "more-data2": "8 GB DDR4 RAM",
        "more-data3": "64 bit Windows 11 Operating System",
        "more-data4": "256 GB SSD",
        "more-data5": "39.62 cm (15.6 inch) Display",
        "more-data6": "Office Home and Student 2019 included",
        "more-data7": "1 Year Onsite Warranty",
        "new-price": "₹33,990",
        "old-price": "₹46,055",
        "discount": "26% off",
        "delivery-type": "Free delivery",
        "offer": "₹18,100",
        "offer2": " Off on Exchange"
    },
    {
        "description": "acer Aspire 3 Core i3 11th Gen - (8 GB/512 GB SSD/Windows 11 Home) A315-58 Notebook",
        "image": "https://rukminim2.flixcart.com/image/312/312/kybvo280/computer/z/i/b/-original-imagah7x7pezegh7.jpeg",
        "more-data": "Intel Core i3 Processor (11th Gen)",
        "more-data2": "8 GB DDR4 RAM",
        "more-data3": "64 bit Windows 11 Operating System",
        "more-data4": "512 GB SSD",
        "more-data5": "39.62 cm (15.6 Inch) Display",
        "more-data6": "1 Year International Travelers Warranty (ITW)",
        "new-price": "₹38,990",
        "old-price": "₹55,999",
        "discount": "30% off",
        "delivery-type": "Free delivery",
        "offer": "₹18,100",
        "offer2": " Off on Exchange"
    },
    {
        "description": "Infinix INBook X1 Core i3 10th Gen - (8 GB/256 GB SSD/Windows 11 Home) XL11 Thin and Light Laptop",
        "image": "https://rukminim2.flixcart.com/image/312/312/kw104nk0/computer/z/7/t/inbook-x1-pro-thin-and-light-laptop-infinix-original-imag8shw6pfzuc4e.jpeg",
        "stars": "4.3",
        "ratings": "2,676 Ratings ",
        "reviews": " 537 Reviews",
        "more-data": "Intel Core i3 Processor (10th Gen)",
        "more-data2": "8 GB LPDDR4X RAM",
        "more-data3": "64 bit Windows 11 Operating System",
        "more-data4": "256 GB SSD",
        "more-data5": "35.56 cm (14 inch) Display",
        "more-data6": "1 year Onsite Warranty",
        "new-price": "₹29,990",
        "old-price": "₹49,999",
        "discount": "40% off"
    },
    {
        "description": "Lenovo Core i3 10th Gen - (8 GB/512 GB SSD/Windows 11 Home) 15IML05 Thin and Light Laptop",
        "image": "https://rukminim2.flixcart.com/image/312/312/keaaavk0/computer/x/m/y/lenovo-na-laptop-original-imafuzt8r5jqppfn.jpeg",
        "stars": "4.4",
        "ratings": "113 Ratings ",
        "reviews": " 11 Reviews",
        "more-data": "Intel Core i3 Processor (10th Gen)",
        "more-data2": "8 GB DDR4 RAM",
        "more-data3": "64 bit Windows 11 Operating System",
        "more-data4": "512 GB SSD",
        "more-data5": "39.62 cm (15.6 inch) Display",
        "more-data6": "Office Home and Student 2021",
        "more-data7": "2 Years Warranty",
        "new-price": "₹36,990",
        "old-price": "₹62,190",
        "discount": "40% off",
        "delivery-type": "Free delivery",
        "offer": "Upto ",
        "offer2": "₹18,100"
    },
    {
        "description": "acer Aspire 3 Dual Core 3020e - (4 GB/256 GB SSD/Windows 11 Home) A314-22 Laptop",
        "image": "https://rukminim2.flixcart.com/image/312/312/l1fc0i80/computer/v/h/e/-original-imagczgsyhftj2zz.jpeg",
        "stars": "4.1",
        "ratings": "28 Ratings ",
        "reviews": " 4 Reviews",
        "more-data": "AMD Dual Core Processor",
        "more-data2": "4 GB DDR4 RAM",
        "more-data3": "64 bit Windows 11 Operating System",
        "more-data4": "256 GB SSD",
        "more-data5": "35.56 cm (14 Inch) Display",
        "more-data6": "Acer Care Center, Quick Access, Acer Product Registration",
        "more-data7": "1 Year International Travelers Warranty (ITW)",
        "new-price": "₹24,990",
        "old-price": "₹34,999",
        "discount": "28% off",
        "delivery-type": "Free delivery"
    },
    {
        "description": "HP Ryzen 5 Hexa Core 5500U - (8 GB/512 GB SSD/Windows 11 Home) 14s-fq1092au Thin and Light Laptop",
        "image": "https://rukminim2.flixcart.com/image/312/312/l2rwzgw0/computer/m/k/o/-original-imagefmhxu9rmfjq.jpeg",
        "stars": "4.4",
        "ratings": "395 Ratings ",
        "reviews": " 54 Reviews",
        "more-data": "AMD Ryzen 5 Hexa Core Processor",
        "more-data2": "8 GB DDR4 RAM",
        "more-data3": "64 bit Windows 11 Operating System",
        "more-data4": "512 GB SSD",
        "more-data5": "35.56 cm (14 inch) Display",
        "more-data6": "Microsoft Office Home & Student 2019, HP Documentation, HP SSRM, HP Smart \"",
        "more-data7": "1 Year Onsite Warranty",
        "new-price": "₹47,990",
        "old-price": "₹57,042",
        "discount": "15% off",
        "delivery-type": "Free delivery",
        "offer": "₹18,100",
        "offer2": " Off on Exchange"
    },
    {
        "description": "DELL Vostro Core i3 11th Gen - (4 GB/1 TB HDD/256 GB SSD/Windows 11 Home) Vostro 3400 Thin and Light L...",
        "image": "https://rukminim2.flixcart.com/image/312/312/krf91u80/computer/2/m/b/na-thin-and-light-laptop-dell-original-imag585xzyrystrc.jpeg",
        "more-data": "Intel Core i3 Processor (11th Gen)",
        "more-data2": "4 GB DDR4 RAM",
        "more-data3": "64 bit Windows 11 Operating System",
        "more-data4": "1 TB HDD|256 GB SSD",
        "more-data5": "35.56 cm (14 inch) Display",
        "more-data6": "Microsoft Office Home and Student 2021",
        "more-data7": "1 Year Onsite Warranty",
        "new-price": "₹35,999",
        "old-price": "₹56,743",
        "discount": "36% off",
        "delivery-type": "Free delivery",
        "offer": "₹18,100",
        "offer2": " Off on Exchange"
    },
    {
        "description": "Lenovo IdeaPad 3 Core i3 11th Gen - (8 GB/512 GB SSD/Windows 11 Home) 15ITL6 Thin and Light Laptop",
        "image": "https://rukminim2.flixcart.com/image/312/312/keaaavk0/computer/x/m/y/lenovo-na-laptop-original-imafuzt8r5jqppfn.jpeg",
        "stars": "4.3",
        "ratings": "585 Ratings ",
        "reviews": " 58 Reviews",
        "more-data": "Intel Core i3 Processor (11th Gen)",
        "more-data2": "8 GB DDR4 RAM",
        "more-data3": "64 bit Windows 11 Operating System",
        "more-data4": "512 GB SSD",
        "more-data5": "39.62 cm (15.6 inch) Display",
        "more-data6": "Office Home and Student 2021",
        "more-data7": "2 Years Warranty",
        "new-price": "₹41,990",
        "old-price": "₹64,490",
        "discount": "34% off",
        "delivery-type": "Free delivery",
        "offer": "₹18,100",
        "offer2": " Off on Exchange"
    },
    {
        "description": "ASUS VivoBook 15 (2022) Core i3 10th Gen - (4 GB/512 GB SSD/Windows 11 Home) X515JA-EJ372WS Thin and L...",
        "image": "https://rukminim2.flixcart.com/image/312/312/kp2y2kw0/computer/y/0/c/na-thin-and-light-laptop-asus-original-imag3ebnzawky4kn.jpeg",
        "stars": "4.4",
        "ratings": "273 Ratings ",
        "reviews": " 28 Reviews",
        "more-data": "Intel Core i3 Processor (10th Gen)",
        "more-data2": "4 GB DDR4 RAM",
        "more-data3": "64 bit Windows 11 Operating System",
        "more-data4": "512 GB SSD",
        "more-data5": "39.62 cm (15.6 inch) Display",
        "more-data6": "Office Home and Student 2021",
        "more-data7": "1 Year Onsite Warranty",
        "new-price": "₹34,990",
        "old-price": "₹49,990",
        "discount": "30% off",
        "delivery-type": "Free delivery",
        "offer": "₹18,100",
        "offer2": " Off on Exchange"
    },
    {
        "description": "ASUS VivoBook 15 (2022) Core i3 10th Gen - (8 GB/512 GB SSD/Windows 11 Home) X515JA-EJ362WS Thin and L...",
        "image": "https://rukminim2.flixcart.com/image/312/312/kp2y2kw0/computer/y/0/c/na-thin-and-light-laptop-asus-original-imag3ebnzawky4kn.jpeg",
        "stars": "4.3",
        "ratings": "1,561 Ratings ",
        "reviews": " 175 Reviews",
        "more-data": "Intel Core i3 Processor (10th Gen)",
        "more-data2": "8 GB DDR4 RAM",
        "more-data3": "64 bit Windows 11 Operating System",
        "more-data4": "512 GB SSD",
        "more-data5": "39.62 cm (15.6 inch) Display",
        "more-data6": "Office Home and Student 2021",
        "more-data7": "1 Year Onsite Warranty",
        "new-price": "₹38,990",
        "old-price": "₹50,990",
        "discount": "23% off",
        "delivery-type": "Free delivery",
        "offer": "₹18,100",
        "offer2": " Off on Exchange"
    },
    {
        "description": "ASUS VivoBook 15 (2022) Core i5 11th Gen - (8 GB/1 TB HDD/256 GB SSD/Windows 10 Home) X515EA-EJ502TS T...",
        "image": "https://rukminim2.flixcart.com/image/312/312/kp2y2kw0/computer/y/0/c/na-thin-and-light-laptop-asus-original-imag3ebnzawky4kn.jpeg",
        "stars": "4.3",
        "ratings": "1,421 Ratings ",
        "reviews": " 146 Reviews",
        "more-data": "Intel Core i5 Processor (11th Gen)",
        "more-data2": "8 GB DDR4 RAM",
        "more-data3": "Windows 10 Operating System",
        "more-data4": "1 TB HDD|256 GB SSD",
        "more-data5": "39.62 cm (15.6 inch) Display",
        "more-data6": "Microsoft Office Home & Student 2019",
        "more-data7": "1 Year Onsite Warranty",
        "new-price": "₹50,990",
        "old-price": "₹70,990",
        "discount": "28% off",
        "delivery-type": "Free delivery",
        "offer": "₹18,100",
        "offer2": " Off on Exchange"
    },
    {
        "description": "ASUS VivoBook 14 (2021) Celeron Dual Core - (4 GB/256 GB SSD/Windows 11 Home) X415MA-BV011W Thin and L...",
        "image": "https://rukminim2.flixcart.com/image/312/312/l2m78280/computer/z/e/f/-original-imagdx9szs8xz2rk.jpeg",
        "stars": "4.3",
        "ratings": "10 Ratings ",
        "reviews": " 0 Reviews",
        "more-data": "Intel Celeron Dual Core Processor",
        "more-data2": "4 GB DDR4 RAM",
        "more-data3": "64 bit Windows 11 Operating System",
        "more-data4": "256 GB SSD",
        "more-data5": "35.56 cm (14 inch) Display",
        "more-data6": "1 Year Onsite Warranty",
        "new-price": "₹25,990",
        "old-price": "₹33,990",
        "discount": "23% off",
        "delivery-type": "Free delivery"
    },
    {
        "description": "ASUS VivoBook 15 (2021) Core i3 11th Gen - (8 GB/1 TB HDD/256 GB SSD/Windows 11 Home) X515EA-EJ332WS T...",
        "image": "https://rukminim2.flixcart.com/image/312/312/kp2y2kw0/computer/y/0/c/na-thin-and-light-laptop-asus-original-imag3ebnzawky4kn.jpeg",
        "stars": "4.2",
        "ratings": "47 Ratings ",
        "reviews": " 6 Reviews",
        "more-data": "Intel Core i3 Processor (11th Gen)",
        "more-data2": "8 GB DDR4 RAM",
        "more-data3": "64 bit Windows 11 Operating System",
        "more-data4": "1 TB HDD|256 GB SSD",
        "more-data5": "39.62 cm (15.6 inch) Display",
        "more-data6": "Office Home and Student 2021",
        "more-data7": "1 Year Onsite Warranty",
        "new-price": "₹40,990",
        "old-price": "₹54,990",
        "discount": "25% off",
        "delivery-type": "Free delivery"
    },
    {
        "description": "HP Core i3 11th Gen - (8 GB/512 GB SSD/Windows 11 Home) 15s-fq2627TU Thin and Light Laptop",
        "image": "https://rukminim2.flixcart.com/image/312/312/kzrbiq80/computer/v/d/d/15s-fq2626tu-thin-and-light-laptop-hp-original-imagbpb2sztfprgz.jpeg",
        "stars": "4.2",
        "ratings": "141 Ratings ",
        "reviews": " 17 Reviews",
        "more-data": "Intel Core i3 Processor (11th Gen)",
        "more-data2": "8 GB DDR4 RAM",
        "more-data3": "64 bit Windows 11 Operating System",
        "more-data4": "512 GB SSD",
        "more-data5": "39.62 cm (15.6 Inch) Display",
        "more-data6": "1 Year Onsite Warranty",
        "new-price": "₹40,990",
        "old-price": "₹51,506",
        "discount": "20% off",
        "delivery-type": "Free delivery"
    },
    {
        "description": "ASUS VivoBook 14 (2022) Core i5 11th Gen - (8 GB/1 TB HDD/256 GB SSD/Windows 11 Home) X415EA-EB572WS T...",
        "image": "https://rukminim2.flixcart.com/image/312/312/l2m78280/computer/z/e/f/-original-imagdx9szs8xz2rk.jpeg",
        "stars": "4.2",
        "ratings": "119 Ratings ",
        "reviews": " 9 Reviews",
        "more-data": "Intel Core i5 Processor (11th Gen)",
        "more-data2": "8 GB DDR4 RAM",
        "more-data3": "64 bit Windows 11 Operating System",
        "more-data4": "1 TB HDD|256 GB SSD",
        "more-data5": "35.56 cm (14 inch) Display",
        "more-data6": "Office Home and Student 2021",
        "more-data7": "1 Year Onsite Warranty",
        "new-price": "₹49,990",
        "old-price": "₹72,990",
        "discount": "31% off",
        "delivery-type": "Free delivery",
        "offer": "₹18,100",
        "offer2": " Off on Exchange"
    },
    {
        "description": "DELL Inspiron Pentium Silver - (8 GB/256 GB SSD/Windows 11 Home) Inspiron 3521 Notebook",
        "image": "https://rukminim2.flixcart.com/image/312/312/l1dwknk0/computer/3/w/s/inspiron-3521-notebook-dell-original-imagcyrhxaybghra.jpeg",
        "stars": "4.1",
        "ratings": "29 Ratings ",
        "reviews": " 4 Reviews",
        "more-data": "Intel Pentium Silver Processor",
        "more-data2": "8 GB DDR4 RAM",
        "more-data3": "64 bit Windows 11 Operating System",
        "more-data4": "256 GB SSD",
        "more-data5": "39.62 cm (15.6 Inch) Display",
        "more-data6": "1 Year Onsite Warranty",
        "new-price": "₹32,999",
        "old-price": "₹43,494",
        "discount": "24% off",
        "delivery-type": "Free delivery"
    },
    {
        "description": "DELL Inspiron Athlon Dual Core 3050U - (8 GB/256 GB SSD/Windows 11 Home) Inspiron 3525 Notebook",
        "image": "https://rukminim2.flixcart.com/image/312/312/l1dwknk0/computer/e/u/0/inspiron-3525-notebook-dell-original-imagcyrebyny33kd.jpeg",
        "stars": "4.2",
        "ratings": "55 Ratings ",
        "reviews": " 0 Reviews",
        "more-data": "AMD Athlon Dual Core Processor",
        "more-data2": "8 GB DDR4 RAM",
        "more-data3": "64 bit Windows 11 Operating System",
        "more-data4": "256 GB SSD",
        "more-data5": "39.62 cm (15.6 Inch) Display",
        "more-data6": "1 Year Onsite Warranty",
        "new-price": "₹30,990",
        "old-price": "₹46,263",
        "discount": "33% off",
        "delivery-type": "Free delivery"
    },
    {
        "description": "HP Pavilion Ryzen 5 Hexa Core 5600H - (8 GB/512 GB SSD/Windows 10/4 GB Graphics/NVIDIA GeForce GTX 165...",
        "image": "https://rukminim2.flixcart.com/image/312/312/kbqu4cw0/computer/q/x/r/hp-original-imaftyzachgrav8f.jpeg",
        "stars": "4.5",
        "ratings": "5,815 Ratings ",
        "reviews": " 639 Reviews",
        "more-data": "AMD Ryzen 5 Hexa Core Processor",
        "more-data2": "8 GB DDR4 RAM",
        "more-data3": "64 bit Windows 10 Operating System",
        "more-data4": "512 GB SSD",
        "more-data5": "39.62 cm (15.6 inch) Display",
        "more-data6": "HP Documentation, HP e-service, HP BIOS Recovery, HP SSRM, HP Smart, HP Jumpstarts",
        "more-data7": "1 Year Onsite Warranty",
        "new-price": "₹57,990",
        "old-price": "₹76,021",
        "discount": "23% off",
        "delivery-type": "Free delivery",
        "offer": "₹18,100",
        "offer2": " Off on Exchange"
    },
    {
        "description": "Lenovo IdeaPad 3 Core i5 10th Gen - (8 GB/512 GB SSD/Windows 10 Home) 15IML05 Thin and Light Laptop",
        "image": "https://rukminim2.flixcart.com/image/312/312/keaaavk0/computer/x/m/y/lenovo-na-laptop-original-imafuzt8r5jqppfn.jpeg",
        "stars": "4.1",
        "ratings": "186 Ratings ",
        "reviews": " 17 Reviews",
        "more-data": "Intel Core i5 Processor (10th Gen)",
        "more-data2": "8 GB DDR4 RAM",
        "more-data3": "Windows 10 Operating System",
        "more-data4": "512 GB SSD",
        "more-data5": "39.62 cm (15.6 Inch) Display",
        "more-data6": "Microsoft Office Home & Student 2019",
        "more-data7": "2 Years Warranty",
        "new-price": "₹45,990",
        "old-price": "₹64,290",
        "discount": "28% off",
        "delivery-type": "Free delivery",
        "offer": "₹18,100",
        "offer2": " Off on Exchange"
    },
    {
        "description": "Lenovo Ideapad Slim 5i Core i5 11th Gen - (16 GB/512 GB SSD/Windows 10 Home) 15 ITL 05 Thin and Light ...",
        "image": "https://rukminim2.flixcart.com/image/312/312/klfhk7k0/computer/w/u/x/na-thin-and-light-laptop-lenovo-original-imagyk4hedcydqx5.jpeg",
        "stars": "4.4",
        "ratings": "956 Ratings ",
        "reviews": " 108 Reviews",
        "more-data": "Intel Core i5 Processor (11th Gen)",
        "more-data2": "16 GB DDR4 RAM",
        "more-data3": "64 bit Windows 10 Operating System",
        "more-data4": "512 GB SSD",
        "more-data5": "39.62 cm (15.6 Inch) Display",
        "more-data6": "Microsoft Office Home and Student 2019",
        "more-data7": "1 Year Warranty + 1 Year Premium Care + 1 Year ADP",
        "new-price": "₹61,990",
        "old-price": "₹1,01,390",
        "discount": "38% off",
        "delivery-type": "Free delivery",
        "offer": "₹18,100",
        "offer2": " Off on Exchange"
    }
]