[
    {
        "description": "SAMSUNG 23.8 inch Curved Full HD LED Backlit VA Panel Monitor (LC24F390FHWXXL)",
        "image": "https://rukminim2.flixcart.com/image/312/312/l0cr4i80/monitor/h/9/j/-original-imagc5h2xarnghhz.jpeg",
        "stars": "4.5",
        "ratings": "2,819 Ratings ",
        "reviews": " 496 Reviews",
        "more-data": "Panel Type: VA Panel",
        "more-data2": "Screen Resolution Type: Full HD",
        "more-data3": "VGA Support | HDMI",
        "more-data4": "Brightness: 250 nits",
        "more-data5": "Response Time: 4 ms | Refresh Rate: 60 Hz",
        "more-data6": "HDMI Ports - 1",
        "new-price": "₹11,819",
        "old-price": "₹16,510",
        "discount": "28% off",
        "delivery-type": "Free delivery"
    },
    {
        "description": "SAMSUNG 27 inch Full HD IPS Panel Gaming Monitor (LS27AG300NWXXL)",
        "image": "https://rukminim2.flixcart.com/image/312/312/kynb6vk0/monitor/3/1/d/ls27ag300nwxxl-full-hd-27-ls27ag300nwxxl-samsung-original-imagatrzphyheftp.jpeg",
        "stars": "4.3",
        "ratings": "49 Ratings ",
        "reviews": " 9 Reviews",
        "more-data": "Panel Type: IPS Panel",
        "more-data2": "Screen Resolution Type: Full HD",
        "more-data3": "Brightness: 250 nits",
        "more-data4": "Response Time: 1 ms | Refresh Rate: 144 Hz",
        "more-data5": "HDMI Ports - 1",
        "more-data6": "3 Years Domestic Warranty",
        "new-price": "₹18,999",
        "old-price": "₹23,500",
        "discount": "19% off",
        "delivery-type": "Free delivery"
    },
    {
        "description": "ZEBRONICS 18.5 inch HD HDMI, VGA Input, HD 1366 x 768, 16.7M Colors, Glossy Panel, Slim Design, Wall M...",
        "image": "https://rukminim2.flixcart.com/image/312/312/ktuewsw0/monitor/i/l/x/zeb-v19hd-led-hd-18-5-zeb-v19hd-led-zebronics-original-imag73hbg3zhz3zx.jpeg",
        "stars": "4.1",
        "ratings": "2,499 Ratings ",
        "reviews": " 281 Reviews",
        "more-data": "Screen Resolution Type: HD",
        "more-data2": "Response Time: 8 ms",
        "more-data3": "1 year carry into service center",
        "new-price": "₹5,699",
        "old-price": "₹6,999",
        "discount": "18% off",
        "delivery-type": "Free delivery"
    },
    {
        "description": "SAMSUNG 24 inch Full HD LED Backlit IPS Panel Monitor (LF24T350FHWXXL)",
        "image": "https://rukminim2.flixcart.com/image/312/312/kiyw9e80/monitor/4/m/s/lf24t350fhwxxl-lf24t350fhwxxl-samsung-original-imafyne6fcqahmmn.jpeg",
        "stars": "4.4",
        "ratings": "1,040 Ratings ",
        "reviews": " 156 Reviews",
        "more-data": "Panel Type: IPS Panel",
        "more-data2": "Screen Resolution Type: Full HD",
        "more-data3": "Response Time: 5 ms | Refresh Rate: 75 Hz",
        "more-data4": "3 Years Warranty",
        "new-price": "₹11,699",
        "old-price": "₹19,100",
        "discount": "38% off",
        "delivery-type": "Free delivery"
    },
    {
        "description": "ZEBRONICS 21.5 inch Full HD Wall mountable, Anti-Glare display, Sleek Design Monitor (Zeb-A22FHD LED)",
        "image": "https://rukminim2.flixcart.com/image/312/312/kij6f0w0/monitor/q/e/y/zeb-a22fhd-led-zeb-a22fhd-led-zebronics-original-imafyazxs3azgazn.jpeg",
        "stars": "4.1",
        "ratings": "299 Ratings ",
        "reviews": " 64 Reviews",
        "more-data": "Screen Resolution Type: Full HD",
        "more-data2": "VGA Support | HDMI",
        "more-data3": "Inbuilt Speaker",
        "more-data4": "Brightness: 250 nits",
        "more-data5": "Response Time: 5 ms",
        "more-data6": "HDMI Ports - 1",
        "new-price": "₹7,499",
        "old-price": "₹21,999",
        "discount": "65% off",
        "delivery-type": "Free delivery"
    },
    {
        "description": "DELL 19.5 inch HD Monitor (D2020H)",
        "image": "https://rukminim2.flixcart.com/image/312/312/kixgtjk0-0/monitor/e/a/m/d2020h-d2020h-dell-original-imafym3kxmbhzzf6.jpeg",
        "stars": "4.3",
        "ratings": "1,554 Ratings ",
        "reviews": " 183 Reviews",
        "more-data": "Screen Resolution Type: HD",
        "more-data2": "VGA Support",
        "more-data3": "Response Time: 5 ms",
        "more-data4": "HDMI Ports - 1",
        "more-data5": "3 YEARS DELL INDIA WARRANTY",
        "new-price": "₹8,299",
        "old-price": "₹12,529",
        "discount": "33% off",
        "delivery-type": "Free delivery"
    },
    {
        "description": "SAMSUNG 22 inch Full HD IPS Panel Monitor (LF22T354FHWXXL)",
        "image": "https://rukminim2.flixcart.com/image/312/312/kynb6vk0/monitor/1/n/s/lf22t354fhwxxl-full-hd-22-lf22t354fhwxxl-samsung-original-imagats2rjbg9uhv.jpeg",
        "stars": "4.4",
        "ratings": "1,040 Ratings ",
        "reviews": " 156 Reviews",
        "more-data": "Panel Type: IPS Panel",
        "more-data2": "Screen Resolution Type: Full HD",
        "more-data3": "Brightness: 250 nits",
        "more-data4": "Response Time: 5 ms | Refresh Rate: 75 Hz",
        "more-data5": "HDMI Ports - 1",
        "more-data6": "3 Years Domestic Warranty",
        "new-price": "₹10,199",
        "old-price": "₹17,290",
        "discount": "41% off",
        "delivery-type": "Free delivery"
    },
    {
        "description": "SAMSUNG 22 inch Full HD LED Backlit IPS Panel Monitor (LF22T352FHWXXL)",
        "image": "https://rukminim2.flixcart.com/image/312/312/khxqt8w0-0/monitor/c/p/u/lf22t352fhwxxl-13256-samsung-original-imafxub9zjd7wqcs.jpeg",
        "stars": "3.7",
        "ratings": "3 Ratings ",
        "reviews": " 1 Reviews",
        "more-data": "Panel Type: IPS Panel",
        "more-data2": "Screen Resolution Type: Full HD",
        "more-data3": "VGA Support | HDMI",
        "more-data4": "Response Time: 5 ms",
        "more-data5": "3 Year Domestic Warranty",
        "new-price": "₹11,950",
        "old-price": "₹14,300",
        "discount": "16% off",
        "delivery-type": "Free delivery"
    },
    {
        "description": "LG 24 inch Full HD LED Backlit IPS Panel White Colour Monitor (24MK600M)",
        "image": "https://rukminim2.flixcart.com/image/312/312/kthjy4w0/monitor/q/b/t/24mk600m-full-hd-24mk600m-w-lg-original-imag6tbeufsgmwhy.jpeg",
        "stars": "4.4",
        "ratings": "6,521 Ratings ",
        "reviews": " 1,101 Reviews",
        "more-data": "Panel Type: IPS Panel",
        "more-data2": "Screen Resolution Type: Full HD",
        "more-data3": "VGA Support | HDMI",
        "more-data4": "Brightness: 250 nits",
        "more-data5": "Response Time: 5 ms | Refresh Rate: 75 Hz",
        "more-data6": "HDMI Ports - 2",
        "new-price": "₹13,499",
        "old-price": "₹16,500",
        "discount": "18% off",
        "delivery-type": "Free delivery"
    },
    {
        "description": "ZEBRONICS 27 inch Full HD Monitor (ZEB-A27FHD Ultra slim LED monitor with 68.5cm,75Hz refresh rate)",
        "image": "https://rukminim2.flixcart.com/image/312/312/l2nmnww0/monitor/l/f/5/-original-imagdyc4d3k6ndnr.jpeg",
        "stars": "4.4",
        "ratings": "12 Ratings ",
        "reviews": " 1 Reviews",
        "more-data": "Screen Resolution Type: Full HD",
        "more-data2": "VGA Support | HDMI",
        "more-data3": "Brightness: 250 nits",
        "more-data4": "Response Time: 12 ms",
        "more-data5": "Three year carry into service centre",
        "new-price": "₹12,999",
        "old-price": "₹27,999",
        "discount": "53% off",
        "delivery-type": "Free delivery"
    },
    {
        "description": "LG 22 inch Full HD LED Backlit IPS Panel Monitor (22MP68VQ)",
        "image": "https://rukminim2.flixcart.com/image/312/312/k02qnww0/monitor/s/z/c/22mp68vq-22mp68-lg-original-imafjy9zfwfnngna.jpeg",
        "stars": "4.5",
        "ratings": "4,310 Ratings ",
        "reviews": " 814 Reviews",
        "more-data": "Panel Type: IPS Panel",
        "more-data2": "Screen Resolution Type: Full HD",
        "more-data3": "VGA Support | HDMI",
        "more-data4": "Brightness: 250 nits",
        "more-data5": "Response Time: 5 ms | Refresh Rate: 75 Hz",
        "more-data6": "HDMI Ports - 1",
        "new-price": "₹11,499",
        "old-price": "₹14,250",
        "discount": "19% off",
        "delivery-type": "Free delivery"
    },
    {
        "description": "AOC 23.8 inch Full HD Monitor (24B2XH)",
        "image": "https://rukminim2.flixcart.com/image/312/312/kplisnk0/monitor/w/y/a/24b2xh-23-8-24b2xh-aoc-original-imag3szzrzrbpuae.jpeg",
        "stars": "4.5",
        "ratings": "51 Ratings ",
        "reviews": " 3 Reviews",
        "more-data": "Screen Resolution Type: Full HD",
        "more-data2": "Response Time: 8 ms",
        "more-data3": "3 Years on Site Warranty",
        "new-price": "₹10,799",
        "old-price": "₹14,490",
        "discount": "25% off"
    },
    {
        "description": "acer 21.5 inch Full HD IPS Panel White Colour Monitor (HA220Q)",
        "image": "https://rukminim2.flixcart.com/image/312/312/kfmv9u80/monitor/9/n/v/ha220q-um-ww0si-a01-acer-original-imafwfjq3gzgjvz5.jpeg",
        "stars": "4.5",
        "ratings": "3,279 Ratings ",
        "reviews": " 641 Reviews",
        "more-data": "Panel Type: IPS Panel",
        "more-data2": "Screen Resolution Type: Full HD",
        "more-data3": "VGA Support | HDMI",
        "more-data4": "Inbuilt Speaker",
        "more-data5": "Brightness: 250 nits",
        "more-data6": "Response Time: 4 ms | Refresh Rate: 75 Hz",
        "new-price": "₹11,499",
        "old-price": "₹15,700",
        "discount": "26% off",
        "delivery-type": "Free delivery"
    },
    {
        "description": "acer Nitro 23.8 inch Full HD LED Backlit IPS Panel Gaming Monitor (VG240Y)",
        "image": "https://rukminim2.flixcart.com/image/312/312/kk76wsw0/monitor/z/j/2/vg240ys-um-qv0ss-s01-acer-original-imafzhrx7chh7cbg.jpeg",
        "stars": "4.5",
        "ratings": "896 Ratings ",
        "reviews": " 137 Reviews",
        "more-data": "Panel Type: IPS Panel",
        "more-data2": "Screen Resolution Type: Full HD",
        "more-data3": "Brightness: 250 Nits",
        "more-data4": "Response Time: 0.5 ms | Refresh Rate: 165 Hz",
        "more-data5": "HDMI Ports - 2",
        "more-data6": "3 Years Onsite Warranty from Date of Purchase",
        "new-price": "₹14,995",
        "old-price": "₹17,500",
        "discount": "14% off",
        "delivery-type": "Free delivery"
    },
    {
        "description": "DELL S Series 24 inch Full HD IPS Panel Monitor (S2421HN)",
        "image": "https://rukminim2.flixcart.com/image/312/312/kmp7ngw0/monitor/p/b/s/s2421hn-24-kvmtc-dell-original-imagfjphb5ytsfkj.jpeg",
        "stars": "4.5",
        "ratings": "2,371 Ratings ",
        "reviews": " 343 Reviews",
        "more-data": "Panel Type: IPS Panel",
        "more-data2": "Screen Resolution Type: Full HD",
        "more-data3": "Response Time: 4 ms | Refresh Rate: 75 Hz",
        "more-data4": "HDMI Ports - 2",
        "more-data5": "3 Years Warranty",
        "new-price": "₹13,899",
        "old-price": "₹20,849",
        "discount": "33% off",
        "delivery-type": "Free delivery"
    },
    {
        "description": "DELL S Series 27 inch Full HD IPS Panel Ultra Slim Bezel Monitor (S2721HN)",
        "image": "https://rukminim2.flixcart.com/image/312/312/kmp7ngw0/monitor/j/z/h/s2721hn-27-py0df-dell-original-imagfjphuywuh2a7.jpeg",
        "stars": "4.4",
        "ratings": "708 Ratings ",
        "reviews": " 105 Reviews",
        "more-data": "Panel Type: IPS Panel",
        "more-data2": "Screen Resolution Type: Full HD",
        "more-data3": "Response Time: 4 ms | Refresh Rate: 75 Hz",
        "more-data4": "HDMI Ports - 2",
        "more-data5": "3 Years Warranty",
        "new-price": "₹16,899",
        "old-price": "₹28,719",
        "discount": "41% off",
        "delivery-type": "Free delivery"
    },
    {
        "description": "acer 23.8 inch Full HD LED Backlit IPS Panel Monitor (HA240Y)",
        "image": "https://rukminim2.flixcart.com/image/312/312/ks0onm80/monitor/8/k/l/ha240y-um-hw0si-a01-acer-original-imag5zjzfcfgzydm.jpeg",
        "stars": "4.5",
        "ratings": "1,288 Ratings ",
        "reviews": " 259 Reviews",
        "more-data": "Panel Type: IPS Panel",
        "more-data2": "Screen Resolution Type: Full HD",
        "more-data3": "Brightness: 250 nits",
        "more-data4": "Response Time: 4 ms | Refresh Rate: 75 Hz",
        "more-data5": "HDMI Ports - 1",
        "more-data6": "3 Years on Site",
        "new-price": "₹12,399",
        "old-price": "₹13,532",
        "discount": "8% off",
        "delivery-type": "Free delivery"
    },
    {
        "description": "SAMSUNG 26.5 inch Curved Full HD VA Panel Frameless Monitor (LC27F390FHWXXL)",
        "image": "https://rukminim2.flixcart.com/image/312/312/kj8wccw0-0/monitor/m/p/i/24-inch-curved-monitor-lc24f390fhwxxl-samsung-original-imafyvyg9jd7behg.jpeg",
        "stars": "4.5",
        "ratings": "2,819 Ratings ",
        "reviews": " 496 Reviews",
        "more-data": "Panel Type: VA Panel",
        "more-data2": "Screen Resolution Type: Full HD",
        "more-data3": "Response Time: 4 ms | Refresh Rate: 60 Hz",
        "more-data4": "3 Years Warranty",
        "new-price": "₹15,499",
        "old-price": "₹24,700",
        "discount": "37% off",
        "delivery-type": "Free delivery"
    },
    {
        "description": "HP 23.8 inch Full HD LED Backlit IPS Panel White Colour Monitor (M24fwa)",
        "image": "https://rukminim2.flixcart.com/image/312/312/ksez24w0/monitor/f/t/6/m24fwa-full-hd-34y23aa-hp-original-imag5ztf4gtjsdzf.jpeg",
        "stars": "4.4",
        "ratings": "759 Ratings ",
        "reviews": " 99 Reviews",
        "more-data": "Panel Type: IPS Panel",
        "more-data2": "Screen Resolution Type: Full HD",
        "more-data3": "Brightness: 300 nits",
        "more-data4": "Response Time: 5 ms | Refresh Rate: 60 Hz",
        "more-data5": "HDMI Ports - 1",
        "more-data6": "3 Years Warranty Provided by the Manufacturer from Date of Purchase",
        "new-price": "₹15,499",
        "old-price": "₹17,500",
        "discount": "11% off",
        "delivery-type": "Free delivery"
    },
    {
        "description": "HP M Series 21.5 inch Full HD LED Backlit IPS Panel Monitor (M22f)",
        "image": "https://rukminim2.flixcart.com/image/312/312/ksc46fk0/monitor/l/d/x/m22f-2e2y3aa-acj-hp-original-imag5x3zp6m7jphd.jpeg",
        "stars": "4.5",
        "ratings": "1,418 Ratings ",
        "reviews": " 204 Reviews",
        "more-data": "Panel Type: IPS Panel",
        "more-data2": "Screen Resolution Type: Full HD",
        "more-data3": "Brightness: 300 nits",
        "more-data4": "Response Time: 5 ms | Refresh Rate: 75 Hz",
        "more-data5": "HDMI Ports - 1",
        "more-data6": "3 year domestic onsite manufacturer warranty on the device from the date of purchase. In case of any technical/product related queries, please call 1800-258-7170 or 1860-258-3079.",
        "new-price": "₹13,299",
        "old-price": "₹14,876",
        "discount": "10% off",
        "delivery-type": "Free delivery"
    },
    {
        "description": "BenQ 23.8 inch Full HD LED Backlit IPS Panel Monitor (GW2480)",
        "image": "https://rukminim2.flixcart.com/image/312/312/kkfrjww0/monitor/k/y/u/gw2780-na-benq-original-imafzs3hhv2wtcsd.jpeg",
        "stars": "4.5",
        "ratings": "4,050 Ratings ",
        "reviews": " 650 Reviews",
        "more-data": "Panel Type: IPS Panel",
        "more-data2": "Screen Resolution Type: Full HD",
        "more-data3": "VGA Support | HDMI",
        "more-data4": "Inbuilt Speaker",
        "more-data5": "Brightness: 250 nits",
        "more-data6": "Response Time: 5 ms | Refresh Rate: 60 Hz",
        "new-price": "₹12,500",
        "old-price": "₹15,990",
        "discount": "21% off",
        "delivery-type": "Free delivery"
    },
    {
        "description": "BenQ 27 inch Full HD LED Backlit IPS Panel Monitor (GW2780)",
        "image": "https://rukminim2.flixcart.com/image/312/312/kkfrjww0/monitor/k/y/u/gw2780-na-benq-original-imafzs3hhv2wtcsd.jpeg",
        "stars": "4.5",
        "ratings": "4,050 Ratings ",
        "reviews": " 650 Reviews",
        "more-data": "Panel Type: IPS Panel",
        "more-data2": "Screen Resolution Type: Full HD",
        "more-data3": "Brightness: 250 nits",
        "more-data4": "Response Time: 5 ms | Refresh Rate: 60 Hz",
        "more-data5": "HDMI Ports - 1",
        "more-data6": "3 Years Warranty",
        "new-price": "₹15,490",
        "old-price": "₹19,990",
        "discount": "22% off",
        "delivery-type": "Free delivery"
    },
    {
        "description": "acer Nitro 21.5 inch Full HD LED Backlit VA Panel Monitor (QG221Q)",
        "image": "https://rukminim2.flixcart.com/image/312/312/k37mg7k0/monitor/c/q/k/qg221q-um-wq1si-001-acer-original-imafme5tnkeuu3dr.jpeg",
        "stars": "4.5",
        "ratings": "3,366 Ratings ",
        "reviews": " 522 Reviews",
        "more-data": "Panel Type: VA Panel",
        "more-data2": "Screen Resolution Type: Full HD",
        "more-data3": "Brightness: 250 nits",
        "more-data4": "Response Time: 1 ms | Refresh Rate: 75 Hz",
        "more-data5": "HDMI Ports - 2",
        "more-data6": "3 Years Warranty",
        "new-price": "₹10,599",
        "old-price": "₹15,600",
        "discount": "32% off",
        "delivery-type": "Free delivery"
    },
    {
        "description": "acer 19.5 inch HD+ LED Backlit TN Panel Monitor (V206HQL)",
        "image": "https://rukminim2.flixcart.com/image/312/312/k0463rk0/monitor/n/6/b/v206hql-v206hql-acer-original-imafjzemapccwgby.jpeg",
        "stars": "4.3",
        "ratings": "15,914 Ratings ",
        "reviews": " 2,644 Reviews",
        "more-data": "Panel Type: TN Panel",
        "more-data2": "Screen Resolution Type: HD+",
        "more-data3": "Brightness: 200 nits",
        "more-data4": "Response Time: 5 ms | Refresh Rate: 60 Hz",
        "more-data5": "HDMI Ports - 1",
        "more-data6": "3 Years Warranty",
        "new-price": "₹7,999",
        "old-price": "₹9,000",
        "discount": "11% off",
        "delivery-type": "Free delivery"
    },
    {
        "description": "ZEBRONICS 27 inch Full HD Gaming Monitor (ZEB-A27FHD Slim Gaming LED monitor with 68.5cm, 165Hz refres...",
        "image": "https://rukminim2.flixcart.com/image/312/312/l2nmnww0/monitor/l/g/t/-original-imagdyc4x5469ane.jpeg",
        "more-data": "Screen Resolution Type: Full HD",
        "more-data2": "HDMI",
        "more-data3": "Brightness: 300 nits",
        "more-data4": "Response Time: 12 ms",
        "more-data5": "Three year carry into service centre",
        "new-price": "₹14,999",
        "old-price": "₹37,999",
        "discount": "60% off",
        "delivery-type": "Free delivery"
    },
    {
        "description": "MSI 27 inch Full HD IPS Panel Gaming Monitor (Optix G271)",
        "image": "https://rukminim2.flixcart.com/image/312/312/ktlu9ow0/monitor/r/u/i/optix-g271-full-hd-optix-g271-msi-original-imag6wthhsuznfp6.jpeg",
        "stars": "4.6",
        "ratings": "320 Ratings ",
        "reviews": " 44 Reviews",
        "more-data": "Panel Type: IPS Panel",
        "more-data2": "Screen Resolution Type: Full HD",
        "more-data3": "Response Time: 1 ms | Refresh Rate: 144 Hz",
        "more-data4": "3 years warranty",
        "new-price": "₹17,499",
        "old-price": "₹31,500",
        "discount": "44% off",
        "delivery-type": "Free delivery"
    },
    {
        "description": "acer 23.8 inch Full HD LED Backlit VA Panel Monitor (EK240Y)",
        "image": "https://rukminim2.flixcart.com/image/312/312/ku2zjww0/monitor/p/o/t/ek240yc-full-hd-um-qe0si-c01-acer-original-imag7ayj7uuuvscf.jpeg",
        "stars": "4.4",
        "ratings": "215 Ratings ",
        "reviews": " 28 Reviews",
        "more-data": "Panel Type: VA Panel",
        "more-data2": "Screen Resolution Type: Full HD",
        "more-data3": "Brightness: 250 nits",
        "more-data4": "Response Time: 5 ms | Refresh Rate: 75 Hz",
        "more-data5": "HDMI Ports - 1",
        "more-data6": "3 Years On-site",
        "new-price": "₹10,999",
        "old-price": "₹17,500",
        "discount": "37% off",
        "delivery-type": "Free delivery"
    },
    {
        "description": "acer 19.5 inch HD LED Backlit TN Panel Monitor (K202HQL)",
        "image": "https://rukminim2.flixcart.com/image/312/312/kbtp0280/monitor/g/e/y/k202hql-um-ix3ss-a06-acer-original-imaft2waph2vqusy.jpeg",
        "stars": "4.2",
        "ratings": "595 Ratings ",
        "reviews": " 78 Reviews",
        "more-data": "Panel Type: TN Panel",
        "more-data2": "Screen Resolution Type: HD",
        "more-data3": "VGA Support",
        "more-data4": "Brightness: 200 nits",
        "more-data5": "Response Time: 5 ms | Refresh Rate: 60 Hz",
        "more-data6": "3 Years on Site",
        "new-price": "₹7,999",
        "old-price": "₹11,600",
        "discount": "31% off",
        "delivery-type": "Free delivery"
    },
    {
        "description": "HP M Series 23.8 inch Full HD LED Backlit IPS Panel Monitor (M24f)",
        "image": "https://rukminim2.flixcart.com/image/312/312/kox8b680/monitor/v/m/g/m24f-2e2y4aa-acj-hp-original-imag39t3zqstr4zg.jpeg",
        "stars": "4.5",
        "ratings": "1,418 Ratings ",
        "reviews": " 204 Reviews",
        "more-data": "Panel Type: IPS Panel",
        "more-data2": "Screen Resolution Type: Full HD",
        "more-data3": "Brightness: 300 nits",
        "more-data4": "Response Time: 5 ms | Refresh Rate: 75 Hz",
        "more-data5": "HDMI Ports - 1",
        "more-data6": "3 year domestic onsite manufacturer warranty on the device from the date of purchase. In case of any technical/product related queries, please call 1800-258-7170 or 1860-258-3079.",
        "new-price": "₹15,999",
        "old-price": "₹17,500",
        "discount": "8% off",
        "delivery-type": "Free delivery"
    },
    {
        "description": "LG 24 inch Full HD LED Backlit IPS Panel Gaming Monitor (24MP60G)",
        "image": "https://rukminim2.flixcart.com/image/312/312/kw2fki80/monitor/a/b/u/24mp60g-full-hd-24-24mp60g-b-atr-lg-original-imag8tzdagkdz2pm.jpeg",
        "stars": "4.7",
        "ratings": "63 Ratings ",
        "reviews": " 7 Reviews",
        "more-data": "Panel Type: IPS Panel",
        "more-data2": "Screen Resolution Type: Full HD",
        "more-data3": "Response Time: 5 ms",
        "more-data4": "HDMI Ports - 1",
        "more-data5": "3 Year Parts and Labor",
        "new-price": "₹13,699",
        "old-price": "₹15,500",
        "discount": "11% off",
        "delivery-type": "Free delivery"
    },
    {
        "description": "HP 27m 27 inch Full HD LED Backlit IPS Panel Ultra Thin Monitor (27m)",
        "image": "https://rukminim2.flixcart.com/image/312/312/kbcjpu80/monitor/a/s/e/27m-3wl49aa-hp-original-imafsputczcjgktz.jpeg",
        "stars": "4.5",
        "ratings": "1,530 Ratings ",
        "reviews": " 246 Reviews",
        "more-data": "Panel Type: IPS Panel",
        "more-data2": "Screen Resolution Type: Full HD",
        "more-data3": "Brightness: 250 nits",
        "more-data4": "Response Time: 5 ms | Refresh Rate: 60 Hz",
        "more-data5": "HDMI Ports - 1",
        "more-data6": "3 Years Warranty Provided by the Manufacturer from Date of Purchase",
        "new-price": "₹15,999",
        "old-price": "₹19,999",
        "discount": "20% off",
        "delivery-type": "Free delivery"
    },
    {
        "description": "LG 19M 18.5 inches HD LED Backlit TN Panel Monitor (19M38AB)",
        "image": "https://rukminim2.flixcart.com/image/312/312/jhtg4280/monitor/4/r/w/16m38-16m38-lg-original-imaet99eucchghrk.jpeg",
        "stars": "4.3",
        "ratings": "4,866 Ratings ",
        "reviews": " 718 Reviews",
        "more-data": "Panel Type: TN Panel",
        "more-data2": "Screen Resolution Type: HD",
        "more-data3": "VGA Support",
        "more-data4": "Brightness: 200 nits",
        "more-data5": "Response Time: 5 ms | Refresh Rate: 60 Hz",
        "more-data6": "3 Years Onsite Warranty",
        "new-price": "₹7,599",
        "old-price": "₹8,600",
        "discount": "11% off",
        "delivery-type": "Free delivery"
    },
    {
        "description": "LG 18.5 inch HD LED Backlit TN Panel Monitor (19M38HB-B.BTRS)",
        "image": "https://rukminim2.flixcart.com/image/312/312/kf5pzm80/monitor/5/j/5/19m38hb-19m38hb-lg-original-imafvnvfgevdnfyz.jpeg",
        "stars": "4.2",
        "ratings": "1,321 Ratings ",
        "reviews": " 200 Reviews",
        "more-data": "Panel Type: TN Panel",
        "more-data2": "Screen Resolution Type: HD",
        "more-data3": "VGA Support | HDMI",
        "more-data4": "Brightness: 200 nits",
        "more-data5": "Response Time: 5 ms | Refresh Rate: 60 Hz",
        "more-data6": "HDMI Ports - 1",
        "new-price": "₹7,859",
        "old-price": "₹9,200",
        "discount": "14% off",
        "delivery-type": "Free delivery"
    },
    {
        "description": "BenQ ENTERTAINMENT 27 inch Full HD LED Backlit Ultra Slim Bezel Monitor (EW2780)",
        "image": "https://rukminim2.flixcart.com/image/312/312/kkfrjww0/monitor/k/h/3/ew2480-9-benq-original-imafzs3h2gmfnydh.jpeg",
        "stars": "4.5",
        "ratings": "166 Ratings ",
        "reviews": " 26 Reviews",
        "more-data": "Screen Resolution Type: Full HD",
        "more-data2": "Inbuilt Speaker",
        "more-data3": "Response Time: 5 ms | Refresh Rate: 75 Hz",
        "more-data4": "HDMI Ports - 3",
        "more-data5": "3 YEARS ONSITE",
        "new-price": "₹16,990",
        "old-price": "₹24,990",
        "discount": "32% off",
        "delivery-type": "Free delivery"
    },
    {
        "description": "DELL E-Series 24 inch Full HD LED Backlit IPS Panel Monitor (E2422HN)",
        "image": "https://rukminim2.flixcart.com/image/312/312/kvcpn680/monitor/e/d/2/e2422hn-full-hd-24-210-bbuh-dell-original-imag89mdbhkt22rf.jpeg",
        "stars": "4.4",
        "ratings": "59 Ratings ",
        "reviews": " 5 Reviews",
        "more-data": "Panel Type: IPS Panel",
        "more-data2": "Screen Resolution Type: Full HD",
        "more-data3": "Brightness: 250 nits",
        "more-data4": "Response Time: 5 ms | Refresh Rate: 60 Hz",
        "more-data5": "HDMI Ports - 1",
        "more-data6": "3 Years Domestic Warranty",
        "new-price": "₹11,999",
        "old-price": "₹29,599",
        "discount": "59% off",
        "delivery-type": "Free delivery"
    },
    {
        "description": "LG M39 19.5 inch HD LED Backlit TN Panel Wall Mountable Monitor (20M39A)",
        "image": "https://rukminim2.flixcart.com/image/312/312/kb2jmvk0/monitor/7/g/5/20m39a-20m39a-lg-original-imafsg4u3zyzze9x.jpeg",
        "stars": "4.3",
        "ratings": "484 Ratings ",
        "reviews": " 52 Reviews",
        "more-data": "Panel Type: TN Panel",
        "more-data2": "Screen Resolution Type: HD",
        "more-data3": "VGA Support",
        "more-data4": "Brightness: 200 nits",
        "more-data5": "Response Time: 5 ms | Refresh Rate: 60 Hz",
        "more-data6": "3 Years Warranty",
        "new-price": "₹8,499",
        "old-price": "₹9,600",
        "discount": "11% off",
        "delivery-type": "Free delivery"
    },
    {
        "description": "acer 21.5 inch Full HD LED Backlit VA Panel Monitor (22CV1Q)",
        "image": "https://rukminim2.flixcart.com/image/312/312/kwcfngw0/monitor/h/7/t/-original-imag9fg2gvrfzpfs.jpeg",
        "stars": "4.3",
        "ratings": "1,100 Ratings ",
        "reviews": " 152 Reviews",
        "more-data": "Panel Type: VA Panel",
        "more-data2": "Screen Resolution Type: Full HD",
        "more-data3": "Brightness: 250 Nits",
        "more-data4": "Response Time: 5 ms | Refresh Rate: 75 Hz",
        "more-data5": "HDMI Ports - 1",
        "more-data6": "3 Years Warranty",
        "new-price": "₹9,099",
        "old-price": "₹13,000",
        "discount": "30% off",
        "delivery-type": "Free delivery"
    },
    {
        "description": "LG UltraGear 24 Inch Full HD IPS Panel Gaming Monitor (24GN600)",
        "image": "https://rukminim2.flixcart.com/image/312/312/l0wrafk0/monitor/c/2/e/24gn600-full-hd-24-24gn600-lg-original-imagch7mefmxwehy.jpeg",
        "more-data": "Panel Type: IPS Panel",
        "more-data2": "Screen Resolution Type: Full HD",
        "more-data3": "Brightness: 300 nits",
        "more-data4": "Response Time: 1 ms",
        "more-data5": "HDMI Ports - 2",
        "more-data6": "1 Year Warranty Parts and Labor",
        "new-price": "₹15,499",
        "old-price": "₹21,888",
        "discount": "29% off",
        "delivery-type": "Free delivery"
    },
    {
        "description": "Lenovo Q - Series 23.8 inch Full HD LED Backlit IPS Panel with TUV Eyesafe Vision Health Board Certifi...",
        "image": "https://rukminim2.flixcart.com/image/312/312/kq18n0w0/monitor/u/3/d/q24i-1l-23-8-66c0kac3in-lenovo-original-imag44n7ngdqkhcq.jpeg",
        "stars": "4.5",
        "ratings": "505 Ratings ",
        "reviews": " 58 Reviews",
        "more-data": "Panel Type: IPS Panel",
        "more-data2": "Screen Resolution Type: Full HD",
        "more-data3": "Brightness: 250 nits",
        "more-data4": "Response Time: 4 ms",
        "more-data5": "HDMI Ports - 1",
        "more-data6": "3 Years Warranty",
        "new-price": "₹14,489",
        "old-price": "₹17,190",
        "discount": "15% off",
        "delivery-type": "Free delivery"
    },
    {
        "description": "BenQ 22 inch Full HD LED Backlit VA Panel Monitor (GW2280)",
        "image": "https://rukminim2.flixcart.com/image/312/312/kura1e80/monitor/l/t/l/gw2280-full-hd-22-gw2280-benq-original-imag7t9tqskqfeen.jpeg",
        "stars": "4.5",
        "ratings": "4,050 Ratings ",
        "reviews": " 650 Reviews",
        "more-data": "Panel Type: VA Panel",
        "more-data2": "Screen Resolution Type: Full HD",
        "more-data3": "Brightness: 250 nits",
        "more-data4": "Response Time: 5 ms | Refresh Rate: 60 Hz",
        "more-data5": "HDMI Ports - 2",
        "more-data6": "3 Year Limited Warranty",
        "new-price": "₹10,250",
        "old-price": "₹12,990",
        "discount": "21% off",
        "delivery-type": "Free delivery"
    },
    {
        "description": "Enter 19 inch HD LED Backlit Gaming Monitor (E-M0-A01)",
        "image": "https://rukminim2.flixcart.com/image/312/312/kuef2q80/monitor/f/n/p/19-inch-hd-led-backlit-gaming-monitor-e-mo-a01-response-time-5-original-imag7gf4scunyzgq.jpeg",
        "stars": "4",
        "ratings": "21 Ratings ",
        "reviews": " 1 Reviews",
        "more-data": "Screen Resolution Type: HD",
        "more-data2": "Response Time: 5 ms",
        "more-data3": "HDMI Ports - 1",
        "more-data4": "1 Year, by Brand",
        "new-price": "₹5,185",
        "old-price": "₹8,999",
        "discount": "42% off",
        "delivery-type": "Free delivery"
    },
    {
        "description": "Enter 15.4 inch HD Monitor (E-MO-A08)",
        "image": "https://rukminim2.flixcart.com/image/312/312/ktop5e80/monitor/l/b/x/e-m0-a08-hd-15-4-e-m0-a08-enter-original-imag6z9tjtjeauqq.jpeg",
        "stars": "3.5",
        "ratings": "97 Ratings ",
        "reviews": " 8 Reviews",
        "more-data": "Screen Resolution Type: HD",
        "more-data2": "Response Time: 3 ms | Refresh Rate: 75 Hz",
        "more-data3": "1 Year",
        "new-price": "₹3,599",
        "old-price": "₹3,995",
        "discount": "9% off",
        "delivery-type": "Free delivery"
    },
    {
        "description": "MSI Optix 23.6 inch Curved Full HD VA Panel Gaming Monitor (Optix G24C4)",
        "image": "https://rukminim2.flixcart.com/image/312/312/ktlu9ow0/monitor/h/q/x/optix-g24c4-full-hd-optix-g24c4-msi-original-imag6wthhjgv7gf8.jpeg",
        "stars": "4.7",
        "ratings": "318 Ratings ",
        "reviews": " 42 Reviews",
        "more-data": "Panel Type: VA Panel",
        "more-data2": "Screen Resolution Type: Full HD",
        "more-data3": "Brightness: 250 nits",
        "more-data4": "Response Time: 1 ms | Refresh Rate: 144 Hz",
        "more-data5": "3 Year Manufucature warranty",
        "new-price": "₹15,499",
        "old-price": "₹24,000",
        "discount": "35% off",
        "delivery-type": "Free delivery"
    },
    {
        "description": "LG 31.5 inch Full HD LED Backlit Monitor (32SP510M-PM.ATRELPN)",
        "image": "https://rukminim2.flixcart.com/image/312/312/krwec280/monitor/e/7/3/32sp510m-pm-atr-32-32sp510m-pm-atr-lg-original-imag5h7mepwtjpxa.jpeg",
        "stars": "4.3",
        "ratings": "12 Ratings ",
        "reviews": " 4 Reviews",
        "more-data": "Screen Resolution Type: Full HD",
        "more-data2": "Response Time: 8 ms | Refresh Rate: 75 Hz",
        "more-data3": "HDMI Ports - 2",
        "more-data4": "3 Years Warranty (Parts and Labor)",
        "new-price": "₹19,190",
        "old-price": "₹20,000",
        "discount": "4% off",
        "delivery-type": "Free delivery"
    },
    {
        "description": "LG 21.5 inch Full HD IPS Panel Ultra Thin Monitor (22MK600M)",
        "image": "https://rukminim2.flixcart.com/image/312/312/kb2jmvk0/monitor/h/q/q/22mk600m-22mk600m-lg-original-imafsg4tunkw9fts.jpeg",
        "stars": "4.4",
        "ratings": "6,521 Ratings ",
        "reviews": " 1,101 Reviews",
        "more-data": "Panel Type: IPS Panel",
        "more-data2": "Screen Resolution Type: Full HD",
        "more-data3": "HDMI",
        "more-data4": "Brightness: 250 nits",
        "more-data5": "Response Time: 5 ms | Refresh Rate: 75 Hz",
        "more-data6": "HDMI Ports - 2",
        "new-price": "₹11,099",
        "old-price": "₹13,000",
        "discount": "14% off",
        "delivery-type": "Free delivery"
    },
    {
        "description": "acer 19.5 inch HD LED Backlit TN Panel Monitor (20CH1Q)",
        "image": "https://rukminim2.flixcart.com/image/312/312/k8et4sw0/monitor/c/y/h/20ch1q-um-ic1si-001-acer-original-imafqfqdqfnxxwjk.jpeg",
        "stars": "4",
        "ratings": "478 Ratings ",
        "reviews": " 63 Reviews",
        "more-data": "Panel Type: TN Panel",
        "more-data2": "Screen Resolution Type: HD",
        "more-data3": "VGA Support | HDMI",
        "more-data4": "Brightness: 200 nits",
        "more-data5": "Response Time: 5 ms | Refresh Rate: 60 Hz",
        "more-data6": "HDMI Ports - 1",
        "new-price": "₹7,299",
        "old-price": "₹11,500",
        "discount": "36% off",
        "delivery-type": "Free delivery"
    },
    {
        "description": "LG 24 inch Full HD LED Backlit IPS Panel White Colour Monitor (24MP88HV-SB.ATRLMVN)",
        "image": "https://rukminim2.flixcart.com/image/312/312/j1qqs280/monitor/w/w/n/24mp88hv-s-24mp88hv-s-lg-original-imaet99esdqsnvdc.jpeg",
        "stars": "4.5",
        "ratings": "1,135 Ratings ",
        "reviews": " 196 Reviews",
        "more-data": "Panel Type: IPS Panel",
        "more-data2": "Screen Resolution Type: Full HD",
        "more-data3": "Brightness: 250 nits",
        "more-data4": "Response Time: 5 ms | Refresh Rate: 75 Hz",
        "more-data5": "HDMI Ports - 2",
        "more-data6": "3 Years Onsite Warranty",
        "new-price": "₹16,999",
        "old-price": "₹21,000",
        "discount": "19% off",
        "delivery-type": "Free delivery"
    },
    {
        "description": "Lenovo 18.5 inch HD TN Panel Monitor (D19-10)",
        "image": "https://rukminim2.flixcart.com/image/312/312/k5bcscw0/monitor/y/z/h/d19-10-61e0kar6ww-lenovo-original-imafzyxfkqgkjsa7.jpeg",
        "stars": "4.1",
        "ratings": "835 Ratings ",
        "reviews": " 111 Reviews",
        "more-data": "Panel Type: TN Panel",
        "more-data2": "Screen Resolution Type: HD",
        "more-data3": "VGA Support | HDMI",
        "more-data4": "Brightness: 200 nits",
        "more-data5": "Response Time: 5 ms | Refresh Rate: 60 Hz",
        "more-data6": "HDMI Ports - 1",
        "new-price": "₹7,999",
        "old-price": "₹11,190",
        "discount": "28% off",
        "delivery-type": "Free delivery"
    },
    {
        "description": "SAMSUNG 23.8 inch Curved Full HD LED Backlit VA Panel Monitor (LC24F390FHWXXL)",
        "image": "https://rukminim2.flixcart.com/image/312/312/l0cr4i80/monitor/h/9/j/-original-imagc5h2xarnghhz.jpeg",
        "stars": "4.5",
        "ratings": "2,819 Ratings ",
        "reviews": " 496 Reviews",
        "more-data": "Panel Type: VA Panel",
        "more-data2": "Screen Resolution Type: Full HD",
        "more-data3": "VGA Support | HDMI",
        "more-data4": "Brightness: 250 nits",
        "more-data5": "Response Time: 4 ms | Refresh Rate: 60 Hz",
        "more-data6": "HDMI Ports - 1",
        "new-price": "₹11,819",
        "old-price": "₹16,510",
        "discount": "28% off",
        "delivery-type": "Free delivery"
    },
    {
        "description": "SAMSUNG 27 inch Full HD IPS Panel Gaming Monitor (LS27AG300NWXXL)",
        "image": "https://rukminim2.flixcart.com/image/312/312/kynb6vk0/monitor/3/1/d/ls27ag300nwxxl-full-hd-27-ls27ag300nwxxl-samsung-original-imagatrzphyheftp.jpeg",
        "stars": "4.3",
        "ratings": "49 Ratings ",
        "reviews": " 9 Reviews",
        "more-data": "Panel Type: IPS Panel",
        "more-data2": "Screen Resolution Type: Full HD",
        "more-data3": "Brightness: 250 nits",
        "more-data4": "Response Time: 1 ms | Refresh Rate: 144 Hz",
        "more-data5": "HDMI Ports - 1",
        "more-data6": "3 Years Domestic Warranty",
        "new-price": "₹18,999",
        "old-price": "₹23,500",
        "discount": "19% off",
        "delivery-type": "Free delivery"
    },
    {
        "description": "ZEBRONICS 18.5 inch HD HDMI, VGA Input, HD 1366 x 768, 16.7M Colors, Glossy Panel, Slim Design, Wall M...",
        "image": "https://rukminim2.flixcart.com/image/312/312/ktuewsw0/monitor/i/l/x/zeb-v19hd-led-hd-18-5-zeb-v19hd-led-zebronics-original-imag73hbg3zhz3zx.jpeg",
        "stars": "4.1",
        "ratings": "2,499 Ratings ",
        "reviews": " 281 Reviews",
        "more-data": "Screen Resolution Type: HD",
        "more-data2": "Response Time: 8 ms",
        "more-data3": "1 year carry into service center",
        "new-price": "₹5,699",
        "old-price": "₹6,999",
        "discount": "18% off",
        "delivery-type": "Free delivery"
    },
    {
        "description": "SAMSUNG 24 inch Full HD LED Backlit IPS Panel Monitor (LF24T350FHWXXL)",
        "image": "https://rukminim2.flixcart.com/image/312/312/kiyw9e80/monitor/4/m/s/lf24t350fhwxxl-lf24t350fhwxxl-samsung-original-imafyne6fcqahmmn.jpeg",
        "stars": "4.4",
        "ratings": "1,040 Ratings ",
        "reviews": " 156 Reviews",
        "more-data": "Panel Type: IPS Panel",
        "more-data2": "Screen Resolution Type: Full HD",
        "more-data3": "Response Time: 5 ms | Refresh Rate: 75 Hz",
        "more-data4": "3 Years Warranty",
        "new-price": "₹11,699",
        "old-price": "₹19,100",
        "discount": "38% off",
        "delivery-type": "Free delivery"
    },
    {
        "description": "ZEBRONICS 21.5 inch Full HD Wall mountable, Anti-Glare display, Sleek Design Monitor (Zeb-A22FHD LED)",
        "image": "https://rukminim2.flixcart.com/image/312/312/kij6f0w0/monitor/q/e/y/zeb-a22fhd-led-zeb-a22fhd-led-zebronics-original-imafyazxs3azgazn.jpeg",
        "stars": "4.1",
        "ratings": "299 Ratings ",
        "reviews": " 64 Reviews",
        "more-data": "Screen Resolution Type: Full HD",
        "more-data2": "VGA Support | HDMI",
        "more-data3": "Inbuilt Speaker",
        "more-data4": "Brightness: 250 nits",
        "more-data5": "Response Time: 5 ms",
        "more-data6": "HDMI Ports - 1",
        "new-price": "₹7,499",
        "old-price": "₹21,999",
        "discount": "65% off",
        "delivery-type": "Free delivery"
    },
    {
        "description": "DELL 19.5 inch HD Monitor (D2020H)",
        "image": "https://rukminim2.flixcart.com/image/312/312/kixgtjk0-0/monitor/e/a/m/d2020h-d2020h-dell-original-imafym3kxmbhzzf6.jpeg",
        "stars": "4.3",
        "ratings": "1,554 Ratings ",
        "reviews": " 183 Reviews",
        "more-data": "Screen Resolution Type: HD",
        "more-data2": "VGA Support",
        "more-data3": "Response Time: 5 ms",
        "more-data4": "HDMI Ports - 1",
        "more-data5": "3 YEARS DELL INDIA WARRANTY",
        "new-price": "₹8,299",
        "old-price": "₹12,529",
        "discount": "33% off",
        "delivery-type": "Free delivery"
    },
    {
        "description": "SAMSUNG 22 inch Full HD IPS Panel Monitor (LF22T354FHWXXL)",
        "image": "https://rukminim2.flixcart.com/image/312/312/kynb6vk0/monitor/1/n/s/lf22t354fhwxxl-full-hd-22-lf22t354fhwxxl-samsung-original-imagats2rjbg9uhv.jpeg",
        "stars": "4.4",
        "ratings": "1,040 Ratings ",
        "reviews": " 156 Reviews",
        "more-data": "Panel Type: IPS Panel",
        "more-data2": "Screen Resolution Type: Full HD",
        "more-data3": "Brightness: 250 nits",
        "more-data4": "Response Time: 5 ms | Refresh Rate: 75 Hz",
        "more-data5": "HDMI Ports - 1",
        "more-data6": "3 Years Domestic Warranty",
        "new-price": "₹10,199",
        "old-price": "₹17,290",
        "discount": "41% off",
        "delivery-type": "Free delivery"
    },
    {
        "description": "SAMSUNG 22 inch Full HD LED Backlit IPS Panel Monitor (LF22T352FHWXXL)",
        "image": "https://rukminim2.flixcart.com/image/312/312/khxqt8w0-0/monitor/c/p/u/lf22t352fhwxxl-13256-samsung-original-imafxub9zjd7wqcs.jpeg",
        "stars": "3.7",
        "ratings": "3 Ratings ",
        "reviews": " 1 Reviews",
        "more-data": "Panel Type: IPS Panel",
        "more-data2": "Screen Resolution Type: Full HD",
        "more-data3": "VGA Support | HDMI",
        "more-data4": "Response Time: 5 ms",
        "more-data5": "3 Year Domestic Warranty",
        "new-price": "₹11,950",
        "old-price": "₹14,300",
        "discount": "16% off",
        "delivery-type": "Free delivery"
    },
    {
        "description": "LG 24 inch Full HD LED Backlit IPS Panel White Colour Monitor (24MK600M)",
        "image": "https://rukminim2.flixcart.com/image/312/312/kthjy4w0/monitor/q/b/t/24mk600m-full-hd-24mk600m-w-lg-original-imag6tbeufsgmwhy.jpeg",
        "stars": "4.4",
        "ratings": "6,521 Ratings ",
        "reviews": " 1,101 Reviews",
        "more-data": "Panel Type: IPS Panel",
        "more-data2": "Screen Resolution Type: Full HD",
        "more-data3": "VGA Support | HDMI",
        "more-data4": "Brightness: 250 nits",
        "more-data5": "Response Time: 5 ms | Refresh Rate: 75 Hz",
        "more-data6": "HDMI Ports - 2",
        "new-price": "₹13,499",
        "old-price": "₹16,500",
        "discount": "18% off",
        "delivery-type": "Free delivery"
    },
    {
        "description": "ZEBRONICS 27 inch Full HD Monitor (ZEB-A27FHD Ultra slim LED monitor with 68.5cm,75Hz refresh rate)",
        "image": "https://rukminim2.flixcart.com/image/312/312/l2nmnww0/monitor/l/f/5/-original-imagdyc4d3k6ndnr.jpeg",
        "stars": "4.4",
        "ratings": "12 Ratings ",
        "reviews": " 1 Reviews",
        "more-data": "Screen Resolution Type: Full HD",
        "more-data2": "VGA Support | HDMI",
        "more-data3": "Brightness: 250 nits",
        "more-data4": "Response Time: 12 ms",
        "more-data5": "Three year carry into service centre",
        "new-price": "₹12,999",
        "old-price": "₹27,999",
        "discount": "53% off",
        "delivery-type": "Free delivery"
    },
    {
        "description": "LG 22 inch Full HD LED Backlit IPS Panel Monitor (22MP68VQ)",
        "image": "https://rukminim2.flixcart.com/image/312/312/k02qnww0/monitor/s/z/c/22mp68vq-22mp68-lg-original-imafjy9zfwfnngna.jpeg",
        "stars": "4.5",
        "ratings": "4,310 Ratings ",
        "reviews": " 814 Reviews",
        "more-data": "Panel Type: IPS Panel",
        "more-data2": "Screen Resolution Type: Full HD",
        "more-data3": "VGA Support | HDMI",
        "more-data4": "Brightness: 250 nits",
        "more-data5": "Response Time: 5 ms | Refresh Rate: 75 Hz",
        "more-data6": "HDMI Ports - 1",
        "new-price": "₹11,499",
        "old-price": "₹14,250",
        "discount": "19% off",
        "delivery-type": "Free delivery"
    },
    {
        "description": "AOC 23.8 inch Full HD Monitor (24B2XH)",
        "image": "https://rukminim2.flixcart.com/image/312/312/kplisnk0/monitor/w/y/a/24b2xh-23-8-24b2xh-aoc-original-imag3szzrzrbpuae.jpeg",
        "stars": "4.5",
        "ratings": "51 Ratings ",
        "reviews": " 3 Reviews",
        "more-data": "Screen Resolution Type: Full HD",
        "more-data2": "Response Time: 8 ms",
        "more-data3": "3 Years on Site Warranty",
        "new-price": "₹10,799",
        "old-price": "₹14,490",
        "discount": "25% off"
    },
    {
        "description": "acer 21.5 inch Full HD IPS Panel White Colour Monitor (HA220Q)",
        "image": "https://rukminim2.flixcart.com/image/312/312/kfmv9u80/monitor/9/n/v/ha220q-um-ww0si-a01-acer-original-imafwfjq3gzgjvz5.jpeg",
        "stars": "4.5",
        "ratings": "3,279 Ratings ",
        "reviews": " 641 Reviews",
        "more-data": "Panel Type: IPS Panel",
        "more-data2": "Screen Resolution Type: Full HD",
        "more-data3": "VGA Support | HDMI",
        "more-data4": "Inbuilt Speaker",
        "more-data5": "Brightness: 250 nits",
        "more-data6": "Response Time: 4 ms | Refresh Rate: 75 Hz",
        "new-price": "₹11,499",
        "old-price": "₹15,700",
        "discount": "26% off",
        "delivery-type": "Free delivery"
    },
    {
        "description": "acer Nitro 23.8 inch Full HD LED Backlit IPS Panel Gaming Monitor (VG240Y)",
        "image": "https://rukminim2.flixcart.com/image/312/312/kk76wsw0/monitor/z/j/2/vg240ys-um-qv0ss-s01-acer-original-imafzhrx7chh7cbg.jpeg",
        "stars": "4.5",
        "ratings": "896 Ratings ",
        "reviews": " 137 Reviews",
        "more-data": "Panel Type: IPS Panel",
        "more-data2": "Screen Resolution Type: Full HD",
        "more-data3": "Brightness: 250 Nits",
        "more-data4": "Response Time: 0.5 ms | Refresh Rate: 165 Hz",
        "more-data5": "HDMI Ports - 2",
        "more-data6": "3 Years Onsite Warranty from Date of Purchase",
        "new-price": "₹14,995",
        "old-price": "₹17,500",
        "discount": "14% off",
        "delivery-type": "Free delivery"
    },
    {
        "description": "DELL S Series 24 inch Full HD IPS Panel Monitor (S2421HN)",
        "image": "https://rukminim2.flixcart.com/image/312/312/kmp7ngw0/monitor/p/b/s/s2421hn-24-kvmtc-dell-original-imagfjphb5ytsfkj.jpeg",
        "stars": "4.5",
        "ratings": "2,371 Ratings ",
        "reviews": " 343 Reviews",
        "more-data": "Panel Type: IPS Panel",
        "more-data2": "Screen Resolution Type: Full HD",
        "more-data3": "Response Time: 4 ms | Refresh Rate: 75 Hz",
        "more-data4": "HDMI Ports - 2",
        "more-data5": "3 Years Warranty",
        "new-price": "₹13,899",
        "old-price": "₹20,849",
        "discount": "33% off",
        "delivery-type": "Free delivery"
    },
    {
        "description": "DELL S Series 27 inch Full HD IPS Panel Ultra Slim Bezel Monitor (S2721HN)",
        "image": "https://rukminim2.flixcart.com/image/312/312/kmp7ngw0/monitor/j/z/h/s2721hn-27-py0df-dell-original-imagfjphuywuh2a7.jpeg",
        "stars": "4.4",
        "ratings": "708 Ratings ",
        "reviews": " 105 Reviews",
        "more-data": "Panel Type: IPS Panel",
        "more-data2": "Screen Resolution Type: Full HD",
        "more-data3": "Response Time: 4 ms | Refresh Rate: 75 Hz",
        "more-data4": "HDMI Ports - 2",
        "more-data5": "3 Years Warranty",
        "new-price": "₹16,899",
        "old-price": "₹28,719",
        "discount": "41% off",
        "delivery-type": "Free delivery"
    },
    {
        "description": "acer 23.8 inch Full HD LED Backlit IPS Panel Monitor (HA240Y)",
        "image": "https://rukminim2.flixcart.com/image/312/312/ks0onm80/monitor/8/k/l/ha240y-um-hw0si-a01-acer-original-imag5zjzfcfgzydm.jpeg",
        "stars": "4.5",
        "ratings": "1,288 Ratings ",
        "reviews": " 259 Reviews",
        "more-data": "Panel Type: IPS Panel",
        "more-data2": "Screen Resolution Type: Full HD",
        "more-data3": "Brightness: 250 nits",
        "more-data4": "Response Time: 4 ms | Refresh Rate: 75 Hz",
        "more-data5": "HDMI Ports - 1",
        "more-data6": "3 Years on Site",
        "new-price": "₹12,399",
        "old-price": "₹13,532",
        "discount": "8% off",
        "delivery-type": "Free delivery"
    },
    {
        "description": "SAMSUNG 26.5 inch Curved Full HD VA Panel Frameless Monitor (LC27F390FHWXXL)",
        "image": "https://rukminim2.flixcart.com/image/312/312/kj8wccw0-0/monitor/m/p/i/24-inch-curved-monitor-lc24f390fhwxxl-samsung-original-imafyvyg9jd7behg.jpeg",
        "stars": "4.5",
        "ratings": "2,819 Ratings ",
        "reviews": " 496 Reviews",
        "more-data": "Panel Type: VA Panel",
        "more-data2": "Screen Resolution Type: Full HD",
        "more-data3": "Response Time: 4 ms | Refresh Rate: 60 Hz",
        "more-data4": "3 Years Warranty",
        "new-price": "₹15,499",
        "old-price": "₹24,700",
        "discount": "37% off",
        "delivery-type": "Free delivery"
    },
    {
        "description": "HP 23.8 inch Full HD LED Backlit IPS Panel White Colour Monitor (M24fwa)",
        "image": "https://rukminim2.flixcart.com/image/312/312/ksez24w0/monitor/f/t/6/m24fwa-full-hd-34y23aa-hp-original-imag5ztf4gtjsdzf.jpeg",
        "stars": "4.4",
        "ratings": "759 Ratings ",
        "reviews": " 99 Reviews",
        "more-data": "Panel Type: IPS Panel",
        "more-data2": "Screen Resolution Type: Full HD",
        "more-data3": "Brightness: 300 nits",
        "more-data4": "Response Time: 5 ms | Refresh Rate: 60 Hz",
        "more-data5": "HDMI Ports - 1",
        "more-data6": "3 Years Warranty Provided by the Manufacturer from Date of Purchase",
        "new-price": "₹15,499",
        "old-price": "₹17,500",
        "discount": "11% off",
        "delivery-type": "Free delivery"
    },
    {
        "description": "HP M Series 21.5 inch Full HD LED Backlit IPS Panel Monitor (M22f)",
        "image": "https://rukminim2.flixcart.com/image/312/312/ksc46fk0/monitor/l/d/x/m22f-2e2y3aa-acj-hp-original-imag5x3zp6m7jphd.jpeg",
        "stars": "4.5",
        "ratings": "1,418 Ratings ",
        "reviews": " 204 Reviews",
        "more-data": "Panel Type: IPS Panel",
        "more-data2": "Screen Resolution Type: Full HD",
        "more-data3": "Brightness: 300 nits",
        "more-data4": "Response Time: 5 ms | Refresh Rate: 75 Hz",
        "more-data5": "HDMI Ports - 1",
        "more-data6": "3 year domestic onsite manufacturer warranty on the device from the date of purchase. In case of any technical/product related queries, please call 1800-258-7170 or 1860-258-3079.",
        "new-price": "₹13,299",
        "old-price": "₹14,876",
        "discount": "10% off",
        "delivery-type": "Free delivery"
    },
    {
        "description": "BenQ 23.8 inch Full HD LED Backlit IPS Panel Monitor (GW2480)",
        "image": "https://rukminim2.flixcart.com/image/312/312/kkfrjww0/monitor/k/y/u/gw2780-na-benq-original-imafzs3hhv2wtcsd.jpeg",
        "stars": "4.5",
        "ratings": "4,050 Ratings ",
        "reviews": " 650 Reviews",
        "more-data": "Panel Type: IPS Panel",
        "more-data2": "Screen Resolution Type: Full HD",
        "more-data3": "VGA Support | HDMI",
        "more-data4": "Inbuilt Speaker",
        "more-data5": "Brightness: 250 nits",
        "more-data6": "Response Time: 5 ms | Refresh Rate: 60 Hz",
        "new-price": "₹12,500",
        "old-price": "₹15,990",
        "discount": "21% off",
        "delivery-type": "Free delivery"
    },
    {
        "description": "BenQ 27 inch Full HD LED Backlit IPS Panel Monitor (GW2780)",
        "image": "https://rukminim2.flixcart.com/image/312/312/kkfrjww0/monitor/k/y/u/gw2780-na-benq-original-imafzs3hhv2wtcsd.jpeg",
        "stars": "4.5",
        "ratings": "4,050 Ratings ",
        "reviews": " 650 Reviews",
        "more-data": "Panel Type: IPS Panel",
        "more-data2": "Screen Resolution Type: Full HD",
        "more-data3": "Brightness: 250 nits",
        "more-data4": "Response Time: 5 ms | Refresh Rate: 60 Hz",
        "more-data5": "HDMI Ports - 1",
        "more-data6": "3 Years Warranty",
        "new-price": "₹15,490",
        "old-price": "₹19,990",
        "discount": "22% off",
        "delivery-type": "Free delivery"
    },
    {
        "description": "acer Nitro 21.5 inch Full HD LED Backlit VA Panel Monitor (QG221Q)",
        "image": "https://rukminim2.flixcart.com/image/312/312/k37mg7k0/monitor/c/q/k/qg221q-um-wq1si-001-acer-original-imafme5tnkeuu3dr.jpeg",
        "stars": "4.5",
        "ratings": "3,366 Ratings ",
        "reviews": " 522 Reviews",
        "more-data": "Panel Type: VA Panel",
        "more-data2": "Screen Resolution Type: Full HD",
        "more-data3": "Brightness: 250 nits",
        "more-data4": "Response Time: 1 ms | Refresh Rate: 75 Hz",
        "more-data5": "HDMI Ports - 2",
        "more-data6": "3 Years Warranty",
        "new-price": "₹10,599",
        "old-price": "₹15,600",
        "discount": "32% off",
        "delivery-type": "Free delivery"
    },
    {
        "description": "acer 19.5 inch HD+ LED Backlit TN Panel Monitor (V206HQL)",
        "image": "https://rukminim2.flixcart.com/image/312/312/k0463rk0/monitor/n/6/b/v206hql-v206hql-acer-original-imafjzemapccwgby.jpeg",
        "stars": "4.3",
        "ratings": "15,914 Ratings ",
        "reviews": " 2,644 Reviews",
        "more-data": "Panel Type: TN Panel",
        "more-data2": "Screen Resolution Type: HD+",
        "more-data3": "Brightness: 200 nits",
        "more-data4": "Response Time: 5 ms | Refresh Rate: 60 Hz",
        "more-data5": "HDMI Ports - 1",
        "more-data6": "3 Years Warranty",
        "new-price": "₹7,999",
        "old-price": "₹9,000",
        "discount": "11% off",
        "delivery-type": "Free delivery"
    }
]