[
    {
        "image": "https://rukminim2.flixcart.com/image/312/312/kwnv6a80/refrigerator-new/u/m/x/-original-imag9a5kb5usgw43.jpeg",
        "description": "Croma 50 L Direct Cool Single Door 2 Star Refrigerator",
        "stars": "3.7",
        "ratings": "95 Ratings ",
        "reviews": " 3 Reviews",
        "more-data": "Rotary",
        "more-data2": "2 Star : For Energy savings up to 20%",
        "more-data3": "Wired Shelves",
        "more-data4": "50 L : Good for bachelors",
        "more-data5": "2019 BEE Rating Year",
        "more-data6": "1 Year Warranty on Product and 5 Years Warranty on Compressor from Croma",
        "new-price": "₹8,990",
        "old-price": "₹10,000",
        "discount": "10% off",
        "delivery-type": "Free delivery",
        "offer": "Bank Offer"
    },
    {
        "image": "https://rukminim2.flixcart.com/image/312/312/kwnv6a80/refrigerator-new/e/m/i/-original-imag9a5keymkjrpm.jpeg",
        "description": "Croma 90 L Direct Cool Single Door 1 Star Refrigerator",
        "stars": "4.2",
        "ratings": "141 Ratings ",
        "reviews": " 9 Reviews",
        "more-data": "Rotary",
        "more-data2": "1 Star",
        "more-data3": "Wired Shelves",
        "more-data4": "90 L : Good for bachelors",
        "more-data5": "2019 BEE Rating Year",
        "more-data6": "1 Year Warranty on Product and 5 Years Warranty on Compressor from Croma",
        "new-price": "₹10,490",
        "old-price": "₹11,000",
        "discount": "4% off",
        "delivery-type": "Free delivery",
        "offer": "Bank Offer"
    },
    {
        "image": "https://rukminim2.flixcart.com/image/312/312/k4ss2a80/refrigerator-new/j/w/v/rr21t2h2wcu-hl-5-samsung-original-imafnmkbyzev8szv.jpeg",
        "description": "SAMSUNG 198 L Direct Cool Single Door 4 Star Refrigerator with Base Drawer",
        "stars": "4.5",
        "ratings": "43,177 Ratings ",
        "reviews": " 5,030 Reviews",
        "more-data": "Digital Inverter Compressor",
        "more-data2": "4 Star : For Energy savings up to 45%",
        "more-data3": "Toughened Glass Shelves",
        "more-data4": "198 L : Good for couples and small families",
        "more-data5": "Built-in Stabilizer",
        "more-data6": "2020 BEE Rating Year",
        "more-data7": "1 Year on Product and 10 Years on Compressor From Samsung",
        "new-price": "₹16,750",
        "old-price": "₹19,990",
        "discount": "16% off",
        "delivery-type": "Free delivery",
        "offer": "No Cost EMI from ₹1,396/month"
    },
    {
        "image": "https://rukminim2.flixcart.com/image/312/312/kwv0djk0/refrigerator-new/1/x/6/rd-edge-200b-23-wrf-pp-bl-125-2-2021-31-7-godrej-61-8-68-1-original-imag9fxgvzgncxcg.jpeg",
        "description": "Godrej 185 L Direct Cool Single Door 2 Star Refrigerator",
        "stars": "4.3",
        "ratings": "847 Ratings ",
        "reviews": " 76 Reviews",
        "more-data": "Reciprocatory Compressor",
        "more-data2": "2 Star : For Energy savings up to 20%",
        "more-data3": "Wired Shelves",
        "more-data4": "185 L : Good for couples and small families",
        "more-data5": "Built-in Stabilizer",
        "more-data6": "2021 BEE Rating Year",
        "more-data7": "1 Year Comprehensive Warranty on Product and 5 Years on Motor",
        "new-price": "₹11,990",
        "old-price": "₹16,350",
        "discount": "26% off",
        "delivery-type": "Free delivery",
        "offer": "No Cost EMI from ₹1,999/month"
    },
    {
        "image": "https://rukminim2.flixcart.com/image/312/312/kl2mljk0/refrigerator-new/m/i/v/rr19a241bgs-nl-2-2021-samsung-original-imagy9pyfszpmgwm.jpeg",
        "description": "SAMSUNG 192 L Direct Cool Single Door 2 Star Refrigerator",
        "stars": "4.4",
        "ratings": "28,332 Ratings ",
        "reviews": " 2,696 Reviews",
        "more-data": "Linear Compressor",
        "more-data2": "2 Star : For Energy savings up to 20%",
        "more-data3": "Toughened Glass Shelves",
        "more-data4": "192 L : Good for couples and small families",
        "more-data5": "Built-in Stabilizer",
        "more-data6": "2021 BEE Rating Year",
        "more-data7": "1 Year Warranty on Product and 10 Years on Compressor From Samsung",
        "new-price": "₹13,190",
        "old-price": "₹14,990",
        "discount": "12% off",
        "delivery-type": "Free delivery",
        "offer": "No Cost EMI from ₹1,100/month"
    },
    {
        "image": "https://rukminim2.flixcart.com/image/312/312/kapoo7k0/refrigerator-new/r/4/p/gl-d201ascy-4-lg-original-imafs7n5ge729aah.jpeg",
        "description": "LG 190 L Direct Cool Single Door 4 Star Refrigerator with Base Drawer",
        "stars": "4.4",
        "ratings": "4,676 Ratings ",
        "reviews": " 434 Reviews",
        "more-data": "Smart Inverter Compressor",
        "more-data2": "4 Star : For Energy savings up to 45%",
        "more-data3": "Toughened Glass Shelves",
        "more-data4": "190 L : Good for couples and small families",
        "more-data5": "Built-in Stabilizer",
        "more-data6": "2021 BEE Rating Year",
        "more-data7": "1 Year Warranty on Product and 10 Years Warranty on Compressor from LG",
        "new-price": "₹16,490",
        "old-price": "₹19,790",
        "discount": "16% off",
        "delivery-type": "Free delivery",
        "offer": "No Cost EMI from ₹1,375/month"
    },
    {
        "image": "https://rukminim2.flixcart.com/image/312/312/kk1h5e80/refrigerator-new/c/d/j/rt28a3453s8-hl-3-2021-samsung-original-imafzhedepq6z5r8.jpeg",
        "description": "SAMSUNG 253 L Frost Free Double Door 3 Star Refrigerator",
        "stars": "4.4",
        "ratings": "15,595 Ratings ",
        "reviews": " 1,582 Reviews",
        "more-data": "Digital Inverter Compressor",
        "more-data2": "3 Star : For Energy savings up to 35%",
        "more-data3": "Toughened Glass Shelves",
        "more-data4": "253 L : Good for families of 3-5 members",
        "more-data5": "Built-in Stabilizer",
        "more-data6": "2021 BEE Rating Year",
        "more-data7": "1 Year Warranty on Product and 10 Years on Compressor From Samsung",
        "new-price": "₹24,490",
        "old-price": "₹28,990",
        "discount": "15% off",
        "delivery-type": "Free delivery",
        "offer": "No Cost EMI from ₹2,041/month"
    },
    {
        "image": "https://rukminim2.flixcart.com/image/312/312/kwnv6a80/refrigerator-new/g/d/y/-original-imag9a5kd3pgb9w2.jpeg",
        "description": "Croma 170 L Direct Cool Single Door 2 Star Refrigerator",
        "stars": "4.3",
        "ratings": "165 Ratings ",
        "reviews": " 17 Reviews",
        "more-data": "Normal Compressor",
        "more-data2": "2 Star : For Energy savings up to 20%",
        "more-data3": "Toughened Glass Shelves",
        "more-data4": "170 L : Good for couples and small families",
        "more-data5": "2020 BEE Rating Year",
        "more-data6": "1 Year on Warranty on Product and 5 Years on Compressor",
        "new-price": "₹11,490",
        "old-price": "₹13,500",
        "discount": "14% off",
        "delivery-type": "Free delivery",
        "offer": "Bank Offer"
    },
    {
        "image": "https://rukminim2.flixcart.com/image/312/312/ksqeky80/refrigerator-new/n/h/j/rr21a2f2xnv-hl-4-2021-samsung-original-imag68eztf4f8hwy.jpeg",
        "description": "SAMSUNG 198 L Direct Cool Single Door 4 Star Refrigerator with Base Drawer  with Digi Touch Cool",
        "stars": "4.5",
        "ratings": "3,028 Ratings ",
        "reviews": " 414 Reviews",
        "more-data": "Digital Inverter Compressor",
        "more-data2": "4 Star : For Energy savings up to 45%",
        "more-data3": "Toughened Glass Shelves",
        "more-data4": "198 L : Good for couples and small families",
        "more-data5": "Built-in Stabilizer",
        "more-data6": "2021 BEE Rating Year",
        "more-data7": "1 Year Warranty on Product and 10 Years on Compressor From Samsung",
        "new-price": "₹16,700",
        "old-price": "₹20,290",
        "discount": "17% off",
        "delivery-type": "Free delivery",
        "offer": "No Cost EMI from ₹1,392/month"
    },
    {
        "image": "https://rukminim2.flixcart.com/image/312/312/k4ss2a80/refrigerator-new/j/w/v/rr21t2h2wcu-hl-5-samsung-original-imafnmkbyzev8szv.jpeg",
        "description": "SAMSUNG 198 L Direct Cool Single Door 5 Star Refrigerator with Base Drawer",
        "stars": "4.5",
        "ratings": "43,177 Ratings ",
        "reviews": " 5,030 Reviews",
        "more-data": "Digital Inverter Compressor",
        "more-data2": "5 Star : For Energy savings up to 55%",
        "more-data3": "Toughened Glass Shelves",
        "more-data4": "198 L : Good for couples and small families",
        "more-data5": "Built-in Stabilizer",
        "more-data6": "2020 BEE Rating Year",
        "more-data7": "1 Year on Product and 10 Years on Compressor From Samsung",
        "new-price": "₹18,000",
        "old-price": "₹21,990",
        "discount": "18% off",
        "delivery-type": "Free delivery",
        "offer": "No Cost EMI from ₹1,500/month"
    },
    {
        "image": "https://rukminim2.flixcart.com/image/312/312/k572gsw0/refrigerator-new/7/p/f/rr24t285ycr-nl-3-samsung-original-imafnxmbrz5rvawn.jpeg",
        "description": "SAMSUNG 230 L Direct Cool Single Door 3 Star Refrigerator with Base Drawer",
        "stars": "4.4",
        "ratings": "6,295 Ratings ",
        "reviews": " 744 Reviews",
        "more-data": "Digital Inverter Compressor",
        "more-data2": "3 Star : For Energy savings up to 35%",
        "more-data3": "Toughened Glass Shelves",
        "more-data4": "230 L",
        "more-data5": "Built-in Stabilizer",
        "more-data6": "2020 BEE Rating Year",
        "more-data7": "1 Year on Product and 10 Years on Compressor From Samsung",
        "new-price": "₹18,490",
        "old-price": "₹22,990",
        "discount": "19% off",
        "delivery-type": "Free delivery",
        "offer": "No Cost EMI from ₹1,541/month"
    },
    {
        "image": "https://rukminim2.flixcart.com/image/312/312/l12h1u80/refrigerator-new/y/5/a/crlrfc201sd220-1338-3-2022-40-croma-628-530-original-imagcpkj97r6hjkb.jpeg",
        "description": "Croma 220 L Direct Cool Single Door 3 Star Refrigerator",
        "stars": "3.6",
        "ratings": "7 Ratings ",
        "reviews": " 2 Reviews",
        "more-data": "Reciprocating Compressor",
        "more-data2": "3 Star : For Energy savings up to 35%",
        "more-data3": "Toughened Glass Shelves",
        "more-data4": "220 L : Good for couples and small families",
        "more-data5": "2022 BEE Rating Year",
        "more-data6": "1 Year on Product, 5 Years on Compressor",
        "new-price": "₹13,990",
        "old-price": "₹20,000",
        "discount": "30% off",
        "delivery-type": "Free delivery",
        "offer": "Bank Offer"
    },
    {
        "image": "https://rukminim2.flixcart.com/image/312/312/ki6bgcw0/refrigerator-new/f/z/c/gl-d201abcz-5-lg-original-imafyf8kyrnfbj64.jpeg",
        "description": "LG 190 L Direct Cool Single Door 5 Star Refrigerator with Base Drawer  with Smart Inverter Compressor",
        "stars": "4.4",
        "ratings": "6,137 Ratings ",
        "reviews": " 667 Reviews",
        "more-data": "Smart Inverter Compressor",
        "more-data2": "5 Star : For Energy savings up to 55%",
        "more-data3": "Toughened Glass Shelves",
        "more-data4": "190 L : Good for couples and small families",
        "more-data5": "Built-in Stabilizer",
        "more-data6": "2021 BEE Rating Year",
        "more-data7": "1 Year on Product and 10 Years on Compressor From LG",
        "new-price": "₹17,490",
        "old-price": "₹21,490",
        "discount": "18% off",
        "delivery-type": "Free delivery",
        "offer": "No Cost EMI from ₹1,458/month"
    },
    {
        "image": "https://rukminim2.flixcart.com/image/312/312/kk1h5e80/refrigerator-new/z/c/u/rr24a2y2ys8-nl-3-2021-samsung-original-imafzhedqjhctfdb.jpeg",
        "description": "SAMSUNG 230 L Direct Cool Single Door 3 Star Refrigerator",
        "stars": "4.3",
        "ratings": "12,654 Ratings ",
        "reviews": " 1,300 Reviews",
        "more-data": "Digital Inverter Compressor",
        "more-data2": "3 Star : For Energy savings up to 35%",
        "more-data3": "Toughened Glass Shelves",
        "more-data4": "230 L",
        "more-data5": "Built-in Stabilizer",
        "more-data6": "2021 BEE Rating Year",
        "more-data7": "1 Year Warranty on Product and 10 Years on Compressor From Samsung",
        "new-price": "₹17,090",
        "old-price": "₹18,990",
        "discount": "10% off",
        "delivery-type": "Free delivery",
        "offer": "No Cost EMI from ₹1,425/month"
    },
    {
        "image": "https://rukminim2.flixcart.com/image/312/312/korijrk0/refrigerator-new/d/m/k/gl-b201aspy-4-2020-lg-original-imag35kexvgtzgnf.jpeg",
        "description": "LG 190 L Direct Cool Single Door 4 Star Refrigerator",
        "stars": "4.4",
        "ratings": "31,170 Ratings ",
        "reviews": " 3,026 Reviews",
        "more-data": "Smart Inverter Compressor",
        "more-data2": "4 Star : For Energy savings up to 45%",
        "more-data3": "Toughened Glass Shelves",
        "more-data4": "190 L : Good for couples and small families",
        "more-data5": "Built-in Stabilizer",
        "more-data6": "2020 BEE Rating Year",
        "more-data7": "1 Year Warranty on product and 10 Years Warranty on compressor from LG",
        "new-price": "₹15,990",
        "old-price": "₹18,190",
        "discount": "12% off",
        "delivery-type": "Free delivery",
        "offer": "No Cost EMI from ₹1,333/month"
    },
    {
        "image": "https://rukminim2.flixcart.com/image/312/312/kwnv6a80/refrigerator-new/g/h/v/-original-imag9a5kp296wtdr.jpeg",
        "description": "Croma 190 L Direct Cool Single Door 2 Star Refrigerator",
        "stars": "4.2",
        "ratings": "116 Ratings ",
        "reviews": " 8 Reviews",
        "more-data": "Normal Compressor",
        "more-data2": "2 Star : For Energy savings up to 20%",
        "more-data3": "Toughened Glass Shelves",
        "more-data4": "190 L : Good for couples and small families",
        "more-data5": "2020 BEE Rating Year",
        "more-data6": "1 Year Warranty on Product and 5 Year Warranty on Compressor from Croma",
        "new-price": "₹11,990",
        "old-price": "₹16,000",
        "discount": "25% off",
        "delivery-type": "Free delivery",
        "offer": "Bank Offer"
    },
    {
        "image": "https://rukminim2.flixcart.com/image/312/312/l19m93k0/refrigerator-new/m/q/d/hed-18bml-e-r-111-3-2-2022-34-haier-57-53-3-original-imagcvkyzfqrfuxh.jpeg",
        "description": "Haier 182 L Direct Cool Single Door 2 Star Refrigerator",
        "stars": "4.3",
        "ratings": "66 Ratings ",
        "reviews": " 5 Reviews",
        "more-data": "Reciprocating Compressor",
        "more-data2": "2 Star : For Energy savings up to 20%",
        "more-data3": "Toughened Glass Shelves",
        "more-data4": "182 L : Good for couples and small families",
        "more-data5": "Built-in Stabilizer",
        "more-data6": "2022 BEE Rating Year",
        "more-data7": "1 Year Warranty on Product and 10 Years on Compressor",
        "new-price": "₹12,750",
        "old-price": "₹19,000",
        "discount": "32% off",
        "delivery-type": "Free delivery",
        "offer": "No Cost EMI from ₹2,125/month"
    },
    {
        "image": "https://rukminim2.flixcart.com/image/312/312/kjswia80/refrigerator-new/4/z/h/rr19a2y2b6u-nl-2-2021-samsung-original-imafzarfebgbdu8k.jpeg",
        "description": "SAMSUNG 192 L Direct Cool Single Door 2 Star Refrigerator",
        "stars": "4.4",
        "ratings": "3,958 Ratings ",
        "reviews": " 381 Reviews",
        "more-data": "Liner Compressor",
        "more-data2": "2 Star : For Energy savings up to 20%",
        "more-data3": "Toughened Glass Shelves",
        "more-data4": "192 L : Good for couples and small families",
        "more-data5": "Built-in Stabilizer",
        "more-data6": "2021 BEE Rating Year",
        "more-data7": "1 Year on Product and 10 Years on Compressor From Samsung",
        "new-price": "₹13,990",
        "old-price": "₹15,990",
        "discount": "12% off",
        "delivery-type": "Free delivery",
        "offer": "Lowest Price in 15 days"
    },
    {
        "image": "https://rukminim2.flixcart.com/image/312/312/ko8xtow0/refrigerator-new/x/0/3/gl-i292rpzx-3-2021-lg-original-imag2r62qrvrzmyj.jpeg",
        "description": "LG 260 L Frost Free Double Door Top Mount 3 Star Refrigerator",
        "stars": "4.4",
        "ratings": "14,847 Ratings ",
        "reviews": " 1,850 Reviews",
        "more-data": "Smart Inverter Compressor",
        "more-data2": "3 Star : For Energy savings up to 35%",
        "more-data3": "Toughened Glass Shelves",
        "more-data4": "260 L : Good for families of 3-5 members",
        "more-data5": "Built-in Stabilizer",
        "more-data6": "2021 BEE Rating Year",
        "more-data7": "1 Year on Product and 10 Years on Compressor from LG",
        "new-price": "₹25,690",
        "old-price": "₹33,690",
        "discount": "23% off",
        "delivery-type": "Free delivery",
        "offer": "No Cost EMI from ₹2,141/month"
    },
    {
        "image": "https://rukminim2.flixcart.com/image/312/312/klfhk7k0/refrigerator-new/a/k/9/rr23a2f3x9u-hl-4-2021-samsung-original-imagyk3kb7gspxsf.jpeg",
        "description": "SAMSUNG 225 L Direct Cool Single Door 4 Star Refrigerator with Base Drawer  with Digi Touch Cool, BSD",
        "stars": "4.5",
        "ratings": "3,028 Ratings ",
        "reviews": " 414 Reviews",
        "more-data": "Digital Inverter Compressor",
        "more-data2": "4 Star : For Energy savings up to 45%",
        "more-data3": "Toughened Glass Shelves",
        "more-data4": "225 L : Good for couples and small families",
        "more-data5": "Built-in Stabilizer",
        "more-data6": "2021 BEE Rating Year",
        "more-data7": "1 Year on Product and 10 Years on Compressor From Samsung",
        "new-price": "₹20,490",
        "old-price": "₹22,990",
        "discount": "10% off",
        "delivery-type": "Free delivery",
        "offer": "No Cost EMI from ₹1,708/month"
    },
    {
        "image": "https://rukminim2.flixcart.com/image/312/312/k8ytaq80/refrigerator-new/9/e/f/rr21t2h2xcr-hl-4-samsung-original-imafquwgdhfa7amc.jpeg",
        "description": "SAMSUNG 198 L Direct Cool Single Door 4 Star Refrigerator with Base Drawer",
        "stars": "4.4",
        "ratings": "9,100 Ratings ",
        "reviews": " 988 Reviews",
        "more-data": "Digital Inverter Compressor",
        "more-data2": "4 Star : For Energy savings up to 45%",
        "more-data3": "Toughened Glass Shelves",
        "more-data4": "198 L : Good for couples and small families",
        "more-data5": "Built-in Stabilizer",
        "more-data6": "2020 BEE Rating Year",
        "more-data7": "1 Year on Product and 10 Years on Compressor From Samsung",
        "new-price": "₹16,750",
        "old-price": "₹19,990",
        "discount": "16% off",
        "delivery-type": "Free delivery",
        "offer": "No Cost EMI from ₹1,396/month"
    },
    {
        "image": "https://rukminim2.flixcart.com/image/312/312/k0bbb0w0/refrigerator-new/t/n/z/gl-d201abpy-5-lg-original-imafk4zzgzfdyzzf.jpeg",
        "description": "LG 190 L Direct Cool Single Door 4 Star Refrigerator with Base Drawer",
        "stars": "4.4",
        "ratings": "31,170 Ratings ",
        "reviews": " 3,026 Reviews",
        "more-data": "Smart Inverter Compressor",
        "more-data2": "4 Star : For Energy savings up to 45%",
        "more-data3": "Toughened Glass Shelves",
        "more-data4": "190 L : Good for couples and small families",
        "more-data5": "Built-in Stabilizer",
        "more-data6": "2020 BEE Rating Year",
        "more-data7": "1 Year on Product and 10 Years on Compressor From LG",
        "new-price": "₹16,490",
        "old-price": "₹18,990",
        "discount": "13% off",
        "delivery-type": "Free delivery",
        "offer": "No Cost EMI from ₹1,375/month"
    },
    {
        "image": "https://rukminim2.flixcart.com/image/312/312/kl5hh8w0/refrigerator-new/q/u/o/rr20a1y2yr8-hl-3-2021-samsung-original-imagycyz93fmvgbg.jpeg",
        "description": "SAMSUNG 192 L Direct Cool Single Door 3 Star Refrigerator",
        "stars": "4.3",
        "ratings": "12,654 Ratings ",
        "reviews": " 1,300 Reviews",
        "more-data": "Digital Inverter Compressor",
        "more-data2": "3 Star : For Energy savings up to 35%",
        "more-data3": "Toughened Glass Shelves",
        "more-data4": "192 L : Good for couples and small families",
        "more-data5": "Built-in Stabilizer",
        "more-data6": "2021 BEE Rating Year",
        "more-data7": "1 Year on Product and 10 Years on Compressor From Samsung",
        "new-price": "₹15,090",
        "old-price": "₹17,990",
        "discount": "16% off",
        "delivery-type": "Free delivery",
        "offer": "No Cost EMI from ₹1,258/month"
    },
    {
        "image": "https://rukminim2.flixcart.com/image/312/312/klb78nk0/refrigerator-new/n/p/0/rr21a2c2xdx-hl-4-2021-samsung-original-imagygsvgmfzehrj.jpeg",
        "description": "SAMSUNG 198 L Direct Cool Single Door 4 Star Refrigerator  with Digi Touch Cool",
        "stars": "4.4",
        "ratings": "1,660 Ratings ",
        "reviews": " 203 Reviews",
        "more-data": "Digital Inverter Compressor",
        "more-data2": "4 Star : For Energy savings up to 45%",
        "more-data3": "Toughened Glass Shelves",
        "more-data4": "198 L : Good for couples and small families",
        "more-data5": "Built-in Stabilizer",
        "more-data6": "2021 BEE Rating Year",
        "more-data7": "1 Year on Product and 10 Years on Compressor From Samsung",
        "new-price": "₹16,790",
        "old-price": "₹17,990",
        "discount": "6% off",
        "delivery-type": "Free delivery",
        "offer": "No Cost EMI from ₹1,400/month"
    },
    {
        "image": "https://rukminim2.flixcart.com/image/312/312/kpinwy80/refrigerator-new/k/q/y/rt28t3743s8-hl-3-2020-samsung-original-imag3qf9pnsjubtt.jpeg",
        "description": "SAMSUNG 253 L Frost Free Double Door 3 Star Convertible Refrigerator",
        "stars": "4.4",
        "ratings": "20,576 Ratings ",
        "reviews": " 2,104 Reviews",
        "more-data": "Digital Inverter Compressor",
        "more-data2": "3 Star : For Energy savings up to 35%",
        "more-data3": "Toughened Glass Shelves",
        "more-data4": "253 L : Good for families of 3-5 members",
        "more-data5": "Built-in Stabilizer",
        "more-data6": "2020 BEE Rating Year",
        "more-data7": "1 Year on Product and 10 Years on Compressor From Samsung",
        "new-price": "₹26,290",
        "old-price": "₹31,990",
        "discount": "17% off",
        "delivery-type": "Free delivery",
        "offer": "No Cost EMI from ₹2,191/month"
    },
    {
        "image": "https://rukminim2.flixcart.com/image/312/312/knxiavk0/refrigerator-new/v/j/k/hed-20fds-5-2021-haier-original-imag2hyadfy3czbp.jpeg",
        "description": "Haier 195 L Direct Cool Single Door 5 Star Refrigerator",
        "stars": "4.4",
        "ratings": "21,772 Ratings ",
        "reviews": " 2,418 Reviews",
        "more-data": "Inverter Compressor",
        "more-data2": "5 Star : For Energy savings up to 55%",
        "more-data3": "Toughened Glass Shelves",
        "more-data4": "195 L : Good for couples and small families",
        "more-data5": "Built-in Stabilizer",
        "more-data6": "2021 BEE Rating Year",
        "more-data7": "1 Year on Product and 10 Years on Compressor From Haier",
        "new-price": "₹16,050",
        "old-price": "₹24,900",
        "discount": "35% off",
        "delivery-type": "Free delivery",
        "offer": "No Cost EMI from ₹1,784/month"
    },
    {
        "image": "https://rukminim2.flixcart.com/image/312/312/ktszgy80/refrigerator-new/u/l/y/wde-205-cls-plus-3s-sapphire-magnolia-3-2020-whirlpool-original-imag72feeztukdjf.jpeg",
        "description": "Whirlpool 190 L Direct Cool Single Door 3 Star Refrigerator",
        "stars": "4.3",
        "ratings": "855 Ratings ",
        "reviews": " 78 Reviews",
        "more-data": "Non Inverter Compressor",
        "more-data2": "3 Star : For Energy savings up to 35%",
        "more-data3": "Toughened Glass Shelves",
        "more-data4": "190 L : Good for couples and small families",
        "more-data5": "Built-in Stabilizer",
        "more-data6": "2020 BEE Rating Year",
        "more-data7": "1 Year on Product and 10 Years on Compressor from Whirlpool",
        "new-price": "₹14,390",
        "old-price": "₹18,000",
        "discount": "20% off",
        "delivery-type": "Free delivery",
        "offer": "No Cost EMI from ₹1,200/month"
    },
    {
        "image": "https://rukminim2.flixcart.com/image/312/312/l2dmky80/refrigerator-new/j/8/u/-original-imagdqk5r23nghhf.jpeg",
        "description": "Godrej 185 L Direct Cool Single Door 2 Star Refrigerator",
        "stars": "4.2",
        "ratings": "126 Ratings ",
        "reviews": " 7 Reviews",
        "more-data": "Fixed Speed Compressor",
        "more-data2": "2 Star : For Energy savings up to 20%",
        "more-data3": "Wired Shelves",
        "more-data4": "185 L : Good for couples and small families",
        "more-data5": "2021 BEE Rating Year",
        "more-data6": "1 Year Warranty on Product and 10 Years on Compressor from Godrej",
        "new-price": "₹11,790",
        "old-price": "₹15,800",
        "discount": "25% off",
        "delivery-type": "Free delivery",
        "offer": "Upto "
    },
    {
        "image": "https://rukminim2.flixcart.com/image/312/312/l27wtjk0/refrigerator-new/9/b/o/hed-19tbs-115-7-2-2022-32-haier-62-53-1-original-imagdm26d9zfvdfc.jpeg",
        "description": "Haier 190 L Direct Cool Single Door 2 Star Refrigerator",
        "stars": "4.4",
        "ratings": "58 Ratings ",
        "reviews": " 5 Reviews",
        "more-data": "Reciprocating Compressor",
        "more-data2": "2 Star : For Energy savings up to 20%",
        "more-data3": "Toughened Glass Shelves",
        "more-data4": "190 L : Good for couples and small families",
        "more-data5": "Built-in Stabilizer",
        "more-data6": "2022 BEE Rating Year",
        "more-data7": "1 Year Warranty on Product and 10 Years on Compressor",
        "new-price": "₹12,090",
        "old-price": "₹18,700",
        "discount": "35% off",
        "delivery-type": "Free delivery",
        "offer": "No Cost EMI from ₹1,344/month"
    },
    {
        "image": "https://rukminim2.flixcart.com/image/312/312/k98tdow0/refrigerator-new/f/7/g/gl-d201apzz-5-lg-original-imafr278hcg6zd72.jpeg",
        "description": "LG 190 L Direct Cool Single Door 5 Star Refrigerator with Base Drawer",
        "stars": "4.4",
        "ratings": "5,448 Ratings ",
        "reviews": " 568 Reviews",
        "more-data": "Inverter Compressor",
        "more-data2": "5 Star : For Energy savings up to 55%",
        "more-data3": "Toughened Glass Shelves",
        "more-data4": "190 L : Good for couples and small families",
        "more-data5": "Built-in Stabilizer",
        "more-data6": "2021 BEE Rating Year",
        "more-data7": "1 Year on Refrigerator Unit and 10 Years on Compressor From LG",
        "new-price": "₹16,990",
        "old-price": "₹20,290",
        "discount": "16% off",
        "delivery-type": "Free delivery",
        "offer": "No Cost EMI from ₹1,416/month"
    },
    {
        "image": "https://rukminim2.flixcart.com/image/312/312/l2dmky80/refrigerator-new/z/q/h/-original-imagdqk5pbxqvmvh.jpeg",
        "description": "Godrej 240 L Direct Cool Single Door 4 Star Refrigerator",
        "stars": "4.4",
        "ratings": "317 Ratings ",
        "reviews": " 41 Reviews",
        "more-data": "Inverter Compressor",
        "more-data2": "4 Star : For Energy savings up to 45%",
        "more-data3": "Toughened Glass Shelves",
        "more-data4": "240 L : Good for families of 3-5 members",
        "more-data5": "2022 BEE Rating Year",
        "more-data6": "1 Year Warranty on Product and 10 Years on Compressor from Godrej",
        "new-price": "₹18,790",
        "old-price": "₹25,000",
        "discount": "24% off",
        "delivery-type": "Free delivery",
        "offer": "Upto "
    },
    {
        "image": "https://rukminim2.flixcart.com/image/312/312/kyag87k0/refrigerator-new/g/g/s/wde-205-cls-plus-2s-wine-bloom-1195-2-2020-32-4-whirlpool-645-original-imagajyzzrnbvr6d.jpeg",
        "description": "Whirlpool 190 L Direct Cool Single Door 2 Star Refrigerator",
        "stars": "4.3",
        "ratings": "3,791 Ratings ",
        "reviews": " 313 Reviews",
        "more-data": "Normal Compressor",
        "more-data2": "2 Star : For Energy savings up to 20%",
        "more-data3": "Toughened Glass Shelves",
        "more-data4": "190 L : Good for couples and small families",
        "more-data5": "Built-in Stabilizer",
        "more-data6": "2020 BEE Rating Year",
        "more-data7": "1 Year on Product and 10 Years on the Compressor",
        "new-price": "₹13,540",
        "old-price": "₹16,700",
        "discount": "18% off",
        "delivery-type": "Free delivery",
        "offer": "No Cost EMI from ₹1,129/month"
    },
    {
        "image": "https://rukminim2.flixcart.com/image/312/312/l2jcccw0/refrigerator-new/4/x/q/261jf3rmbg-1545-3-2022-54-realme-techlife-681-560-original-imagdunq9bp59p5b.jpeg",
        "description": "realme TechLife 260 L Frost Free Double Door 3 Star Refrigerator",
        "stars": "4.9",
        "ratings": "8 Ratings ",
        "reviews": " 1 Reviews",
        "more-data": "Inverter Compressor",
        "more-data2": "3 Star : For Energy savings up to 35%",
        "more-data3": "Toughened Glass Shelves",
        "more-data4": "260 L : Good for families of 3-5 members",
        "more-data5": "Built-in Stabilizer",
        "more-data6": "2022 BEE Rating Year",
        "more-data7": "1 Year Warranty on Product and 10 Years on Compressor",
        "new-price": "₹21,990",
        "old-price": "₹31,990",
        "discount": "31% off",
        "delivery-type": "Free delivery",
        "offer": "Upto "
    },
    {
        "image": "https://rukminim2.flixcart.com/image/312/312/kr58yvk0/refrigerator-new/w/c/v/wde-205-cls-plus-3s-wine-magnolia-3-2020-whirlpool-original-imag5y2dbh3ragqw.jpeg",
        "description": "Whirlpool 190 L Direct Cool Single Door 3 Star Refrigerator",
        "stars": "4.3",
        "ratings": "367 Ratings ",
        "reviews": " 27 Reviews",
        "more-data": "Non Inverter Compressor",
        "more-data2": "3 Star : For Energy savings up to 35%",
        "more-data3": "Toughened Glass Shelves",
        "more-data4": "190 L : Good for couples and small families",
        "more-data5": "Built-in Stabilizer",
        "more-data6": "2020 BEE Rating Year",
        "more-data7": "1 Year on Product and 10 Years on Compressor from Whirlpool",
        "new-price": "₹14,390",
        "old-price": "₹18,000",
        "discount": "20% off",
        "delivery-type": "Free delivery",
        "offer": "No Cost EMI from ₹1,200/month"
    },
    {
        "image": "https://rukminim2.flixcart.com/image/312/312/ku2zjww0/refrigerator-new/b/s/w/fp-263d-protton-roy-magnum-steel-n-5-na-whirlpool-original-imag79kmhrp5xxmd.jpeg",
        "description": "Whirlpool 240 L Frost Free Triple Door Refrigerator",
        "stars": "4.4",
        "ratings": "27,609 Ratings ",
        "reviews": " 3,469 Reviews",
        "more-data": "Normal Compressor",
        "more-data2": "Toughened Glass Shelves",
        "more-data3": "240 L : Good for families of 3-5 members",
        "more-data4": "Built-in Stabilizer",
        "more-data5": "NA BEE Rating Year",
        "more-data6": "1 Year Warranty on Product and 10 Years Warranty on Compressor from Whirlpool",
        "new-price": "₹26,390",
        "old-price": "₹34,900",
        "discount": "24% off",
        "delivery-type": "Free delivery",
        "offer": "No Cost EMI from ₹2,200/month"
    },
    {
        "image": "https://rukminim2.flixcart.com/image/312/312/k572gsw0/refrigerator-new/m/e/e/rr20t172ys8-hl-3-samsung-original-imafnxmbz4zhp6ah.jpeg",
        "description": "SAMSUNG 192 L Direct Cool Single Door 3 Star Refrigerator",
        "stars": "4.3",
        "ratings": "6,649 Ratings ",
        "reviews": " 719 Reviews",
        "more-data": "Digital Inverter Compressor",
        "more-data2": "3 Star : For Energy savings up to 35%",
        "more-data3": "Toughened Glass Shelves",
        "more-data4": "192 L : Good for couples and small families",
        "more-data5": "Built-in Stabilizer",
        "more-data6": "2020 BEE Rating Year",
        "more-data7": "1 Year on Product and 10 Years on Compressor From Samsung",
        "new-price": "₹14,590",
        "old-price": "₹17,990",
        "discount": "18% off",
        "delivery-type": "Free delivery",
        "offer": "No Cost EMI from ₹1,216/month"
    },
    {
        "image": "https://rukminim2.flixcart.com/image/312/312/k4ss2a80/refrigerator-new/y/h/n/rt30t3743s9-hl-3-samsung-original-imafnmkcahnrh7sb.jpeg",
        "description": "SAMSUNG 275 L Frost Free Double Door 3 Star Convertible Refrigerator",
        "stars": "4.4",
        "ratings": "20,576 Ratings ",
        "reviews": " 2,104 Reviews",
        "more-data": "Digital Inverter Compressor",
        "more-data2": "3 Star : For Energy savings up to 35%",
        "more-data3": "Toughened Glass Shelves",
        "more-data4": "275 L : Good for families of 3-5 members",
        "more-data5": "Built-in Stabilizer",
        "more-data6": "2020 BEE Rating Year",
        "more-data7": "1 Year on Product and 10 Years on Compressor From Samsung",
        "new-price": "₹29,040",
        "old-price": "₹33,990",
        "discount": "14% off",
        "delivery-type": "Free delivery",
        "offer": "No Cost EMI from ₹2,420/month"
    },
    {
        "image": "https://rukminim2.flixcart.com/image/312/312/kzblocw0/refrigerator-new/w/t/9/-original-imagbcu8wnb3eyy6.jpeg",
        "description": "Godrej 185 L Direct Cool Single Door 4 Star Refrigerator",
        "stars": "4.3",
        "ratings": "8,218 Ratings ",
        "reviews": " 884 Reviews",
        "more-data": "Intelligent Inverter Compressor",
        "more-data2": "4 Star : For Energy savings up to 45%",
        "more-data3": "Toughened Glass Shelves",
        "more-data4": "185 L : Good for couples and small families",
        "more-data5": "Built-in Stabilizer",
        "more-data6": "2021 BEE Rating Year",
        "more-data7": "1 Year on Product and 10 Years on Compressor From Godrej",
        "new-price": "₹14,390",
        "old-price": "₹16,490",
        "discount": "12% off",
        "delivery-type": "Free delivery",
        "offer": "No Cost EMI from ₹2,399/month"
    },
    {
        "image": "https://rukminim2.flixcart.com/image/312/312/kk1h5e80/refrigerator-new/x/d/c/rt28a3032gs-hl-2-2021-samsung-original-imafzhedwsggpdbq.jpeg",
        "description": "SAMSUNG 253 l Frost Free Double Door 2 Star Refrigerator",
        "stars": "4.4",
        "ratings": "6,804 Ratings ",
        "reviews": " 716 Reviews",
        "more-data": "Digital Inverter Compressor",
        "more-data2": "2 Star : For Energy savings up to 20%",
        "more-data3": "Toughened Glass Shelves",
        "more-data4": "253 l : Good for families of 3-5 members",
        "more-data5": "Built-in Stabilizer",
        "more-data6": "2021 BEE Rating Year",
        "more-data7": "1 Year Warranty on Product and 10 Years on Compressor From Samsung",
        "new-price": "₹22,600",
        "old-price": "₹24,990",
        "discount": "9% off",
        "delivery-type": "Free delivery",
        "offer": "No Cost EMI from ₹1,884/month"
    },
    {
        "image": "https://rukminim2.flixcart.com/image/312/312/kqfj1jk0/refrigerator-new/g/o/z/rr21a2h2wtu-hl-5-2021-samsung-original-imag4fvb9huhsw5q.jpeg",
        "description": "SAMSUNG 198 L Direct Cool Single Door 5 Star Refrigerator with Base Drawer",
        "stars": "4.5",
        "ratings": "1,311 Ratings ",
        "reviews": " 159 Reviews",
        "more-data": "Digital Inverter Compressor",
        "more-data2": "5 Star : For Energy savings up to 55%",
        "more-data3": "Toughened Glass Shelves",
        "more-data4": "198 L : Good for couples and small families",
        "more-data5": "Built-in Stabilizer",
        "more-data6": "2021 BEE Rating Year",
        "more-data7": "1 Year Warranty on Product and 10 Years on Compressor from Samsung",
        "new-price": "₹18,000",
        "old-price": "₹21,990",
        "discount": "18% off",
        "delivery-type": "Free delivery",
        "offer": "No Cost EMI from ₹1,500/month"
    },
    {
        "image": "https://rukminim2.flixcart.com/image/312/312/kehfi4w0/refrigerator-new/p/4/k/rt28t3453ut-hl-3-samsung-original-imafv5qtrtdgjszx.jpeg",
        "description": "SAMSUNG 253 L Frost Free Double Door 3 Star Refrigerator",
        "stars": "4.4",
        "ratings": "6,177 Ratings ",
        "reviews": " 633 Reviews",
        "more-data": "Digital Inverter Compressor",
        "more-data2": "3 Star : For Energy savings up to 35%",
        "more-data3": "Toughened Glass Shelves",
        "more-data4": "253 L : Good for families of 3-5 members",
        "more-data5": "Built-in Stabilizer",
        "more-data6": "2020 BEE Rating Year",
        "more-data7": "1 Year Comprehensive on Product and 10 Years on Compressor From Samsung",
        "new-price": "₹24,790",
        "old-price": "₹28,990",
        "discount": "14% off",
        "delivery-type": "Free delivery",
        "offer": "No Cost EMI from ₹2,066/month"
    },
    {
        "image": "https://rukminim2.flixcart.com/image/312/312/kyag87k0/refrigerator-new/d/l/j/wde-205-cls-plus-2s-sapphire-bloom-1195-2-2020-32-4-whirlpool-original-imagajyzeuzbspbg.jpeg",
        "description": "Whirlpool 190 L Direct Cool Single Door 2 Star Refrigerator",
        "stars": "4.3",
        "ratings": "5,400 Ratings ",
        "reviews": " 426 Reviews",
        "more-data": "Normal Compressor",
        "more-data2": "2 Star : For Energy savings up to 20%",
        "more-data3": "Toughened Glass Shelves",
        "more-data4": "190 L : Good for couples and small families",
        "more-data5": "Built-in Stabilizer",
        "more-data6": "2020 BEE Rating Year",
        "more-data7": "1 Year on Product and 10 Years on the Compressor",
        "new-price": "₹13,540",
        "old-price": "₹17,150",
        "discount": "21% off",
        "delivery-type": "Free delivery",
        "offer": "No Cost EMI from ₹1,129/month"
    },
    {
        "image": "https://rukminim2.flixcart.com/image/312/312/ky90scw0/refrigerator-new/g/q/s/-original-imagaj234t6qqayh.jpeg",
        "description": "Whirlpool 240 L Frost Free Triple Door Refrigerator",
        "stars": "4.4",
        "ratings": "27,609 Ratings ",
        "reviews": " 3,469 Reviews",
        "more-data": "Normal Compressor",
        "more-data2": "Toughened Glass Shelves",
        "more-data3": "240 L : Good for families of 3-5 members",
        "more-data4": "Built-in Stabilizer for protection from voltage fluctuations",
        "more-data5": "2020 BEE Rating Year",
        "more-data6": "1 Year on Product and 10 Years on Compressor From Whirlpool",
        "new-price": "₹26,890",
        "old-price": "₹35,800",
        "discount": "24% off",
        "delivery-type": "Free delivery",
        "offer": "No Cost EMI from ₹2,241/month"
    },
    {
        "image": "https://rukminim2.flixcart.com/image/312/312/ko8xtow0/refrigerator-new/u/1/y/gl-s292rdsx-3-2021-lg-original-imag2r627atse8ph.jpeg",
        "description": "LG 260 L Frost Free Double Door Top Mount 3 Star Convertible Refrigerator",
        "stars": "4.4",
        "ratings": "6,685 Ratings ",
        "reviews": " 643 Reviews",
        "more-data": "Smart Inverter Compressor",
        "more-data2": "3 Star : For Energy savings up to 35%",
        "more-data3": "Toughened Glass Shelves",
        "more-data4": "260 L : Good for families of 3-5 members",
        "more-data5": "Built-in Stabilizer",
        "more-data6": "2021 BEE Rating Year",
        "more-data7": "1 Year on Product and 10 Years on Compressor from LG",
        "new-price": "₹26,890",
        "old-price": "₹33,190",
        "discount": "18% off",
        "delivery-type": "Free delivery",
        "offer": "No Cost EMI from ₹2,241/month"
    },
    {
        "image": "https://rukminim2.flixcart.com/image/312/312/l19m93k0/refrigerator-new/y/z/t/hed-191bms-e-117-3-3-2022-35-haier-57-53-3-original-imagcvkyb68jt7gs.jpeg",
        "description": "Haier 192 L Direct Cool Single Door 3 Star Refrigerator",
        "stars": "3.9",
        "ratings": "52 Ratings ",
        "reviews": " 6 Reviews",
        "more-data": "Reciprocating Compressor",
        "more-data2": "3 Star : For Energy savings up to 35%",
        "more-data3": "Toughened Glass Shelves",
        "more-data4": "192 L : Good for couples and small families",
        "more-data5": "Built-in Stabilizer",
        "more-data6": "2022 BEE Rating Year",
        "more-data7": "1 Year Warranty on Product and 10 Years on Compressor",
        "new-price": "₹13,790",
        "old-price": "₹19,500",
        "discount": "29% off",
        "delivery-type": "Free delivery",
        "offer": "No Cost EMI from ₹1,533/month"
    },
    {
        "image": "https://rukminim2.flixcart.com/image/312/312/kbb49zk0/refrigerator-new/5/q/t/gl-t372jds3-3-lg-original-imafszefe8kbcmke.jpeg",
        "description": "LG 335 L Frost Free Double Door 3 Star Convertible Refrigerator",
        "stars": "4.5",
        "ratings": "2,938 Ratings ",
        "reviews": " 348 Reviews",
        "more-data": "Inverter Linear",
        "more-data2": "3 Star : For Energy savings up to 35%",
        "more-data3": "Toughened Glass Shelves",
        "more-data4": "335 L : Good for families of 3-5 members",
        "more-data5": "Built-in Stabilizer",
        "more-data6": "2020 BEE Rating Year",
        "more-data7": "1 Year on Refrigrator Unit and 10 Years on Compressor from LG",
        "new-price": "₹36,490",
        "old-price": "₹45,090",
        "discount": "19% off",
        "delivery-type": "Free delivery",
        "offer": "No Cost EMI from ₹3,041/month"
    },
    {
        "image": "https://rukminim2.flixcart.com/image/312/312/k4ss2a80/refrigerator-new/h/z/h/rt34t4513s8-hl-2-samsung-original-imafnmkcumnjf6r4.jpeg",
        "description": "SAMSUNG 324 L Frost Free Double Door 3 Star Convertible Refrigerator",
        "stars": "4.4",
        "ratings": "20,576 Ratings ",
        "reviews": " 2,104 Reviews",
        "more-data": "Digital Inverter Compressor",
        "more-data2": "3 Star : For Energy savings up to 35%",
        "more-data3": "Toughened Glass Shelves",
        "more-data4": "324 L : Good for families of 3-5 members",
        "more-data5": "Built-in Stabilizer",
        "more-data6": "2020 BEE Rating Year",
        "more-data7": "1 Year on Product and 10 Years on Compressor From Samsung",
        "new-price": "₹34,790",
        "old-price": "₹41,990",
        "discount": "17% off",
        "delivery-type": "Free delivery",
        "offer": "No Cost EMI from ₹1,933/month"
    },
    {
        "image": "https://rukminim2.flixcart.com/image/312/312/kjuby4w0/refrigerator-new/7/5/b/rr19a2z2b6r-nl-2-2021-samsung-original-imafzbe2g9xzjqme.jpeg",
        "description": "SAMSUNG 192 L Direct Cool Single Door 2 Star Refrigerator with Base Drawer",
        "stars": "4.4",
        "ratings": "4,331 Ratings ",
        "reviews": " 466 Reviews",
        "more-data": "Liner Compressor",
        "more-data2": "2 Star : For Energy savings up to 20%",
        "more-data3": "Toughened Glass Shelves",
        "more-data4": "192 L : Good for couples and small families",
        "more-data5": "Built-in Stabilizer",
        "more-data6": "2021 BEE Rating Year",
        "more-data7": "1 Year on Product and 10 Years on Compressor From Samsung",
        "new-price": "₹15,190",
        "old-price": "₹16,990",
        "discount": "10% off",
        "delivery-type": "Free delivery",
        "offer": "No Cost EMI from ₹1,266/month"
    },
    {
        "image": "https://rukminim2.flixcart.com/image/312/312/kwnv6a80/refrigerator-new/u/m/x/-original-imag9a5kb5usgw43.jpeg",
        "description": "Croma 50 L Direct Cool Single Door 2 Star Refrigerator",
        "stars": "3.7",
        "ratings": "95 Ratings ",
        "reviews": " 3 Reviews",
        "more-data": "Rotary",
        "more-data2": "2 Star : For Energy savings up to 20%",
        "more-data3": "Wired Shelves",
        "more-data4": "50 L : Good for bachelors",
        "more-data5": "2019 BEE Rating Year",
        "more-data6": "1 Year Warranty on Product and 5 Years Warranty on Compressor from Croma",
        "new-price": "₹8,990",
        "old-price": "₹10,000",
        "discount": "10% off",
        "delivery-type": "Free delivery",
        "offer": "Bank Offer"
    },
    {
        "image": "https://rukminim2.flixcart.com/image/312/312/kwnv6a80/refrigerator-new/e/m/i/-original-imag9a5keymkjrpm.jpeg",
        "description": "Croma 90 L Direct Cool Single Door 1 Star Refrigerator",
        "stars": "4.2",
        "ratings": "141 Ratings ",
        "reviews": " 9 Reviews",
        "more-data": "Rotary",
        "more-data2": "1 Star",
        "more-data3": "Wired Shelves",
        "more-data4": "90 L : Good for bachelors",
        "more-data5": "2019 BEE Rating Year",
        "more-data6": "1 Year Warranty on Product and 5 Years Warranty on Compressor from Croma",
        "new-price": "₹10,490",
        "old-price": "₹11,000",
        "discount": "4% off",
        "delivery-type": "Free delivery",
        "offer": "Bank Offer"
    },
    {
        "image": "https://rukminim2.flixcart.com/image/312/312/k4ss2a80/refrigerator-new/j/w/v/rr21t2h2wcu-hl-5-samsung-original-imafnmkbyzev8szv.jpeg",
        "description": "SAMSUNG 198 L Direct Cool Single Door 4 Star Refrigerator with Base Drawer",
        "stars": "4.5",
        "ratings": "43,177 Ratings ",
        "reviews": " 5,030 Reviews",
        "more-data": "Digital Inverter Compressor",
        "more-data2": "4 Star : For Energy savings up to 45%",
        "more-data3": "Toughened Glass Shelves",
        "more-data4": "198 L : Good for couples and small families",
        "more-data5": "Built-in Stabilizer",
        "more-data6": "2020 BEE Rating Year",
        "more-data7": "1 Year on Product and 10 Years on Compressor From Samsung",
        "new-price": "₹16,750",
        "old-price": "₹19,990",
        "discount": "16% off",
        "delivery-type": "Free delivery",
        "offer": "No Cost EMI from ₹1,396/month"
    },
    {
        "image": "https://rukminim2.flixcart.com/image/312/312/kwv0djk0/refrigerator-new/1/x/6/rd-edge-200b-23-wrf-pp-bl-125-2-2021-31-7-godrej-61-8-68-1-original-imag9fxgvzgncxcg.jpeg",
        "description": "Godrej 185 L Direct Cool Single Door 2 Star Refrigerator",
        "stars": "4.3",
        "ratings": "847 Ratings ",
        "reviews": " 76 Reviews",
        "more-data": "Reciprocatory Compressor",
        "more-data2": "2 Star : For Energy savings up to 20%",
        "more-data3": "Wired Shelves",
        "more-data4": "185 L : Good for couples and small families",
        "more-data5": "Built-in Stabilizer",
        "more-data6": "2021 BEE Rating Year",
        "more-data7": "1 Year Comprehensive Warranty on Product and 5 Years on Motor",
        "new-price": "₹11,990",
        "old-price": "₹16,350",
        "discount": "26% off",
        "delivery-type": "Free delivery",
        "offer": "No Cost EMI from ₹1,999/month"
    },
    {
        "image": "https://rukminim2.flixcart.com/image/312/312/kl2mljk0/refrigerator-new/m/i/v/rr19a241bgs-nl-2-2021-samsung-original-imagy9pyfszpmgwm.jpeg",
        "description": "SAMSUNG 192 L Direct Cool Single Door 2 Star Refrigerator",
        "stars": "4.4",
        "ratings": "28,332 Ratings ",
        "reviews": " 2,696 Reviews",
        "more-data": "Linear Compressor",
        "more-data2": "2 Star : For Energy savings up to 20%",
        "more-data3": "Toughened Glass Shelves",
        "more-data4": "192 L : Good for couples and small families",
        "more-data5": "Built-in Stabilizer",
        "more-data6": "2021 BEE Rating Year",
        "more-data7": "1 Year Warranty on Product and 10 Years on Compressor From Samsung",
        "new-price": "₹13,190",
        "old-price": "₹14,990",
        "discount": "12% off",
        "delivery-type": "Free delivery",
        "offer": "No Cost EMI from ₹1,100/month"
    },
    {
        "image": "https://rukminim2.flixcart.com/image/312/312/kapoo7k0/refrigerator-new/r/4/p/gl-d201ascy-4-lg-original-imafs7n5ge729aah.jpeg",
        "description": "LG 190 L Direct Cool Single Door 4 Star Refrigerator with Base Drawer",
        "stars": "4.4",
        "ratings": "4,676 Ratings ",
        "reviews": " 434 Reviews",
        "more-data": "Smart Inverter Compressor",
        "more-data2": "4 Star : For Energy savings up to 45%",
        "more-data3": "Toughened Glass Shelves",
        "more-data4": "190 L : Good for couples and small families",
        "more-data5": "Built-in Stabilizer",
        "more-data6": "2021 BEE Rating Year",
        "more-data7": "1 Year Warranty on Product and 10 Years Warranty on Compressor from LG",
        "new-price": "₹16,490",
        "old-price": "₹19,790",
        "discount": "16% off",
        "delivery-type": "Free delivery",
        "offer": "No Cost EMI from ₹1,375/month"
    },
    {
        "image": "https://rukminim2.flixcart.com/image/312/312/kk1h5e80/refrigerator-new/c/d/j/rt28a3453s8-hl-3-2021-samsung-original-imafzhedepq6z5r8.jpeg",
        "description": "SAMSUNG 253 L Frost Free Double Door 3 Star Refrigerator",
        "stars": "4.4",
        "ratings": "15,595 Ratings ",
        "reviews": " 1,582 Reviews",
        "more-data": "Digital Inverter Compressor",
        "more-data2": "3 Star : For Energy savings up to 35%",
        "more-data3": "Toughened Glass Shelves",
        "more-data4": "253 L : Good for families of 3-5 members",
        "more-data5": "Built-in Stabilizer",
        "more-data6": "2021 BEE Rating Year",
        "more-data7": "1 Year Warranty on Product and 10 Years on Compressor From Samsung",
        "new-price": "₹24,490",
        "old-price": "₹28,990",
        "discount": "15% off",
        "delivery-type": "Free delivery",
        "offer": "No Cost EMI from ₹2,041/month"
    },
    {
        "image": "https://rukminim2.flixcart.com/image/312/312/kwnv6a80/refrigerator-new/g/d/y/-original-imag9a5kd3pgb9w2.jpeg",
        "description": "Croma 170 L Direct Cool Single Door 2 Star Refrigerator",
        "stars": "4.3",
        "ratings": "165 Ratings ",
        "reviews": " 17 Reviews",
        "more-data": "Normal Compressor",
        "more-data2": "2 Star : For Energy savings up to 20%",
        "more-data3": "Toughened Glass Shelves",
        "more-data4": "170 L : Good for couples and small families",
        "more-data5": "2020 BEE Rating Year",
        "more-data6": "1 Year on Warranty on Product and 5 Years on Compressor",
        "new-price": "₹11,490",
        "old-price": "₹13,500",
        "discount": "14% off",
        "delivery-type": "Free delivery",
        "offer": "Bank Offer"
    },
    {
        "image": "https://rukminim2.flixcart.com/image/312/312/ksqeky80/refrigerator-new/n/h/j/rr21a2f2xnv-hl-4-2021-samsung-original-imag68eztf4f8hwy.jpeg",
        "description": "SAMSUNG 198 L Direct Cool Single Door 4 Star Refrigerator with Base Drawer  with Digi Touch Cool",
        "stars": "4.5",
        "ratings": "3,028 Ratings ",
        "reviews": " 414 Reviews",
        "more-data": "Digital Inverter Compressor",
        "more-data2": "4 Star : For Energy savings up to 45%",
        "more-data3": "Toughened Glass Shelves",
        "more-data4": "198 L : Good for couples and small families",
        "more-data5": "Built-in Stabilizer",
        "more-data6": "2021 BEE Rating Year",
        "more-data7": "1 Year Warranty on Product and 10 Years on Compressor From Samsung",
        "new-price": "₹16,700",
        "old-price": "₹20,290",
        "discount": "17% off",
        "delivery-type": "Free delivery",
        "offer": "No Cost EMI from ₹1,392/month"
    },
    {
        "image": "https://rukminim2.flixcart.com/image/312/312/k4ss2a80/refrigerator-new/j/w/v/rr21t2h2wcu-hl-5-samsung-original-imafnmkbyzev8szv.jpeg",
        "description": "SAMSUNG 198 L Direct Cool Single Door 5 Star Refrigerator with Base Drawer",
        "stars": "4.5",
        "ratings": "43,177 Ratings ",
        "reviews": " 5,030 Reviews",
        "more-data": "Digital Inverter Compressor",
        "more-data2": "5 Star : For Energy savings up to 55%",
        "more-data3": "Toughened Glass Shelves",
        "more-data4": "198 L : Good for couples and small families",
        "more-data5": "Built-in Stabilizer",
        "more-data6": "2020 BEE Rating Year",
        "more-data7": "1 Year on Product and 10 Years on Compressor From Samsung",
        "new-price": "₹18,000",
        "old-price": "₹21,990",
        "discount": "18% off",
        "delivery-type": "Free delivery",
        "offer": "No Cost EMI from ₹1,500/month"
    },
    {
        "image": "https://rukminim2.flixcart.com/image/312/312/k572gsw0/refrigerator-new/7/p/f/rr24t285ycr-nl-3-samsung-original-imafnxmbrz5rvawn.jpeg",
        "description": "SAMSUNG 230 L Direct Cool Single Door 3 Star Refrigerator with Base Drawer",
        "stars": "4.4",
        "ratings": "6,295 Ratings ",
        "reviews": " 744 Reviews",
        "more-data": "Digital Inverter Compressor",
        "more-data2": "3 Star : For Energy savings up to 35%",
        "more-data3": "Toughened Glass Shelves",
        "more-data4": "230 L",
        "more-data5": "Built-in Stabilizer",
        "more-data6": "2020 BEE Rating Year",
        "more-data7": "1 Year on Product and 10 Years on Compressor From Samsung",
        "new-price": "₹18,490",
        "old-price": "₹22,990",
        "discount": "19% off",
        "delivery-type": "Free delivery",
        "offer": "No Cost EMI from ₹1,541/month"
    },
    {
        "image": "https://rukminim2.flixcart.com/image/312/312/l12h1u80/refrigerator-new/y/5/a/crlrfc201sd220-1338-3-2022-40-croma-628-530-original-imagcpkj97r6hjkb.jpeg",
        "description": "Croma 220 L Direct Cool Single Door 3 Star Refrigerator",
        "stars": "3.6",
        "ratings": "7 Ratings ",
        "reviews": " 2 Reviews",
        "more-data": "Reciprocating Compressor",
        "more-data2": "3 Star : For Energy savings up to 35%",
        "more-data3": "Toughened Glass Shelves",
        "more-data4": "220 L : Good for couples and small families",
        "more-data5": "2022 BEE Rating Year",
        "more-data6": "1 Year on Product, 5 Years on Compressor",
        "new-price": "₹13,990",
        "old-price": "₹20,000",
        "discount": "30% off",
        "delivery-type": "Free delivery",
        "offer": "Bank Offer"
    },
    {
        "image": "https://rukminim2.flixcart.com/image/312/312/ki6bgcw0/refrigerator-new/f/z/c/gl-d201abcz-5-lg-original-imafyf8kyrnfbj64.jpeg",
        "description": "LG 190 L Direct Cool Single Door 5 Star Refrigerator with Base Drawer  with Smart Inverter Compressor",
        "stars": "4.4",
        "ratings": "6,137 Ratings ",
        "reviews": " 667 Reviews",
        "more-data": "Smart Inverter Compressor",
        "more-data2": "5 Star : For Energy savings up to 55%",
        "more-data3": "Toughened Glass Shelves",
        "more-data4": "190 L : Good for couples and small families",
        "more-data5": "Built-in Stabilizer",
        "more-data6": "2021 BEE Rating Year",
        "more-data7": "1 Year on Product and 10 Years on Compressor From LG",
        "new-price": "₹17,490",
        "old-price": "₹21,490",
        "discount": "18% off",
        "delivery-type": "Free delivery",
        "offer": "No Cost EMI from ₹1,458/month"
    },
    {
        "image": "https://rukminim2.flixcart.com/image/312/312/kk1h5e80/refrigerator-new/z/c/u/rr24a2y2ys8-nl-3-2021-samsung-original-imafzhedqjhctfdb.jpeg",
        "description": "SAMSUNG 230 L Direct Cool Single Door 3 Star Refrigerator",
        "stars": "4.3",
        "ratings": "12,654 Ratings ",
        "reviews": " 1,300 Reviews",
        "more-data": "Digital Inverter Compressor",
        "more-data2": "3 Star : For Energy savings up to 35%",
        "more-data3": "Toughened Glass Shelves",
        "more-data4": "230 L",
        "more-data5": "Built-in Stabilizer",
        "more-data6": "2021 BEE Rating Year",
        "more-data7": "1 Year Warranty on Product and 10 Years on Compressor From Samsung",
        "new-price": "₹17,090",
        "old-price": "₹18,990",
        "discount": "10% off",
        "delivery-type": "Free delivery",
        "offer": "No Cost EMI from ₹1,425/month"
    },
    {
        "image": "https://rukminim2.flixcart.com/image/312/312/korijrk0/refrigerator-new/d/m/k/gl-b201aspy-4-2020-lg-original-imag35kexvgtzgnf.jpeg",
        "description": "LG 190 L Direct Cool Single Door 4 Star Refrigerator",
        "stars": "4.4",
        "ratings": "31,170 Ratings ",
        "reviews": " 3,026 Reviews",
        "more-data": "Smart Inverter Compressor",
        "more-data2": "4 Star : For Energy savings up to 45%",
        "more-data3": "Toughened Glass Shelves",
        "more-data4": "190 L : Good for couples and small families",
        "more-data5": "Built-in Stabilizer",
        "more-data6": "2020 BEE Rating Year",
        "more-data7": "1 Year Warranty on product and 10 Years Warranty on compressor from LG",
        "new-price": "₹15,990",
        "old-price": "₹18,190",
        "discount": "12% off",
        "delivery-type": "Free delivery",
        "offer": "No Cost EMI from ₹1,333/month"
    },
    {
        "image": "https://rukminim2.flixcart.com/image/312/312/kwnv6a80/refrigerator-new/g/h/v/-original-imag9a5kp296wtdr.jpeg",
        "description": "Croma 190 L Direct Cool Single Door 2 Star Refrigerator",
        "stars": "4.2",
        "ratings": "116 Ratings ",
        "reviews": " 8 Reviews",
        "more-data": "Normal Compressor",
        "more-data2": "2 Star : For Energy savings up to 20%",
        "more-data3": "Toughened Glass Shelves",
        "more-data4": "190 L : Good for couples and small families",
        "more-data5": "2020 BEE Rating Year",
        "more-data6": "1 Year Warranty on Product and 5 Year Warranty on Compressor from Croma",
        "new-price": "₹11,990",
        "old-price": "₹16,000",
        "discount": "25% off",
        "delivery-type": "Free delivery",
        "offer": "Bank Offer"
    },
    {
        "image": "https://rukminim2.flixcart.com/image/312/312/l19m93k0/refrigerator-new/m/q/d/hed-18bml-e-r-111-3-2-2022-34-haier-57-53-3-original-imagcvkyzfqrfuxh.jpeg",
        "description": "Haier 182 L Direct Cool Single Door 2 Star Refrigerator",
        "stars": "4.3",
        "ratings": "66 Ratings ",
        "reviews": " 5 Reviews",
        "more-data": "Reciprocating Compressor",
        "more-data2": "2 Star : For Energy savings up to 20%",
        "more-data3": "Toughened Glass Shelves",
        "more-data4": "182 L : Good for couples and small families",
        "more-data5": "Built-in Stabilizer",
        "more-data6": "2022 BEE Rating Year",
        "more-data7": "1 Year Warranty on Product and 10 Years on Compressor",
        "new-price": "₹12,750",
        "old-price": "₹19,000",
        "discount": "32% off",
        "delivery-type": "Free delivery",
        "offer": "No Cost EMI from ₹2,125/month"
    },
    {
        "image": "https://rukminim2.flixcart.com/image/312/312/kjswia80/refrigerator-new/4/z/h/rr19a2y2b6u-nl-2-2021-samsung-original-imafzarfebgbdu8k.jpeg",
        "description": "SAMSUNG 192 L Direct Cool Single Door 2 Star Refrigerator",
        "stars": "4.4",
        "ratings": "3,958 Ratings ",
        "reviews": " 381 Reviews",
        "more-data": "Liner Compressor",
        "more-data2": "2 Star : For Energy savings up to 20%",
        "more-data3": "Toughened Glass Shelves",
        "more-data4": "192 L : Good for couples and small families",
        "more-data5": "Built-in Stabilizer",
        "more-data6": "2021 BEE Rating Year",
        "more-data7": "1 Year on Product and 10 Years on Compressor From Samsung",
        "new-price": "₹13,990",
        "old-price": "₹15,990",
        "discount": "12% off",
        "delivery-type": "Free delivery",
        "offer": "Lowest Price in 15 days"
    },
    {
        "image": "https://rukminim2.flixcart.com/image/312/312/ko8xtow0/refrigerator-new/x/0/3/gl-i292rpzx-3-2021-lg-original-imag2r62qrvrzmyj.jpeg",
        "description": "LG 260 L Frost Free Double Door Top Mount 3 Star Refrigerator",
        "stars": "4.4",
        "ratings": "14,847 Ratings ",
        "reviews": " 1,850 Reviews",
        "more-data": "Smart Inverter Compressor",
        "more-data2": "3 Star : For Energy savings up to 35%",
        "more-data3": "Toughened Glass Shelves",
        "more-data4": "260 L : Good for families of 3-5 members",
        "more-data5": "Built-in Stabilizer",
        "more-data6": "2021 BEE Rating Year",
        "more-data7": "1 Year on Product and 10 Years on Compressor from LG",
        "new-price": "₹25,690",
        "old-price": "₹33,690",
        "discount": "23% off",
        "delivery-type": "Free delivery",
        "offer": "No Cost EMI from ₹2,141/month"
    },
    {
        "image": "https://rukminim2.flixcart.com/image/312/312/klfhk7k0/refrigerator-new/a/k/9/rr23a2f3x9u-hl-4-2021-samsung-original-imagyk3kb7gspxsf.jpeg",
        "description": "SAMSUNG 225 L Direct Cool Single Door 4 Star Refrigerator with Base Drawer  with Digi Touch Cool, BSD",
        "stars": "4.5",
        "ratings": "3,028 Ratings ",
        "reviews": " 414 Reviews",
        "more-data": "Digital Inverter Compressor",
        "more-data2": "4 Star : For Energy savings up to 45%",
        "more-data3": "Toughened Glass Shelves",
        "more-data4": "225 L : Good for couples and small families",
        "more-data5": "Built-in Stabilizer",
        "more-data6": "2021 BEE Rating Year",
        "more-data7": "1 Year on Product and 10 Years on Compressor From Samsung",
        "new-price": "₹20,490",
        "old-price": "₹22,990",
        "discount": "10% off",
        "delivery-type": "Free delivery",
        "offer": "No Cost EMI from ₹1,708/month"
    },
    {
        "image": "https://rukminim2.flixcart.com/image/312/312/k8ytaq80/refrigerator-new/9/e/f/rr21t2h2xcr-hl-4-samsung-original-imafquwgdhfa7amc.jpeg",
        "description": "SAMSUNG 198 L Direct Cool Single Door 4 Star Refrigerator with Base Drawer",
        "stars": "4.4",
        "ratings": "9,100 Ratings ",
        "reviews": " 988 Reviews",
        "more-data": "Digital Inverter Compressor",
        "more-data2": "4 Star : For Energy savings up to 45%",
        "more-data3": "Toughened Glass Shelves",
        "more-data4": "198 L : Good for couples and small families",
        "more-data5": "Built-in Stabilizer",
        "more-data6": "2020 BEE Rating Year",
        "more-data7": "1 Year on Product and 10 Years on Compressor From Samsung",
        "new-price": "₹16,750",
        "old-price": "₹19,990",
        "discount": "16% off",
        "delivery-type": "Free delivery",
        "offer": "No Cost EMI from ₹1,396/month"
    },
    {
        "image": "https://rukminim2.flixcart.com/image/312/312/k0bbb0w0/refrigerator-new/t/n/z/gl-d201abpy-5-lg-original-imafk4zzgzfdyzzf.jpeg",
        "description": "LG 190 L Direct Cool Single Door 4 Star Refrigerator with Base Drawer",
        "stars": "4.4",
        "ratings": "31,170 Ratings ",
        "reviews": " 3,026 Reviews",
        "more-data": "Smart Inverter Compressor",
        "more-data2": "4 Star : For Energy savings up to 45%",
        "more-data3": "Toughened Glass Shelves",
        "more-data4": "190 L : Good for couples and small families",
        "more-data5": "Built-in Stabilizer",
        "more-data6": "2020 BEE Rating Year",
        "more-data7": "1 Year on Product and 10 Years on Compressor From LG",
        "new-price": "₹16,490",
        "old-price": "₹18,990",
        "discount": "13% off",
        "delivery-type": "Free delivery",
        "offer": "No Cost EMI from ₹1,375/month"
    },
    {
        "image": "https://rukminim2.flixcart.com/image/312/312/kl5hh8w0/refrigerator-new/q/u/o/rr20a1y2yr8-hl-3-2021-samsung-original-imagycyz93fmvgbg.jpeg",
        "description": "SAMSUNG 192 L Direct Cool Single Door 3 Star Refrigerator",
        "stars": "4.3",
        "ratings": "12,654 Ratings ",
        "reviews": " 1,300 Reviews",
        "more-data": "Digital Inverter Compressor",
        "more-data2": "3 Star : For Energy savings up to 35%",
        "more-data3": "Toughened Glass Shelves",
        "more-data4": "192 L : Good for couples and small families",
        "more-data5": "Built-in Stabilizer",
        "more-data6": "2021 BEE Rating Year",
        "more-data7": "1 Year on Product and 10 Years on Compressor From Samsung",
        "new-price": "₹15,090",
        "old-price": "₹17,990",
        "discount": "16% off",
        "delivery-type": "Free delivery",
        "offer": "No Cost EMI from ₹1,258/month"
    },
    {
        "image": "https://rukminim2.flixcart.com/image/312/312/klb78nk0/refrigerator-new/n/p/0/rr21a2c2xdx-hl-4-2021-samsung-original-imagygsvgmfzehrj.jpeg",
        "description": "SAMSUNG 198 L Direct Cool Single Door 4 Star Refrigerator  with Digi Touch Cool",
        "stars": "4.4",
        "ratings": "1,660 Ratings ",
        "reviews": " 203 Reviews",
        "more-data": "Digital Inverter Compressor",
        "more-data2": "4 Star : For Energy savings up to 45%",
        "more-data3": "Toughened Glass Shelves",
        "more-data4": "198 L : Good for couples and small families",
        "more-data5": "Built-in Stabilizer",
        "more-data6": "2021 BEE Rating Year",
        "more-data7": "1 Year on Product and 10 Years on Compressor From Samsung",
        "new-price": "₹16,790",
        "old-price": "₹17,990",
        "discount": "6% off",
        "delivery-type": "Free delivery",
        "offer": "No Cost EMI from ₹1,400/month"
    }
]