[
    {
        "image": "img",
        "description": "div",

        "start1": "div",
        "stars": "span",
        "ratings": "span",
        "reviews": "span",
        "end1": "div",

        "more-data": "div",
        "more-data2": "div",
        "more-data3": "div",
        "more-data4": "div",
        "more-data5": "div",
        "more-data6": "div",
        "more-data7": "div",
        "more-data8": "div",
        "more-data9": "div",


        "start2": "div",
        "new-price": "span",
        "old-price": "span",
        "discount": "span",
        "end2": "div",

        "delivery-type": "div",
        "offer": "div"
    }
]