[
    {
        "description": "Adsun 80 cm (32 inch) HD Ready LED Smart TV",
        "image": "https://rukminim2.flixcart.com/image/312/312/krntoy80/television/u/d/y/a-3200s-adsun-original-imag5edguuyn54fh.jpeg",
        "stars": "3.8",
        "ratings": "4,745 Ratings ",
        "reviews": " 642 Reviews",
        "more-data": "Netflix|Disney+Hotstar|Youtube",
        "more-data2": "Operating System: Android Based",
        "more-data3": "HD Ready 1366 x 768 Pixels",
        "more-data4": "20 W Speaker Output",
        "more-data5": "60 Hz Refresh Rate",
        "more-data6": "2 x HDMI | 2 x USB",
        "more-data7": "A+ Grade",
        "new-price": "₹8,500",
        "old-price": "₹21,999",
        "discount": "61% off",
        "delivery-type": "Free delivery",
        "offer": "Bank Offer",
        "more-data9": "3 Years of warranty"
    },
    {
        "description": "Coocaa 80 cm (32 inch) HD Ready LED Smart TV with Dolby Audio and Eye Care Technology",
        "image": "https://rukminim2.flixcart.com/image/312/312/ksgehzk0/television/5/k/i/32s3u-pro-32s3u-pro-coocaa-original-imag6ygbqrnurwfg.jpeg",
        "stars": "4.2",
        "ratings": "14,334 Ratings ",
        "reviews": " 2,230 Reviews",
        "more-data": "Youtube",
        "more-data2": "Operating System: Coolita",
        "more-data3": "HD Ready 1366 x768 Pixels",
        "more-data4": "20 W Speaker Output",
        "more-data5": "60 Hz Refresh Rate",
        "more-data6": "2 x HDMI | 1 x USB",
        "more-data7": "DLED",
        "new-price": "₹10,499",
        "old-price": "₹36,990",
        "discount": "71% off",
        "delivery-type": "Free delivery",
        "offer": "Bank Offer",
        "more-data9": "1 Year Domestic Warranty"
    },
    {
        "description": "OnePlus Y1S 80 cm (32 inch) HD Ready LED Smart Android TV",
        "image": "https://rukminim2.flixcart.com/image/312/312/kzfvzww0/television/e/b/b/32hd2a00-32-y1s-oneplus-original-imagbgcewfqywgk7.jpeg",
        "stars": "4.2",
        "ratings": "3,150 Ratings ",
        "reviews": " 299 Reviews",
        "more-data": "Netflix|Prime Video|Disney+Hotstar|Youtube",
        "more-data2": "Operating System: Android",
        "more-data3": "HD Ready 1366 x 768 Pixels",
        "more-data4": "20 W Speaker Output",
        "more-data5": "60 Hz Refresh Rate",
        "more-data6": "2 x HDMI | 2 x USB",
        "more-data7": "LED",
        "new-price": "₹16,499",
        "old-price": "₹21,999",
        "discount": "25% off",
        "delivery-type": "Free delivery",
        "offer": "Bank Offer",
        "more-data9": "1 Year Comprehensive Warranty and Additional 1 Year on Panel Provided By the Manufacturer From Date of Purchase"
    },
    {
        "description": "Vu Premium 126 cm (50 inch) Ultra HD (4K) LED Smart Android TV",
        "image": "https://rukminim2.flixcart.com/image/312/312/kx6fwcw0/television/w/5/8/-original-imag9zvwz5ffv9ec.jpeg",
        "stars": "4.4",
        "ratings": "30,522 Ratings ",
        "reviews": " 4,809 Reviews",
        "more-data": "Netflix|Prime Video|Disney+Hotstar|Youtube",
        "more-data2": "Operating System: Android",
        "more-data3": "Ultra HD (4K) 3840 x 2160 Pixels",
        "more-data4": "30 W Speaker Output",
        "more-data5": "60 Hz Refresh Rate",
        "more-data6": "3 x HDMI | 2 x USB",
        "more-data7": "A+ Grade",
        "new-price": "₹31,999",
        "old-price": "₹45,000",
        "discount": "28% off",
        "delivery-type": "Free delivery",
        "offer": "Bank Offer",
        "more-data9": "1 Year Vu Domestic Warranty"
    },
    {
        "description": "OnePlus Y1 80 cm (32 inch) HD Ready LED Smart Android TV",
        "image": "https://rukminim2.flixcart.com/image/312/312/kqidx8w0/television/m/1/v/32ha0a00-oneplus-original-imag4gy8yezxdhen.jpeg",
        "stars": "4.3",
        "ratings": "90,824 Ratings ",
        "reviews": " 8,236 Reviews",
        "more-data": "Netflix|Prime Video|Disney+Hotstar|Youtube",
        "more-data2": "Operating System: Android",
        "more-data3": "HD Ready 1366 x 768 Pixels",
        "more-data4": "20 W Speaker Output",
        "more-data5": "60 Hz Refresh Rate",
        "more-data6": "2 x HDMI | 2 x USB",
        "more-data7": "LED",
        "new-price": "₹15,999",
        "old-price": "₹19,999",
        "discount": "20% off",
        "delivery-type": "Free delivery",
        "offer": "Bank Offer",
        "more-data9": "1 Year Comprehensive Warranty and Additional 1 Year on Panel Provided By the Manufacturer From Date of Purchase"
    },
    {
        "description": "Mi 5X 108 cm (43 inch) Ultra HD (4K) LED Smart Android TV with Dolby Atmos and Dolby Vision",
        "image": "https://rukminim2.flixcart.com/image/312/312/ksoz53k0/television/c/p/h/l43m6-es-mi-original-imag6774wykv4ps8.jpeg",
        "stars": "4.3",
        "ratings": "13,888 Ratings ",
        "reviews": " 1,417 Reviews",
        "more-data": "Netflix|Prime Video|Disney+Hotstar|Youtube",
        "more-data2": "Operating System: Android",
        "more-data3": "Ultra HD (4K) 3840 x 2160 Pixels",
        "more-data4": "30 W Speaker Output",
        "more-data5": "60 Hz Refresh Rate",
        "more-data6": "3 x HDMI | 2 x USB",
        "more-data7": "1 Year Warranty and 2 Years for Panel",
        "new-price": "₹31,999",
        "old-price": "₹49,999",
        "discount": "36% off",
        "delivery-type": "Free delivery",
        "offer": "Bank Offer"
    },
    {
        "description": "Xiaomi 5A 80 cm (32 inch) HD Ready LED Smart Android TV with Dolby Audio (2022 Model)",
        "image": "https://rukminim2.flixcart.com/image/312/312/l2ghgnk0/television/u/a/c/l32m7-5ain-mi-original-imagdsdwqf6bkmkz.jpeg",
        "stars": "4.3",
        "ratings": "782 Ratings ",
        "reviews": " 92 Reviews",
        "more-data": "Netflix|Prime Video|Disney+Hotstar|Youtube",
        "more-data2": "Operating System: Android",
        "more-data3": "HD Ready 1366 x 768 Pixels",
        "more-data4": "20 W Speaker Output",
        "more-data5": "60 Hz Refresh Rate",
        "more-data6": "2 x HDMI | 2 x USB",
        "more-data7": "1 Year Warranty on Product and 2 Years for Panel",
        "new-price": "₹15,499",
        "old-price": "₹24,999",
        "discount": "38% off",
        "delivery-type": "Free delivery",
        "offer": "Bank Offer"
    },
    {
        "description": "Sansui 80 cm (32 inch) HD Ready LED Smart Android TV with (Midnight Black) (2021 Model) | With Android...",
        "image": "https://rukminim2.flixcart.com/image/312/312/l2dmky80/television/b/b/b/-original-imagdqbnhdzdujn8.jpeg",
        "stars": "4.2",
        "ratings": "547 Ratings ",
        "reviews": " 59 Reviews",
        "more-data": "Netflix|Disney+Hotstar|Youtube",
        "more-data2": "Operating System: Android",
        "more-data3": "HD Ready 1366 x 768 Pixels",
        "more-data4": "20 Speaker Output",
        "more-data5": "60 Hz Refresh Rate",
        "more-data6": "2 x HDMI | 2 x USB",
        "more-data7": "1 YEAR",
        "new-price": "₹13,999",
        "old-price": "₹20,990",
        "discount": "33% off",
        "delivery-type": "Free delivery",
        "offer": "Bank Offer"
    },
    {
        "description": "Mi 4A Horizon Edition 80 cm (32 inch) HD Ready LED Smart Android TV",
        "image": "https://rukminim2.flixcart.com/image/312/312/kf5pzm80/television/f/h/e/mi-l32m6-ei-original-imafvzefsh27shv6.jpeg",
        "stars": "4.3",
        "ratings": "33,628 Ratings ",
        "reviews": " 2,935 Reviews",
        "more-data": "Netflix|Prime Video|Disney+Hotstar|Youtube",
        "more-data2": "Operating System: Android",
        "more-data3": "HD Ready 1366 x 768 Pixels",
        "more-data4": "20 W Speaker Output",
        "more-data5": "60 Hz Refresh Rate",
        "more-data6": "3 x HDMI | 2 x USB",
        "more-data7": "1 Year on Product and 2 Years for Panel",
        "new-price": "₹16,499",
        "old-price": "₹19,999",
        "discount": "17% off",
        "delivery-type": "Free delivery",
        "offer": "Bank Offer"
    },
    {
        "description": "OnePlus Y1S 108 cm (43 inch) Full HD LED Smart Android TV",
        "image": "https://rukminim2.flixcart.com/image/312/312/kzfvzww0/television/g/4/k/43fd2a00-43-y1s-oneplus-original-imagbgc44gerfphz.jpeg",
        "stars": "4.2",
        "ratings": "3,150 Ratings ",
        "reviews": " 299 Reviews",
        "more-data": "Netflix|Prime Video|Disney+Hotstar|Youtube",
        "more-data2": "Operating System: Android",
        "more-data3": "Full HD 1920 x 1080 Pixels",
        "more-data4": "20 W Speaker Output",
        "more-data5": "60 Hz Refresh Rate",
        "more-data6": "2 x HDMI | 2 x USB",
        "more-data7": "LED",
        "new-price": "₹26,999",
        "old-price": "₹31,999",
        "discount": "15% off",
        "delivery-type": "Free delivery",
        "offer": "Bank Offer",
        "more-data9": "1 Year Comprehensive Warranty and Additional 1 Year on Panel Provided By the Manufacturer From Date of Purchase"
    },
    {
        "description": "Mi 4A Horizon Edition 100 cm (40 inch) Full HD LED Smart Android TV",
        "image": "https://rukminim2.flixcart.com/image/312/312/kp4difk0/television/y/z/0/l40m6-ei-mi-original-imag3fbyhsdgxxke.jpeg",
        "stars": "4.3",
        "ratings": "33,628 Ratings ",
        "reviews": " 2,935 Reviews",
        "more-data": "Netflix|Prime Video|Disney+Hotstar|Youtube",
        "more-data2": "Operating System: Android",
        "more-data3": "Full HD 1920 x 1080 Pixels",
        "more-data4": "20 W Speaker Output",
        "more-data5": "60 Hz Refresh Rate",
        "more-data6": "3 x HDMI | 2 x USB",
        "more-data7": "1 Year Warranty and 2 Years For Panel",
        "new-price": "₹21,999",
        "old-price": "₹29,999",
        "discount": "26% off",
        "delivery-type": "Free delivery",
        "offer": "Bank Offer"
    },
    {
        "description": "Adsun Frameless 80 cm (32 inch) HD Ready LED Smart TV",
        "image": "https://rukminim2.flixcart.com/image/312/312/kzn17680/television/o/q/p/a-3210s-f-adsun-original-imagbhqzhafpzhyz.jpeg",
        "stars": "3.8",
        "ratings": "4,745 Ratings ",
        "reviews": " 642 Reviews",
        "more-data": "Netflix|Prime Video|Disney+Hotstar|Youtube",
        "more-data2": "Operating System: Android Based",
        "more-data3": "HD Ready 1366 x 768 Pixels",
        "more-data4": "20 W Speaker Output",
        "more-data5": "60 Hz Refresh Rate",
        "more-data6": "2 x HDMI | 2 x USB",
        "more-data7": "A+ Grade Panel",
        "new-price": "₹8,999",
        "old-price": "₹29,999",
        "discount": "70% off",
        "delivery-type": "Free delivery",
        "offer": "Bank Offer",
        "more-data9": "3 Years Standard Manufacturer Warranty from Adsun"
    },
    {
        "description": "LG 108 cm (43 inch) Ultra HD (4K) LED Smart TV",
        "image": "https://rukminim2.flixcart.com/image/312/312/kqse07k0/television/j/r/b/43up7500ptz-43up7500ptz-lg-original-imag4q3zcqt5n3yv.jpeg",
        "stars": "4.4",
        "ratings": "4,926 Ratings ",
        "reviews": " 577 Reviews",
        "more-data": "Netflix|Prime Video|Disney+Hotstar|Youtube",
        "more-data2": "Operating System: WebOS",
        "more-data3": "Ultra HD (4K) 3840 x 2160 Pixels",
        "more-data4": "20 W Speaker Output",
        "more-data5": "60 Hz Refresh Rate",
        "more-data6": "2 x HDMI | 1 x USB",
        "more-data7": "1 Year Comprehensive Warranty and Additional 1 Year Warranty is Applicable on Panel only. (Offer valid till 30 - June - 2022)",
        "new-price": "₹32,990",
        "old-price": "₹59,990",
        "discount": "45% off",
        "delivery-type": "Free delivery",
        "offer": "Bank Offer"
    },
    {
        "description": "realme 80 cm (32 inch) HD Ready LED Smart Android TV",
        "image": "https://rukminim2.flixcart.com/image/312/312/kae95e80/television/f/6/y/realme-tv-32-original-imafrz79pweqeafh.jpeg",
        "stars": "4.4",
        "ratings": "1,48,112 Ratings ",
        "reviews": " 16,906 Reviews",
        "more-data": "Netflix|Prime Video|Disney+Hotstar|Youtube",
        "more-data2": "Operating System: Android",
        "more-data3": "HD Ready 1366 x 768 Pixels",
        "more-data4": "24 W Speaker Output",
        "more-data5": "60 Hz Refresh Rate",
        "more-data6": "3 x HDMI | 2 x USB",
        "more-data7": "1 Year Domestic Warranty, 2 Years on Panel",
        "new-price": "₹15,999",
        "old-price": "₹17,999",
        "discount": "11% off",
        "delivery-type": "Free delivery",
        "offer": "Bank Offer"
    },
    {
        "description": "LG 80 cm (32 inch) HD Ready LED Smart TV",
        "image": "https://rukminim2.flixcart.com/image/312/312/kdyus280/television/g/d/q/lg-32lm565bpta-32lm565bpta-original-imafurgkdrjfggbw.jpeg",
        "stars": "4.4",
        "ratings": "37,995 Ratings ",
        "reviews": " 3,366 Reviews",
        "more-data": "Netflix|Prime Video|Disney+Hotstar|Youtube",
        "more-data2": "Operating System: WebOS",
        "more-data3": "HD Ready 1366 x 768 Pixels",
        "more-data4": "10 W Speaker Output",
        "more-data5": "50 Hz Refresh Rate",
        "more-data6": "2 x HDMI | 1 x USB",
        "new-price": "₹17,499",
        "old-price": "₹21,990",
        "discount": "20% off",
        "delivery-type": "Free delivery",
        "offer": "Bank Offer",
        "more-data9": "1 Year LG India Comprehensive Warranty and Additional 1 Year Warranty is Applicable on Panel/Module"
    },
    {
        "description": "Adsun 80 cm (32 inch) HD Ready LED TV",
        "image": "https://rukminim2.flixcart.com/image/312/312/krntoy80/television/t/b/d/a-3200n-adsun-original-imag5ecyt6ystkrv.jpeg",
        "stars": "3.8",
        "ratings": "4,745 Ratings ",
        "reviews": " 642 Reviews",
        "more-data": "HD Ready 1366 x 768 Pixels",
        "more-data2": "20 W Speaker Output",
        "more-data3": "60 Hz Refresh Rate",
        "more-data4": "2 x HDMI | 2 x USB",
        "more-data5": "A+ Grade",
        "more-data6": "1 Year Warranty on Product",
        "new-price": "₹7,500",
        "old-price": "₹16,999",
        "discount": "55% off",
        "delivery-type": "Free delivery",
        "offer": "Bank Offer"
    },
    {
        "description": "SAMSUNG 80 cm (32 inch) HD Ready LED Smart TV",
        "image": "https://rukminim2.flixcart.com/image/312/312/kbs9k7k0/television/c/j/3/samsung-ua32t4340akxxl-original-imaft25qdysfsq7k.jpeg",
        "stars": "4.4",
        "ratings": "52,360 Ratings ",
        "reviews": " 4,704 Reviews",
        "more-data": "Netflix|Disney+Hotstar|Youtube",
        "more-data2": "Operating System: Tizen",
        "more-data3": "HD Ready 1366 x 768 Pixels",
        "more-data4": "20 W Speaker Output",
        "more-data5": "60 Hz Refresh Rate",
        "more-data6": "2 x HDMI | 1 x USB",
        "more-data7": "1 Year Comprehensive Warranty on Product and 1 Year Additional warranty on Panel",
        "new-price": "₹16,990",
        "old-price": "₹22,900",
        "discount": "25% off",
        "delivery-type": "Free delivery",
        "offer": "Bank Offer"
    },
    {
        "description": "OnePlus Y1 100 cm (40 inch) Full HD LED Smart Android TV",
        "image": "https://rukminim2.flixcart.com/image/312/312/kph8h3k0/television/k/9/h/40y1-40fa1a00-oneplus-original-imag3p45tdgyvpqa.jpeg",
        "stars": "4.3",
        "ratings": "90,824 Ratings ",
        "reviews": " 8,236 Reviews",
        "more-data": "Netflix|Prime Video|Disney+Hotstar|Youtube",
        "more-data2": "Operating System: Android",
        "more-data3": "Full HD 1920 x 1080 Pixels",
        "more-data4": "20 W Speaker Output",
        "more-data5": "60 Hz Refresh Rate",
        "more-data6": "2 x HDMI | 2 x USB",
        "more-data7": "LED",
        "new-price": "₹22,999",
        "old-price": "₹27,999",
        "discount": "17% off",
        "delivery-type": "Free delivery",
        "offer": "Bank Offer",
        "more-data9": "1 Year Warranty on Product and 1 Year Additional Warranty for Panel"
    },
    {
        "description": "realme NEO 80 cm (32 inch) HD Ready LED Smart TV",
        "image": "https://rukminim2.flixcart.com/image/312/312/kulk9zk0/television/a/k/g/rmv2101-realme-original-imag7zh4etze62zy.jpeg",
        "stars": "4.3",
        "ratings": "24,906 Ratings ",
        "reviews": " 2,189 Reviews",
        "more-data": "Youtube",
        "more-data2": "Operating System: Linux",
        "more-data3": "HD Ready 1366 x 768 Pixels",
        "more-data4": "20 W Speaker Output",
        "more-data5": "60 Hz Refresh Rate",
        "more-data6": "2 x HDMI | 1 x USB",
        "more-data7": "Direct LED",
        "new-price": "₹13,999",
        "old-price": "₹21,999",
        "discount": "36% off",
        "delivery-type": "Free delivery",
        "offer": "Bank Offer",
        "more-data9": "1 Year Warranty on Product and 2 Years Warranty on the Display Panel"
    },
    {
        "description": "Sansui 102 cm (40 inch) Full HD LED Smart Android TV with (Midnight Black) (2021 Model) | With Voice S...",
        "image": "https://rukminim2.flixcart.com/image/312/312/l2dmky80/television/t/e/r/-original-imagdqbny5k7wdzc.jpeg",
        "stars": "4",
        "ratings": "119 Ratings ",
        "reviews": " 15 Reviews",
        "more-data": "Netflix|Disney+Hotstar|Youtube",
        "more-data2": "Operating System: Android",
        "more-data3": "Full HD 1920 x 1080 Pixels",
        "more-data4": "20 W Speaker Output",
        "more-data5": "60 Hz Refresh Rate",
        "more-data6": "2 x HDMI | 2 x USB",
        "more-data7": "1 Year Comprehensive Warranty on Product and Additional 1 Year Warranty on Panel",
        "new-price": "₹19,999",
        "old-price": "₹29,290",
        "discount": "31% off",
        "delivery-type": "Free delivery",
        "offer": "Bank Offer"
    },
    {
        "description": "Vu Premium TV 80 cm (32 inch) HD Ready LED Smart TV with Bezel-Less Frame",
        "image": "https://rukminim2.flixcart.com/image/312/312/kylvr0w0/television/k/l/8/-original-imagasrugg4dygfx.jpeg",
        "stars": "4.2",
        "ratings": "2,953 Ratings ",
        "reviews": " 342 Reviews",
        "more-data": "Netflix|Prime Video|Youtube",
        "more-data2": "Operating System: Linux",
        "more-data3": "HD Ready 1366 x 768 Pixels",
        "more-data4": "20 W Speaker Output",
        "more-data5": "60 Hz Refresh Rate",
        "more-data6": "2 x HDMI | 2 x USB",
        "more-data7": "A+ Grade High Bright Panel",
        "new-price": "₹11,999",
        "old-price": "₹20,000",
        "discount": "40% off",
        "delivery-type": "Free delivery",
        "offer": "Hot Deal",
        "more-data9": "1 Year Vu Domestic Warranty"
    },
    {
        "description": "SAMSUNG Crystal 4K Pro 108 cm (43 inch) Ultra HD (4K) LED Smart TV with Voice Search",
        "image": "https://rukminim2.flixcart.com/image/312/312/ko1smfk0/television/1/r/d/ua43aue60aklxl-ua43aue60aklxl-samsung-original-imag2hg7b55y8xhs.jpeg",
        "stars": "4.4",
        "ratings": "6,362 Ratings ",
        "reviews": " 777 Reviews",
        "more-data": "Netflix|Disney+Hotstar|Youtube",
        "more-data2": "Operating System: Tizen",
        "more-data3": "Ultra HD (4K) 3840 x 2160 Pixels",
        "more-data4": "20 W Speaker Output",
        "more-data5": "60 Hz Refresh Rate",
        "more-data6": "3 x HDMI | 1 x USB",
        "more-data7": "1 Year Product Warranty and 1 Year Additional on Panel",
        "new-price": "₹34,990",
        "old-price": "₹54,900",
        "discount": "36% off",
        "delivery-type": "Free delivery",
        "offer": "Bank Offer"
    },
    {
        "description": "Vu Premium 108 cm (43 inch) Full HD LED Smart Android TV",
        "image": "https://rukminim2.flixcart.com/image/312/312/kynb6vk0/television/r/5/g/-original-imagatzzmayhsjzc.jpeg",
        "stars": "4.2",
        "ratings": "1,187 Ratings ",
        "reviews": " 111 Reviews",
        "more-data": "Netflix|Prime Video|Disney+Hotstar|Youtube",
        "more-data2": "Operating System: Android",
        "more-data3": "Full HD 1920x1080 Pixels",
        "more-data4": "30W Speaker Output",
        "more-data5": "60 Hz Refresh Rate",
        "more-data6": "2 x HDMI | 2 x USB",
        "more-data7": "A+ Grade IPS Panel",
        "new-price": "₹21,999",
        "old-price": "₹35,000",
        "discount": "37% off",
        "delivery-type": "Free delivery",
        "offer": "Hot Deal",
        "more-data9": "1 Year"
    },
    {
        "description": "LG OLED A1 Series 121 cm (48 inch) OLED Ultra HD (4K) Smart TV",
        "image": "https://rukminim2.flixcart.com/image/312/312/kqidx8w0/television/g/f/x/oled48a1ptz-lg-original-imag4g64zdwxd7xj.jpeg",
        "stars": "4",
        "ratings": "30 Ratings ",
        "reviews": " 7 Reviews",
        "more-data": "Netflix|Prime Video|Disney+Hotstar|Youtube",
        "more-data2": "Operating System: WebOS",
        "more-data3": "Ultra HD (4K) 3840 x 2160 Pixels",
        "more-data4": "20 W Speaker Output",
        "more-data5": "3 x HDMI | 2 x USB",
        "more-data6": "3 Year Complete Warranty ( Including all parts costs as Panel, Module / Main PCB etc ) (Offer valid till 30 - June - 2022)",
        "new-price": "₹74,990",
        "old-price": "₹1,69,990",
        "discount": "55% off",
        "delivery-type": "Free delivery",
        "offer": "Bank Offer"
    },
    {
        "description": "OnePlus Y1 108 cm (43 inch) Full HD LED Smart Android TV",
        "image": "https://rukminim2.flixcart.com/image/312/312/kqidx8w0/television/o/h/9/43fa0a00-oneplus-original-imag4gy9perzvrdv.jpeg",
        "stars": "4.3",
        "ratings": "90,824 Ratings ",
        "reviews": " 8,236 Reviews",
        "more-data": "Netflix|Prime Video|Disney+Hotstar|Youtube",
        "more-data2": "Operating System: Android",
        "more-data3": "Full HD 1920 x 1080 Pixels",
        "more-data4": "20 W Speaker Output",
        "more-data5": "60 Hz Refresh Rate",
        "more-data6": "2 x HDMI | 2 x USB",
        "more-data7": "LED",
        "new-price": "₹25,999",
        "old-price": "₹29,999",
        "discount": "13% off",
        "delivery-type": "Free delivery",
        "offer": "Bank Offer",
        "more-data9": "1 Year Comprehensive Warranty and Additional 1 Year on Panel Provided By the Manufacturer From Date of Purchase"
    },
    {
        "description": "Xiaomi 5A 108 cm (43 inch) Full HD LED Smart Android TV with Dolby Audio (2022 Model)",
        "image": "https://rukminim2.flixcart.com/image/312/312/l2f20sw0/television/k/s/l/l43m7-eain-mi-original-imagdrtndgnrymr9.jpeg",
        "stars": "4.3",
        "ratings": "782 Ratings ",
        "reviews": " 92 Reviews",
        "more-data": "Netflix|Prime Video|Disney+Hotstar|Youtube",
        "more-data2": "Operating System: Android",
        "more-data3": "Full HD 1920 x 1080 Pixels",
        "more-data4": "24 W Speaker Output",
        "more-data5": "60 Hz Refresh Rate",
        "more-data6": "2 x HDMI | 2 x USB",
        "more-data7": "1 Year Warranty on Product and 2 Years for Panel",
        "new-price": "₹25,999",
        "old-price": "₹35,999",
        "discount": "27% off",
        "delivery-type": "Free delivery",
        "offer": "Lowest price since launch"
    },
    {
        "description": "acer Frameless 80 cm (32 inch) HD Ready LED Smart Android TV with Dolby Audio",
        "image": "https://rukminim2.flixcart.com/image/312/312/kyxb9u80/television/v/4/t/-original-imagbfq5cns4qzhg.jpeg",
        "stars": "4.5",
        "ratings": "4,138 Ratings ",
        "reviews": " 651 Reviews",
        "more-data": "Netflix|Prime Video|Disney+Hotstar|Youtube",
        "more-data2": "Operating System: Android",
        "more-data3": "HD Ready 1366 x 768 Pixels",
        "more-data4": "24 W Speaker Output",
        "more-data5": "60 Hz Refresh Rate",
        "more-data6": "3 x HDMI | 2 x USB",
        "more-data7": "VA",
        "new-price": "₹13,999",
        "old-price": "₹22,990",
        "discount": "39% off",
        "delivery-type": "Free delivery",
        "offer": "Bank Offer",
        "more-data9": "1 Year Warranty"
    },
    {
        "description": "Adsun 60 cm (24 inch) HD Ready LED TV",
        "image": "https://rukminim2.flixcart.com/image/312/312/krntoy80/television/h/i/m/a-2400n-adsun-original-imag5ecpqjfzews3.jpeg",
        "stars": "3.8",
        "ratings": "4,745 Ratings ",
        "reviews": " 642 Reviews",
        "more-data": "HD Ready 1366 x 768 Pixels",
        "more-data2": "20 W Speaker Output",
        "more-data3": "60 Hz Refresh Rate",
        "more-data4": "1 x HDMI | 1 x USB",
        "more-data5": "A+ Grade",
        "more-data6": "1 Year Warranty on Product",
        "new-price": "₹5,999",
        "old-price": "₹12,999",
        "discount": "53% off",
        "delivery-type": "Free delivery",
        "offer": "Bank Offer"
    },
    {
        "description": "Inno-Q Super Bright 98 cm (40 inch) Full HD LED Smart Android TV",
        "image": "https://rukminim2.flixcart.com/image/312/312/l2jcccw0/television/m/e/u/-original-imagdun9tvaf6zfx.jpeg",
        "stars": "4.8",
        "ratings": "29 Ratings ",
        "reviews": " 18 Reviews",
        "more-data": "Netflix|Prime Video|Disney+Hotstar|Youtube",
        "more-data2": "Operating System: Android",
        "more-data3": "Full HD 1920 x 1080 Pixels",
        "more-data4": "20 W Speaker Output",
        "more-data5": "60 Hz Refresh Rate",
        "more-data6": "1 x HDMI | 2 x USB",
        "more-data7": "A+ Grade Premium Dot Free Panel",
        "new-price": "₹13,890",
        "old-price": "₹35,990",
        "discount": "61% off",
        "delivery-type": "Free delivery",
        "offer": "Bank Offer",
        "more-data9": "1 Year Limited Domestic Warranty"
    },
    {
        "description": "Nokia 80 cm (32 inch) HD Ready LED Smart Android TV",
        "image": "https://rukminim2.flixcart.com/image/312/312/l2jcccw0/television/h/q/d/32hdadnvvee-nokia-original-imagdv4whfqzhkzx.jpeg",
        "stars": "4.5",
        "ratings": "53 Ratings ",
        "reviews": " 6 Reviews",
        "more-data": "Netflix|Prime Video|Disney+Hotstar|Youtube",
        "more-data2": "Operating System: Android",
        "more-data3": "HD Ready 1366 x 768 Pixels",
        "more-data4": "24 W Speaker Output",
        "more-data5": "60 Hz Refresh Rate",
        "more-data6": "3 x HDMI | 2 x USB",
        "more-data7": "VA Type Panel",
        "new-price": "₹14,499",
        "old-price": "₹20,000",
        "discount": "27% off",
        "delivery-type": "Free delivery",
        "offer": "Dhamaal Deal",
        "more-data9": "1 Year Warranty on Product"
    },
    {
        "description": "MarQ By Flipkart 80 cm (32 inch) HD Ready LED TV",
        "image": "https://rukminim2.flixcart.com/image/312/312/ktyp8cw0/television/q/r/o/32hdndmsvab-marq-original-imag76pvrgnqhxhu.jpeg",
        "stars": "4.2",
        "ratings": "5,406 Ratings ",
        "reviews": " 658 Reviews",
        "more-data": "HD Ready 1366 X 768 Pixels",
        "more-data2": "20 W Speaker Output",
        "more-data3": "60 Hz Refresh Rate",
        "more-data4": "2 x HDMI | 2 x USB",
        "more-data5": "1 Year Warranty on Product",
        "new-price": "₹8,999",
        "old-price": "₹19,999",
        "discount": "55% off",
        "delivery-type": "Free delivery",
        "offer": "Bank Offer"
    },
    {
        "description": "Nokia 102 cm (40 inch) Full HD LED Smart Android TV",
        "image": "https://rukminim2.flixcart.com/image/312/312/l2jcccw0/television/k/v/g/40fhdadnvvee-nokia-original-imagdv4wagd2scbu.jpeg",
        "stars": "4.5",
        "ratings": "53 Ratings ",
        "reviews": " 6 Reviews",
        "more-data": "Netflix|Prime Video|Disney+Hotstar|Youtube",
        "more-data2": "Operating System: Android",
        "more-data3": "Full HD 1920 x 1080 Pixels",
        "more-data4": "24 W Speaker Output",
        "more-data5": "60 Hz Refresh Rate",
        "more-data6": "3 x HDMI | 2 x USB",
        "more-data7": "VA Type Panel",
        "new-price": "₹21,990",
        "old-price": "₹29,000",
        "discount": "24% off",
        "delivery-type": "Free delivery",
        "offer": "Dhamaal Deal",
        "more-data9": "1 Year Warranty on Product"
    },
    {
        "description": "TOSHIBA E35KP 80 cm (32 inch) HD Ready LED Smart Android TV with DTS Virtual X (2022 Model)",
        "image": "https://rukminim2.flixcart.com/image/312/312/l0h1g280/television/1/t/l/32e35kp-toshiba-original-imagc9anjs6ucuqq.jpeg",
        "stars": "4.5",
        "ratings": "188 Ratings ",
        "reviews": " 46 Reviews",
        "more-data": "Netflix|Prime Video|Disney+Hotstar|Youtube",
        "more-data2": "Operating System: Android",
        "more-data3": "HD Ready 1366 x 768 Pixels",
        "more-data4": "20 w Speaker Output 20",
        "more-data5": "60 Hz Refresh Rate",
        "more-data6": "2 x HDMI | 2 x USB",
        "more-data7": "A+ Grade LED panel",
        "new-price": "₹14,990",
        "old-price": "₹24,990",
        "discount": "40% off",
        "delivery-type": "Free delivery",
        "offer": "Bank Offer",
        "more-data9": "1 Year Warranty on Product From Toshiba"
    },
    {
        "description": "OnePlus U1S 139 cm (55 inch) Ultra HD (4K) LED Smart Android TV",
        "image": "https://rukminim2.flixcart.com/image/312/312/kuwzssw0/television/b/1/v/u-series-55-u1s-55uc1a00-oneplus-original-imag7xtnzgaaxqrg.jpeg",
        "stars": "4.4",
        "ratings": "8,104 Ratings ",
        "reviews": " 908 Reviews",
        "more-data": "Netflix|Prime Video|Disney+Hotstar|Youtube",
        "more-data2": "Operating System: Android",
        "more-data3": "Ultra HD (4K) 3840 x 2160 Pixels",
        "more-data4": "30 W Speaker Output",
        "more-data5": "60 Hz Refresh Rate",
        "more-data6": "3 x HDMI | 2 x USB",
        "more-data7": "1 year warranty on product and 1 year warranty on panel",
        "new-price": "₹46,999",
        "old-price": "₹59,999",
        "discount": "21% off",
        "delivery-type": "Free delivery",
        "offer": "Bank Offer"
    },
    {
        "description": "Thomson 9A Series 80 cm (32 inch) HD Ready LED Smart Android TV",
        "image": "https://rukminim2.flixcart.com/image/312/312/kiyw9e80-0/television/p/0/w/32path0011-thomson-original-imafynyvsmeuwtzr.jpeg",
        "stars": "4.4",
        "ratings": "64,371 Ratings ",
        "reviews": " 14,067 Reviews",
        "more-data": "Prime Video|Disney+Hotstar|Youtube",
        "more-data2": "Operating System: Android",
        "more-data3": "HD Ready 1366 x 768 Pixels",
        "more-data4": "24 W Speaker Output",
        "more-data5": "60 Hz Refresh Rate",
        "more-data6": "3 x HDMI | 2 x USB",
        "more-data7": "A+ Panel",
        "new-price": "₹12,499",
        "old-price": "₹14,499",
        "discount": "13% off",
        "delivery-type": "Free delivery",
        "offer": "Bank Offer",
        "more-data9": "1 Year Warranty on Product & 6 Months on Accessories"
    },
    {
        "description": "TCL C815 Series 164 cm (65 inch) QLED Ultra HD (4K) Smart Android TV With Integrated 2.1 Onkyo Soundba...",
        "image": "https://rukminim2.flixcart.com/image/312/312/l2krs7k0/television/v/i/0/-original-imagdvsxxsnukq3u.jpeg",
        "stars": "4.4",
        "ratings": "154 Ratings ",
        "reviews": " 29 Reviews",
        "more-data": "Netflix|Disney+Hotstar|Youtube",
        "more-data2": "Operating System: Android",
        "more-data3": "Ultra HD (4K) 3840 x 2160 Pixels",
        "more-data4": "50 W Speaker Output",
        "more-data5": "60 Hz Refresh Rate",
        "more-data6": "3 x HDMI | 2 x USB",
        "more-data7": "1 Year Warranty on Product + 1 Year Additional on Panel",
        "new-price": "₹86,990",
        "old-price": "₹2,69,990",
        "discount": "67% off",
        "delivery-type": "Free delivery",
        "offer": "Bank Offer"
    },
    {
        "description": "Mi 5X 125.7 cm (50 inch) Ultra HD (4K) LED Smart Android TV with Dolby Atmos and Dolby Vision",
        "image": "https://rukminim2.flixcart.com/image/312/312/ksoz53k0/television/j/n/i/l50m6-es-mi-original-imag6774eyhv77fg.jpeg",
        "stars": "4.3",
        "ratings": "13,888 Ratings ",
        "reviews": " 1,417 Reviews",
        "more-data": "Netflix|Prime Video|Disney+Hotstar|Youtube",
        "more-data2": "Operating System: Android",
        "more-data3": "Ultra HD (4K) 3840 x 2160 Pixels",
        "more-data4": "40 W Speaker Output",
        "more-data5": "60 Hz Refresh Rate",
        "more-data6": "3 x HDMI | 2 x USB",
        "more-data7": "1 Year Warranty and 2 Years for Panel",
        "new-price": "₹40,999",
        "old-price": "₹59,999",
        "discount": "31% off",
        "delivery-type": "Free delivery",
        "offer": "Bank Offer"
    },
    {
        "description": "realme 108 cm (43 inch) Ultra HD (4K) LED Smart Android TV with Handsfree Voice Search and Dolby Visio...",
        "image": "https://rukminim2.flixcart.com/image/312/312/kosxzm80/television/a/7/8/rmv2004-realme-original-imag36hwea8zmnvy.jpeg",
        "stars": "4.3",
        "ratings": "23,963 Ratings ",
        "reviews": " 2,782 Reviews",
        "more-data": "Netflix|Prime Video|Disney+Hotstar|Youtube",
        "more-data2": "Operating System: Android",
        "more-data3": "Ultra HD (4K) 3840 x 2160 Pixels",
        "more-data4": "24 W Speaker Output",
        "more-data5": "60 Hz Refresh Rate",
        "more-data6": "3 x HDMI | 2 x USB",
        "more-data7": "1 Year Warranty On TV and 2 Years Warranty On The Display Panel",
        "new-price": "₹29,999",
        "old-price": "₹32,999",
        "discount": "9% off",
        "delivery-type": "Free delivery",
        "offer": "Bank Offer"
    },
    {
        "description": "OnePlus U1S 126 cm (50 inch) Ultra HD (4K) LED Smart Android TV",
        "image": "https://rukminim2.flixcart.com/image/312/312/kuwzssw0/television/i/q/x/u-series-50-u1s-50uc1a00-oneplus-original-imag7xtnfn7yrfrn.jpeg",
        "stars": "4.4",
        "ratings": "8,104 Ratings ",
        "reviews": " 908 Reviews",
        "more-data": "Netflix|Prime Video|Disney+Hotstar|Youtube",
        "more-data2": "Operating System: Android",
        "more-data3": "Ultra HD (4K) 3840 x 2160 Pixels",
        "more-data4": "30 W Speaker Output",
        "more-data5": "60 Hz Refresh Rate",
        "more-data6": "3 x HDMI | 2 x USB",
        "more-data7": "1 year warranty on product and 1 year warranty on panel",
        "new-price": "₹40,999",
        "old-price": "₹49,999",
        "discount": "18% off",
        "delivery-type": "Free delivery",
        "offer": "Bank Offer"
    },
    {
        "description": "Sansui 140 cm (55 inch) Ultra HD (4K) LED Smart Android TV with (Mystique Black) (2021 Model) | With D...",
        "image": "https://rukminim2.flixcart.com/image/312/312/l2dmky80/television/y/s/2/-original-imagdqbngxrzkpty.jpeg",
        "stars": "4.2",
        "ratings": "170 Ratings ",
        "reviews": " 28 Reviews",
        "more-data": "Netflix|Disney+Hotstar|Youtube",
        "more-data2": "Operating System: Android",
        "more-data3": "Ultra HD (4K) 3840 x 2160 Pixels",
        "more-data4": "20 W Speaker Output",
        "more-data5": "60 Hz Refresh Rate",
        "more-data6": "3 x HDMI | 2 x USB",
        "more-data7": "1 Year Comprehensive Warranty on Product and Additional 1 Year Warranty on Panel",
        "new-price": "₹34,999",
        "old-price": "₹53,290",
        "discount": "34% off",
        "delivery-type": "Free delivery",
        "offer": "Bank Offer"
    },
    {
        "description": "acer Frameless 109 cm (43 inch) Ultra HD (4K) LED Smart Android TV with Dolby Audio",
        "image": "https://rukminim2.flixcart.com/image/312/312/l0mr7gw0/television/9/k/i/-original-imagccy3vh26rts4.jpeg",
        "stars": "4.5",
        "ratings": "4,138 Ratings ",
        "reviews": " 651 Reviews",
        "more-data": "Netflix|Prime Video|Disney+Hotstar|Youtube",
        "more-data2": "Operating System: Android",
        "more-data3": "Ultra HD (4K) 3840 x 2160 Pixels",
        "more-data4": "24 W Speaker Output",
        "more-data5": "60 Hz Refresh Rate",
        "more-data6": "3 x HDMI | 2 x USB",
        "more-data7": "VA",
        "new-price": "₹23,999",
        "old-price": "₹31,990",
        "discount": "24% off",
        "delivery-type": "Free delivery",
        "offer": "Bank Offer",
        "more-data9": "1 Year Warranty on Product"
    },
    {
        "description": "Thomson 9A Series 106 cm (42 inch) Full HD LED Smart Android TV",
        "image": "https://rukminim2.flixcart.com/image/312/312/kjym9ow0/television/q/o/q/42path2121-42path2121-thomson-original-imafzff3gychx9ub.jpeg",
        "stars": "4.4",
        "ratings": "64,371 Ratings ",
        "reviews": " 14,067 Reviews",
        "more-data": "Prime Video|Disney+Hotstar|Youtube",
        "more-data2": "Operating System: Android",
        "more-data3": "Full HD 1920 x 1080 Pixels",
        "more-data4": "30 W Speaker Output",
        "more-data5": "60 Hz Refresh Rate",
        "more-data6": "3 x HDMI | 2 x USB",
        "more-data7": "IPS",
        "new-price": "₹20,999",
        "old-price": "₹27,999",
        "discount": "25% off",
        "delivery-type": "Free delivery",
        "offer": "Bank Offer",
        "more-data9": "1 Year Warranty on Product & 6 Months on Accessories"
    },
    {
        "description": "Mi 5X 138.8 cm (55 inch) Ultra HD (4K) LED Smart Android TV with Dolby Atmos and Dolby Vision",
        "image": "https://rukminim2.flixcart.com/image/312/312/ksoz53k0/television/f/y/6/l55m6-es-mi-original-imag67749wqtwgyp.jpeg",
        "stars": "4.3",
        "ratings": "13,888 Ratings ",
        "reviews": " 1,417 Reviews",
        "more-data": "Netflix|Prime Video|Disney+Hotstar|Youtube",
        "more-data2": "Operating System: Android",
        "more-data3": "Ultra HD (4K) 3840 x 2160 Pixels",
        "more-data4": "40 W Speaker Output",
        "more-data5": "60 Hz Refresh Rate",
        "more-data6": "3 x HDMI | 2 x USB",
        "more-data7": "1 Year Warranty and 2 Years for Panel",
        "new-price": "₹46,999",
        "old-price": "₹69,999",
        "discount": "32% off",
        "delivery-type": "Free delivery",
        "offer": "Bank Offer"
    },
    {
        "description": "Sansui 109 cm (43 inch) Full HD LED Smart Android TV with (Midnight Black) (2021 Model) | With Voice S...",
        "image": "https://rukminim2.flixcart.com/image/312/312/l2dmky80/television/k/d/q/-original-imagdqbnphbkwb5r.jpeg",
        "stars": "4.2",
        "ratings": "42 Ratings ",
        "reviews": " 7 Reviews",
        "more-data": "Netflix|Disney+Hotstar|Youtube",
        "more-data2": "Operating System: Android",
        "more-data3": "Full HD 1920 x 1080 Pixels",
        "more-data4": "20 W Speaker Output",
        "more-data5": "60 Hz Refresh Rate",
        "more-data6": "2 x HDMI | 2 x USB",
        "more-data7": "1 Year Comprehensive Warranty on Product and Additional 1 Year Warranty on Panel",
        "new-price": "₹22,999",
        "old-price": "₹33,990",
        "discount": "32% off",
        "delivery-type": "Free delivery",
        "offer": "Bank Offer"
    },
    {
        "description": "Thomson R9 80 cm (32 inch) HD Ready LED TV",
        "image": "https://rukminim2.flixcart.com/image/312/312/k0tw13k0/television/h/a/m/thomson-32tm3290-original-imafkjazamdewz2x.jpeg",
        "stars": "4.1",
        "ratings": "53,167 Ratings ",
        "reviews": " 7,809 Reviews",
        "more-data": "HD Ready 1366 x 768 Pixels",
        "more-data2": "20 W Speaker Output",
        "more-data3": "60 Hz Refresh Rate",
        "more-data4": "2 x HDMI | 2 x USB",
        "more-data5": "Thin Bezel Design",
        "more-data6": "1 Year Warranty on Product & 6 Months on Accessories",
        "new-price": "₹9,999",
        "old-price": "₹14,990",
        "discount": "33% off",
        "delivery-type": "Free delivery",
        "offer": "Bank Offer"
    },
    {
        "description": "LG 139 cm (55 inch) Ultra HD (4K) LED Smart TV",
        "image": "https://rukminim2.flixcart.com/image/312/312/kqse07k0/television/m/m/i/55up7500ptz-55up7500ptz-lg-original-imag4q3zjqgshdhy.jpeg",
        "stars": "4.4",
        "ratings": "4,926 Ratings ",
        "reviews": " 577 Reviews",
        "more-data": "Netflix|Prime Video|Disney+Hotstar|Youtube",
        "more-data2": "Operating System: WebOS",
        "more-data3": "Ultra HD (4K) 3840 x 2160 Pixels",
        "more-data4": "20 W Speaker Output",
        "more-data5": "60 Hz Refresh Rate",
        "more-data6": "2 x HDMI | 1 x USB",
        "more-data7": "1 Year Comprehensive Warranty and Additional 1 Year Warranty is Applicable on Panel only. (Offer valid till 30 - June - 2022)",
        "new-price": "₹48,999",
        "old-price": "₹79,990",
        "discount": "38% off",
        "delivery-type": "Free delivery",
        "offer": "Bank Offer"
    },
    {
        "description": "iFFALCON 79.97 cm (32 inch) HD Ready LED Smart Android TV with Google assistant tv HDR 10 and Dolby Au...",
        "image": "https://rukminim2.flixcart.com/image/312/312/k7xnukw0/television/9/z/p/iffalcon-1080p-wide-angle-12mp-waterproof-under-water-portable-original-imafq2fncukhwrc4.jpeg",
        "stars": "4.2",
        "ratings": "29,289 Ratings ",
        "reviews": " 4,091 Reviews",
        "more-data": "Netflix|Disney+Hotstar|Youtube",
        "more-data2": "Operating System: Android",
        "more-data3": "HD Ready 1366 x 768 Pixels",
        "more-data4": "16 W Speaker Output",
        "more-data5": "60 Hz Refresh Rate",
        "more-data6": "2 x HDMI | 1 x USB",
        "more-data7": "A+ Grade Panel",
        "new-price": "₹11,999",
        "old-price": "₹18,999",
        "discount": "36% off",
        "delivery-type": "Free delivery",
        "offer": "Bank Offer",
        "more-data9": "1 Year Domestic Warranty"
    },
    {
        "description": "Nokia 109 cm (43 inch) Full HD LED Smart Android TV",
        "image": "https://rukminim2.flixcart.com/image/312/312/l2jcccw0/television/z/m/7/43fhdadnvvee-nokia-original-imagdv4ywdh4e8vy.jpeg",
        "stars": "4.5",
        "ratings": "53 Ratings ",
        "reviews": " 6 Reviews",
        "more-data": "Netflix|Prime Video|Disney+Hotstar|Youtube",
        "more-data2": "Operating System: Android",
        "more-data3": "Full HD 1920 x 1080 Pixels",
        "more-data4": "24 W Speaker Output",
        "more-data5": "60 Hz Refresh Rate",
        "more-data6": "3 x HDMI | 2 x USB",
        "more-data7": "VA Type Panel",
        "new-price": "₹24,990",
        "old-price": "₹34,000",
        "discount": "26% off",
        "delivery-type": "Free delivery",
        "offer": "Dhamaal Deal",
        "more-data9": "1 Year Warranty on Product"
    },
    {
        "description": "Adsun 80 cm (32 inch) HD Ready LED Smart TV",
        "image": "https://rukminim2.flixcart.com/image/312/312/krntoy80/television/u/d/y/a-3200s-adsun-original-imag5edguuyn54fh.jpeg",
        "stars": "3.8",
        "ratings": "4,745 Ratings ",
        "reviews": " 642 Reviews",
        "more-data": "Netflix|Disney+Hotstar|Youtube",
        "more-data2": "Operating System: Android Based",
        "more-data3": "HD Ready 1366 x 768 Pixels",
        "more-data4": "20 W Speaker Output",
        "more-data5": "60 Hz Refresh Rate",
        "more-data6": "2 x HDMI | 2 x USB",
        "more-data7": "A+ Grade",
        "new-price": "₹8,500",
        "old-price": "₹21,999",
        "discount": "61% off",
        "delivery-type": "Free delivery",
        "offer": "Bank Offer",
        "more-data9": "3 Years of warranty"
    },
    {
        "description": "Coocaa 80 cm (32 inch) HD Ready LED Smart TV with Dolby Audio and Eye Care Technology",
        "image": "https://rukminim2.flixcart.com/image/312/312/ksgehzk0/television/5/k/i/32s3u-pro-32s3u-pro-coocaa-original-imag6ygbqrnurwfg.jpeg",
        "stars": "4.2",
        "ratings": "14,334 Ratings ",
        "reviews": " 2,230 Reviews",
        "more-data": "Youtube",
        "more-data2": "Operating System: Coolita",
        "more-data3": "HD Ready 1366 x768 Pixels",
        "more-data4": "20 W Speaker Output",
        "more-data5": "60 Hz Refresh Rate",
        "more-data6": "2 x HDMI | 1 x USB",
        "more-data7": "DLED",
        "new-price": "₹10,499",
        "old-price": "₹36,990",
        "discount": "71% off",
        "delivery-type": "Free delivery",
        "offer": "Bank Offer",
        "more-data9": "1 Year Domestic Warranty"
    },
    {
        "description": "OnePlus Y1S 80 cm (32 inch) HD Ready LED Smart Android TV",
        "image": "https://rukminim2.flixcart.com/image/312/312/kzfvzww0/television/e/b/b/32hd2a00-32-y1s-oneplus-original-imagbgcewfqywgk7.jpeg",
        "stars": "4.2",
        "ratings": "3,150 Ratings ",
        "reviews": " 299 Reviews",
        "more-data": "Netflix|Prime Video|Disney+Hotstar|Youtube",
        "more-data2": "Operating System: Android",
        "more-data3": "HD Ready 1366 x 768 Pixels",
        "more-data4": "20 W Speaker Output",
        "more-data5": "60 Hz Refresh Rate",
        "more-data6": "2 x HDMI | 2 x USB",
        "more-data7": "LED",
        "new-price": "₹16,499",
        "old-price": "₹21,999",
        "discount": "25% off",
        "delivery-type": "Free delivery",
        "offer": "Bank Offer",
        "more-data9": "1 Year Comprehensive Warranty and Additional 1 Year on Panel Provided By the Manufacturer From Date of Purchase"
    },
    {
        "description": "Vu Premium 126 cm (50 inch) Ultra HD (4K) LED Smart Android TV",
        "image": "https://rukminim2.flixcart.com/image/312/312/kx6fwcw0/television/w/5/8/-original-imag9zvwz5ffv9ec.jpeg",
        "stars": "4.4",
        "ratings": "30,522 Ratings ",
        "reviews": " 4,809 Reviews",
        "more-data": "Netflix|Prime Video|Disney+Hotstar|Youtube",
        "more-data2": "Operating System: Android",
        "more-data3": "Ultra HD (4K) 3840 x 2160 Pixels",
        "more-data4": "30 W Speaker Output",
        "more-data5": "60 Hz Refresh Rate",
        "more-data6": "3 x HDMI | 2 x USB",
        "more-data7": "A+ Grade",
        "new-price": "₹31,999",
        "old-price": "₹45,000",
        "discount": "28% off",
        "delivery-type": "Free delivery",
        "offer": "Bank Offer",
        "more-data9": "1 Year Vu Domestic Warranty"
    },
    {
        "description": "OnePlus Y1 80 cm (32 inch) HD Ready LED Smart Android TV",
        "image": "https://rukminim2.flixcart.com/image/312/312/kqidx8w0/television/m/1/v/32ha0a00-oneplus-original-imag4gy8yezxdhen.jpeg",
        "stars": "4.3",
        "ratings": "90,824 Ratings ",
        "reviews": " 8,236 Reviews",
        "more-data": "Netflix|Prime Video|Disney+Hotstar|Youtube",
        "more-data2": "Operating System: Android",
        "more-data3": "HD Ready 1366 x 768 Pixels",
        "more-data4": "20 W Speaker Output",
        "more-data5": "60 Hz Refresh Rate",
        "more-data6": "2 x HDMI | 2 x USB",
        "more-data7": "LED",
        "new-price": "₹15,999",
        "old-price": "₹19,999",
        "discount": "20% off",
        "delivery-type": "Free delivery",
        "offer": "Bank Offer",
        "more-data9": "1 Year Comprehensive Warranty and Additional 1 Year on Panel Provided By the Manufacturer From Date of Purchase"
    },
    {
        "description": "Mi 5X 108 cm (43 inch) Ultra HD (4K) LED Smart Android TV with Dolby Atmos and Dolby Vision",
        "image": "https://rukminim2.flixcart.com/image/312/312/ksoz53k0/television/c/p/h/l43m6-es-mi-original-imag6774wykv4ps8.jpeg",
        "stars": "4.3",
        "ratings": "13,888 Ratings ",
        "reviews": " 1,417 Reviews",
        "more-data": "Netflix|Prime Video|Disney+Hotstar|Youtube",
        "more-data2": "Operating System: Android",
        "more-data3": "Ultra HD (4K) 3840 x 2160 Pixels",
        "more-data4": "30 W Speaker Output",
        "more-data5": "60 Hz Refresh Rate",
        "more-data6": "3 x HDMI | 2 x USB",
        "more-data7": "1 Year Warranty and 2 Years for Panel",
        "new-price": "₹31,999",
        "old-price": "₹49,999",
        "discount": "36% off",
        "delivery-type": "Free delivery",
        "offer": "Bank Offer"
    },
    {
        "description": "Xiaomi 5A 80 cm (32 inch) HD Ready LED Smart Android TV with Dolby Audio (2022 Model)",
        "image": "https://rukminim2.flixcart.com/image/312/312/l2ghgnk0/television/u/a/c/l32m7-5ain-mi-original-imagdsdwqf6bkmkz.jpeg",
        "stars": "4.3",
        "ratings": "782 Ratings ",
        "reviews": " 92 Reviews",
        "more-data": "Netflix|Prime Video|Disney+Hotstar|Youtube",
        "more-data2": "Operating System: Android",
        "more-data3": "HD Ready 1366 x 768 Pixels",
        "more-data4": "20 W Speaker Output",
        "more-data5": "60 Hz Refresh Rate",
        "more-data6": "2 x HDMI | 2 x USB",
        "more-data7": "1 Year Warranty on Product and 2 Years for Panel",
        "new-price": "₹15,499",
        "old-price": "₹24,999",
        "discount": "38% off",
        "delivery-type": "Free delivery",
        "offer": "Bank Offer"
    },
    {
        "description": "Sansui 80 cm (32 inch) HD Ready LED Smart Android TV with (Midnight Black) (2021 Model) | With Android...",
        "image": "https://rukminim2.flixcart.com/image/312/312/l2dmky80/television/b/b/b/-original-imagdqbnhdzdujn8.jpeg",
        "stars": "4.2",
        "ratings": "547 Ratings ",
        "reviews": " 59 Reviews",
        "more-data": "Netflix|Disney+Hotstar|Youtube",
        "more-data2": "Operating System: Android",
        "more-data3": "HD Ready 1366 x 768 Pixels",
        "more-data4": "20 Speaker Output",
        "more-data5": "60 Hz Refresh Rate",
        "more-data6": "2 x HDMI | 2 x USB",
        "more-data7": "1 YEAR",
        "new-price": "₹13,999",
        "old-price": "₹20,990",
        "discount": "33% off",
        "delivery-type": "Free delivery",
        "offer": "Bank Offer"
    },
    {
        "description": "Mi 4A Horizon Edition 80 cm (32 inch) HD Ready LED Smart Android TV",
        "image": "https://rukminim2.flixcart.com/image/312/312/kf5pzm80/television/f/h/e/mi-l32m6-ei-original-imafvzefsh27shv6.jpeg",
        "stars": "4.3",
        "ratings": "33,628 Ratings ",
        "reviews": " 2,935 Reviews",
        "more-data": "Netflix|Prime Video|Disney+Hotstar|Youtube",
        "more-data2": "Operating System: Android",
        "more-data3": "HD Ready 1366 x 768 Pixels",
        "more-data4": "20 W Speaker Output",
        "more-data5": "60 Hz Refresh Rate",
        "more-data6": "3 x HDMI | 2 x USB",
        "more-data7": "1 Year on Product and 2 Years for Panel",
        "new-price": "₹16,499",
        "old-price": "₹19,999",
        "discount": "17% off",
        "delivery-type": "Free delivery",
        "offer": "Bank Offer"
    },
    {
        "description": "OnePlus Y1S 108 cm (43 inch) Full HD LED Smart Android TV",
        "image": "https://rukminim2.flixcart.com/image/312/312/kzfvzww0/television/g/4/k/43fd2a00-43-y1s-oneplus-original-imagbgc44gerfphz.jpeg",
        "stars": "4.2",
        "ratings": "3,150 Ratings ",
        "reviews": " 299 Reviews",
        "more-data": "Netflix|Prime Video|Disney+Hotstar|Youtube",
        "more-data2": "Operating System: Android",
        "more-data3": "Full HD 1920 x 1080 Pixels",
        "more-data4": "20 W Speaker Output",
        "more-data5": "60 Hz Refresh Rate",
        "more-data6": "2 x HDMI | 2 x USB",
        "more-data7": "LED",
        "new-price": "₹26,999",
        "old-price": "₹31,999",
        "discount": "15% off",
        "delivery-type": "Free delivery",
        "offer": "Bank Offer",
        "more-data9": "1 Year Comprehensive Warranty and Additional 1 Year on Panel Provided By the Manufacturer From Date of Purchase"
    },
    {
        "description": "Mi 4A Horizon Edition 100 cm (40 inch) Full HD LED Smart Android TV",
        "image": "https://rukminim2.flixcart.com/image/312/312/kp4difk0/television/y/z/0/l40m6-ei-mi-original-imag3fbyhsdgxxke.jpeg",
        "stars": "4.3",
        "ratings": "33,628 Ratings ",
        "reviews": " 2,935 Reviews",
        "more-data": "Netflix|Prime Video|Disney+Hotstar|Youtube",
        "more-data2": "Operating System: Android",
        "more-data3": "Full HD 1920 x 1080 Pixels",
        "more-data4": "20 W Speaker Output",
        "more-data5": "60 Hz Refresh Rate",
        "more-data6": "3 x HDMI | 2 x USB",
        "more-data7": "1 Year Warranty and 2 Years For Panel",
        "new-price": "₹21,999",
        "old-price": "₹29,999",
        "discount": "26% off",
        "delivery-type": "Free delivery",
        "offer": "Bank Offer"
    },
    {
        "description": "Adsun Frameless 80 cm (32 inch) HD Ready LED Smart TV",
        "image": "https://rukminim2.flixcart.com/image/312/312/kzn17680/television/o/q/p/a-3210s-f-adsun-original-imagbhqzhafpzhyz.jpeg",
        "stars": "3.8",
        "ratings": "4,745 Ratings ",
        "reviews": " 642 Reviews",
        "more-data": "Netflix|Prime Video|Disney+Hotstar|Youtube",
        "more-data2": "Operating System: Android Based",
        "more-data3": "HD Ready 1366 x 768 Pixels",
        "more-data4": "20 W Speaker Output",
        "more-data5": "60 Hz Refresh Rate",
        "more-data6": "2 x HDMI | 2 x USB",
        "more-data7": "A+ Grade Panel",
        "new-price": "₹8,999",
        "old-price": "₹29,999",
        "discount": "70% off",
        "delivery-type": "Free delivery",
        "offer": "Bank Offer",
        "more-data9": "3 Years Standard Manufacturer Warranty from Adsun"
    },
    {
        "description": "LG 108 cm (43 inch) Ultra HD (4K) LED Smart TV",
        "image": "https://rukminim2.flixcart.com/image/312/312/kqse07k0/television/j/r/b/43up7500ptz-43up7500ptz-lg-original-imag4q3zcqt5n3yv.jpeg",
        "stars": "4.4",
        "ratings": "4,926 Ratings ",
        "reviews": " 577 Reviews",
        "more-data": "Netflix|Prime Video|Disney+Hotstar|Youtube",
        "more-data2": "Operating System: WebOS",
        "more-data3": "Ultra HD (4K) 3840 x 2160 Pixels",
        "more-data4": "20 W Speaker Output",
        "more-data5": "60 Hz Refresh Rate",
        "more-data6": "2 x HDMI | 1 x USB",
        "more-data7": "1 Year Comprehensive Warranty and Additional 1 Year Warranty is Applicable on Panel only. (Offer valid till 30 - June - 2022)",
        "new-price": "₹32,990",
        "old-price": "₹59,990",
        "discount": "45% off",
        "delivery-type": "Free delivery",
        "offer": "Bank Offer"
    },
    {
        "description": "realme 80 cm (32 inch) HD Ready LED Smart Android TV",
        "image": "https://rukminim2.flixcart.com/image/312/312/kae95e80/television/f/6/y/realme-tv-32-original-imafrz79pweqeafh.jpeg",
        "stars": "4.4",
        "ratings": "1,48,112 Ratings ",
        "reviews": " 16,906 Reviews",
        "more-data": "Netflix|Prime Video|Disney+Hotstar|Youtube",
        "more-data2": "Operating System: Android",
        "more-data3": "HD Ready 1366 x 768 Pixels",
        "more-data4": "24 W Speaker Output",
        "more-data5": "60 Hz Refresh Rate",
        "more-data6": "3 x HDMI | 2 x USB",
        "more-data7": "1 Year Domestic Warranty, 2 Years on Panel",
        "new-price": "₹15,999",
        "old-price": "₹17,999",
        "discount": "11% off",
        "delivery-type": "Free delivery",
        "offer": "Bank Offer"
    },
    {
        "description": "LG 80 cm (32 inch) HD Ready LED Smart TV",
        "image": "https://rukminim2.flixcart.com/image/312/312/kdyus280/television/g/d/q/lg-32lm565bpta-32lm565bpta-original-imafurgkdrjfggbw.jpeg",
        "stars": "4.4",
        "ratings": "37,995 Ratings ",
        "reviews": " 3,366 Reviews",
        "more-data": "Netflix|Prime Video|Disney+Hotstar|Youtube",
        "more-data2": "Operating System: WebOS",
        "more-data3": "HD Ready 1366 x 768 Pixels",
        "more-data4": "10 W Speaker Output",
        "more-data5": "50 Hz Refresh Rate",
        "more-data6": "2 x HDMI | 1 x USB",
        "new-price": "₹17,499",
        "old-price": "₹21,990",
        "discount": "20% off",
        "delivery-type": "Free delivery",
        "offer": "Bank Offer",
        "more-data9": "1 Year LG India Comprehensive Warranty and Additional 1 Year Warranty is Applicable on Panel/Module"
    },
    {
        "description": "Adsun 80 cm (32 inch) HD Ready LED TV",
        "image": "https://rukminim2.flixcart.com/image/312/312/krntoy80/television/t/b/d/a-3200n-adsun-original-imag5ecyt6ystkrv.jpeg",
        "stars": "3.8",
        "ratings": "4,745 Ratings ",
        "reviews": " 642 Reviews",
        "more-data": "HD Ready 1366 x 768 Pixels",
        "more-data2": "20 W Speaker Output",
        "more-data3": "60 Hz Refresh Rate",
        "more-data4": "2 x HDMI | 2 x USB",
        "more-data5": "A+ Grade",
        "more-data6": "1 Year Warranty on Product",
        "new-price": "₹7,500",
        "old-price": "₹16,999",
        "discount": "55% off",
        "delivery-type": "Free delivery",
        "offer": "Bank Offer"
    },
    {
        "description": "SAMSUNG 80 cm (32 inch) HD Ready LED Smart TV",
        "image": "https://rukminim2.flixcart.com/image/312/312/kbs9k7k0/television/c/j/3/samsung-ua32t4340akxxl-original-imaft25qdysfsq7k.jpeg",
        "stars": "4.4",
        "ratings": "52,360 Ratings ",
        "reviews": " 4,704 Reviews",
        "more-data": "Netflix|Disney+Hotstar|Youtube",
        "more-data2": "Operating System: Tizen",
        "more-data3": "HD Ready 1366 x 768 Pixels",
        "more-data4": "20 W Speaker Output",
        "more-data5": "60 Hz Refresh Rate",
        "more-data6": "2 x HDMI | 1 x USB",
        "more-data7": "1 Year Comprehensive Warranty on Product and 1 Year Additional warranty on Panel",
        "new-price": "₹16,990",
        "old-price": "₹22,900",
        "discount": "25% off",
        "delivery-type": "Free delivery",
        "offer": "Bank Offer"
    },
    {
        "description": "OnePlus Y1 100 cm (40 inch) Full HD LED Smart Android TV",
        "image": "https://rukminim2.flixcart.com/image/312/312/kph8h3k0/television/k/9/h/40y1-40fa1a00-oneplus-original-imag3p45tdgyvpqa.jpeg",
        "stars": "4.3",
        "ratings": "90,824 Ratings ",
        "reviews": " 8,236 Reviews",
        "more-data": "Netflix|Prime Video|Disney+Hotstar|Youtube",
        "more-data2": "Operating System: Android",
        "more-data3": "Full HD 1920 x 1080 Pixels",
        "more-data4": "20 W Speaker Output",
        "more-data5": "60 Hz Refresh Rate",
        "more-data6": "2 x HDMI | 2 x USB",
        "more-data7": "LED",
        "new-price": "₹22,999",
        "old-price": "₹27,999",
        "discount": "17% off",
        "delivery-type": "Free delivery",
        "offer": "Bank Offer",
        "more-data9": "1 Year Warranty on Product and 1 Year Additional Warranty for Panel"
    },
    {
        "description": "realme NEO 80 cm (32 inch) HD Ready LED Smart TV",
        "image": "https://rukminim2.flixcart.com/image/312/312/kulk9zk0/television/a/k/g/rmv2101-realme-original-imag7zh4etze62zy.jpeg",
        "stars": "4.3",
        "ratings": "24,906 Ratings ",
        "reviews": " 2,189 Reviews",
        "more-data": "Youtube",
        "more-data2": "Operating System: Linux",
        "more-data3": "HD Ready 1366 x 768 Pixels",
        "more-data4": "20 W Speaker Output",
        "more-data5": "60 Hz Refresh Rate",
        "more-data6": "2 x HDMI | 1 x USB",
        "more-data7": "Direct LED",
        "new-price": "₹13,999",
        "old-price": "₹21,999",
        "discount": "36% off",
        "delivery-type": "Free delivery",
        "offer": "Bank Offer",
        "more-data9": "1 Year Warranty on Product and 2 Years Warranty on the Display Panel"
    },
    {
        "description": "Sansui 102 cm (40 inch) Full HD LED Smart Android TV with (Midnight Black) (2021 Model) | With Voice S...",
        "image": "https://rukminim2.flixcart.com/image/312/312/l2dmky80/television/t/e/r/-original-imagdqbny5k7wdzc.jpeg",
        "stars": "4",
        "ratings": "119 Ratings ",
        "reviews": " 15 Reviews",
        "more-data": "Netflix|Disney+Hotstar|Youtube",
        "more-data2": "Operating System: Android",
        "more-data3": "Full HD 1920 x 1080 Pixels",
        "more-data4": "20 W Speaker Output",
        "more-data5": "60 Hz Refresh Rate",
        "more-data6": "2 x HDMI | 2 x USB",
        "more-data7": "1 Year Comprehensive Warranty on Product and Additional 1 Year Warranty on Panel",
        "new-price": "₹19,999",
        "old-price": "₹29,290",
        "discount": "31% off",
        "delivery-type": "Free delivery",
        "offer": "Bank Offer"
    },
    {
        "description": "Vu Premium TV 80 cm (32 inch) HD Ready LED Smart TV with Bezel-Less Frame",
        "image": "https://rukminim2.flixcart.com/image/312/312/kylvr0w0/television/k/l/8/-original-imagasrugg4dygfx.jpeg",
        "stars": "4.2",
        "ratings": "2,953 Ratings ",
        "reviews": " 342 Reviews",
        "more-data": "Netflix|Prime Video|Youtube",
        "more-data2": "Operating System: Linux",
        "more-data3": "HD Ready 1366 x 768 Pixels",
        "more-data4": "20 W Speaker Output",
        "more-data5": "60 Hz Refresh Rate",
        "more-data6": "2 x HDMI | 2 x USB",
        "more-data7": "A+ Grade High Bright Panel",
        "new-price": "₹11,999",
        "old-price": "₹20,000",
        "discount": "40% off",
        "delivery-type": "Free delivery",
        "offer": "Hot Deal",
        "more-data9": "1 Year Vu Domestic Warranty"
    },
    {
        "description": "SAMSUNG Crystal 4K Pro 108 cm (43 inch) Ultra HD (4K) LED Smart TV with Voice Search",
        "image": "https://rukminim2.flixcart.com/image/312/312/ko1smfk0/television/1/r/d/ua43aue60aklxl-ua43aue60aklxl-samsung-original-imag2hg7b55y8xhs.jpeg",
        "stars": "4.4",
        "ratings": "6,362 Ratings ",
        "reviews": " 777 Reviews",
        "more-data": "Netflix|Disney+Hotstar|Youtube",
        "more-data2": "Operating System: Tizen",
        "more-data3": "Ultra HD (4K) 3840 x 2160 Pixels",
        "more-data4": "20 W Speaker Output",
        "more-data5": "60 Hz Refresh Rate",
        "more-data6": "3 x HDMI | 1 x USB",
        "more-data7": "1 Year Product Warranty and 1 Year Additional on Panel",
        "new-price": "₹34,990",
        "old-price": "₹54,900",
        "discount": "36% off",
        "delivery-type": "Free delivery",
        "offer": "Bank Offer"
    },
    {
        "description": "Vu Premium 108 cm (43 inch) Full HD LED Smart Android TV",
        "image": "https://rukminim2.flixcart.com/image/312/312/kynb6vk0/television/r/5/g/-original-imagatzzmayhsjzc.jpeg",
        "stars": "4.2",
        "ratings": "1,187 Ratings ",
        "reviews": " 111 Reviews",
        "more-data": "Netflix|Prime Video|Disney+Hotstar|Youtube",
        "more-data2": "Operating System: Android",
        "more-data3": "Full HD 1920x1080 Pixels",
        "more-data4": "30W Speaker Output",
        "more-data5": "60 Hz Refresh Rate",
        "more-data6": "2 x HDMI | 2 x USB",
        "more-data7": "A+ Grade IPS Panel",
        "new-price": "₹21,999",
        "old-price": "₹35,000",
        "discount": "37% off",
        "delivery-type": "Free delivery",
        "offer": "Hot Deal",
        "more-data9": "1 Year"
    },
    {
        "description": "LG OLED A1 Series 121 cm (48 inch) OLED Ultra HD (4K) Smart TV",
        "image": "https://rukminim2.flixcart.com/image/312/312/kqidx8w0/television/g/f/x/oled48a1ptz-lg-original-imag4g64zdwxd7xj.jpeg",
        "stars": "4",
        "ratings": "30 Ratings ",
        "reviews": " 7 Reviews",
        "more-data": "Netflix|Prime Video|Disney+Hotstar|Youtube",
        "more-data2": "Operating System: WebOS",
        "more-data3": "Ultra HD (4K) 3840 x 2160 Pixels",
        "more-data4": "20 W Speaker Output",
        "more-data5": "3 x HDMI | 2 x USB",
        "more-data6": "3 Year Complete Warranty ( Including all parts costs as Panel, Module / Main PCB etc ) (Offer valid till 30 - June - 2022)",
        "new-price": "₹74,990",
        "old-price": "₹1,69,990",
        "discount": "55% off",
        "delivery-type": "Free delivery",
        "offer": "Bank Offer"
    },
    {
        "description": "OnePlus Y1 108 cm (43 inch) Full HD LED Smart Android TV",
        "image": "https://rukminim2.flixcart.com/image/312/312/kqidx8w0/television/o/h/9/43fa0a00-oneplus-original-imag4gy9perzvrdv.jpeg",
        "stars": "4.3",
        "ratings": "90,824 Ratings ",
        "reviews": " 8,236 Reviews",
        "more-data": "Netflix|Prime Video|Disney+Hotstar|Youtube",
        "more-data2": "Operating System: Android",
        "more-data3": "Full HD 1920 x 1080 Pixels",
        "more-data4": "20 W Speaker Output",
        "more-data5": "60 Hz Refresh Rate",
        "more-data6": "2 x HDMI | 2 x USB",
        "more-data7": "LED",
        "new-price": "₹25,999",
        "old-price": "₹29,999",
        "discount": "13% off",
        "delivery-type": "Free delivery",
        "offer": "Bank Offer",
        "more-data9": "1 Year Comprehensive Warranty and Additional 1 Year on Panel Provided By the Manufacturer From Date of Purchase"
    },
    {
        "description": "Xiaomi 5A 108 cm (43 inch) Full HD LED Smart Android TV with Dolby Audio (2022 Model)",
        "image": "https://rukminim2.flixcart.com/image/312/312/l2f20sw0/television/k/s/l/l43m7-eain-mi-original-imagdrtndgnrymr9.jpeg",
        "stars": "4.3",
        "ratings": "782 Ratings ",
        "reviews": " 92 Reviews",
        "more-data": "Netflix|Prime Video|Disney+Hotstar|Youtube",
        "more-data2": "Operating System: Android",
        "more-data3": "Full HD 1920 x 1080 Pixels",
        "more-data4": "24 W Speaker Output",
        "more-data5": "60 Hz Refresh Rate",
        "more-data6": "2 x HDMI | 2 x USB",
        "more-data7": "1 Year Warranty on Product and 2 Years for Panel",
        "new-price": "₹25,999",
        "old-price": "₹35,999",
        "discount": "27% off",
        "delivery-type": "Free delivery",
        "offer": "Lowest price since launch"
    },
    {
        "description": "acer Frameless 80 cm (32 inch) HD Ready LED Smart Android TV with Dolby Audio",
        "image": "https://rukminim2.flixcart.com/image/312/312/kyxb9u80/television/v/4/t/-original-imagbfq5cns4qzhg.jpeg",
        "stars": "4.5",
        "ratings": "4,138 Ratings ",
        "reviews": " 651 Reviews",
        "more-data": "Netflix|Prime Video|Disney+Hotstar|Youtube",
        "more-data2": "Operating System: Android",
        "more-data3": "HD Ready 1366 x 768 Pixels",
        "more-data4": "24 W Speaker Output",
        "more-data5": "60 Hz Refresh Rate",
        "more-data6": "3 x HDMI | 2 x USB",
        "more-data7": "VA",
        "new-price": "₹13,999",
        "old-price": "₹22,990",
        "discount": "39% off",
        "delivery-type": "Free delivery",
        "offer": "Bank Offer",
        "more-data9": "1 Year Warranty"
    },
    {
        "description": "Sansui 80 cm (32 inch) HD Ready LED Smart Android TV with (Midnight Black) (2021 Model) | With Android...",
        "image": "https://rukminim2.flixcart.com/image/312/312/l2dmky80/television/b/b/b/-original-imagdqbnhdzdujn8.jpeg",
        "stars": "4.2",
        "ratings": "547 Ratings ",
        "reviews": " 59 Reviews",
        "more-data": "Netflix|Disney+Hotstar|Youtube",
        "more-data2": "Operating System: Android",
        "more-data3": "HD Ready 1366 x 768 Pixels",
        "more-data4": "20 Speaker Output",
        "more-data5": "60 Hz Refresh Rate",
        "more-data6": "2 x HDMI | 2 x USB",
        "more-data7": "1 YEAR",
        "new-price": "₹13,999",
        "old-price": "₹20,990",
        "discount": "33% off",
        "delivery-type": "Free delivery",
        "offer": "Bank Offer"
    },
    {
        "description": "Inno-Q Super Bright 98 cm (40 inch) Full HD LED Smart Android TV",
        "image": "https://rukminim2.flixcart.com/image/312/312/l2jcccw0/television/m/e/u/-original-imagdun9tvaf6zfx.jpeg",
        "stars": "4.8",
        "ratings": "29 Ratings ",
        "reviews": " 18 Reviews",
        "more-data": "Netflix|Prime Video|Disney+Hotstar|Youtube",
        "more-data2": "Operating System: Android",
        "more-data3": "Full HD 1920 x 1080 Pixels",
        "more-data4": "20 W Speaker Output",
        "more-data5": "60 Hz Refresh Rate",
        "more-data6": "1 x HDMI | 2 x USB",
        "more-data7": "A+ Grade Premium Dot Free Panel",
        "new-price": "₹13,890",
        "old-price": "₹35,990",
        "discount": "61% off",
        "delivery-type": "Free delivery",
        "offer": "Bank Offer",
        "more-data9": "1 Year Limited Domestic Warranty"
    },
    {
        "description": "Nokia 80 cm (32 inch) HD Ready LED Smart Android TV",
        "image": "https://rukminim2.flixcart.com/image/312/312/l2jcccw0/television/h/q/d/32hdadnvvee-nokia-original-imagdv4whfqzhkzx.jpeg",
        "stars": "4.5",
        "ratings": "53 Ratings ",
        "reviews": " 6 Reviews",
        "more-data": "Netflix|Prime Video|Disney+Hotstar|Youtube",
        "more-data2": "Operating System: Android",
        "more-data3": "HD Ready 1366 x 768 Pixels",
        "more-data4": "24 W Speaker Output",
        "more-data5": "60 Hz Refresh Rate",
        "more-data6": "3 x HDMI | 2 x USB",
        "more-data7": "VA Type Panel",
        "new-price": "₹14,499",
        "old-price": "₹20,000",
        "discount": "27% off",
        "delivery-type": "Free delivery",
        "offer": "Dhamaal Deal",
        "more-data9": "1 Year Warranty on Product"
    },
    {
        "description": "MarQ By Flipkart 80 cm (32 inch) HD Ready LED TV",
        "image": "https://rukminim2.flixcart.com/image/312/312/ktyp8cw0/television/q/r/o/32hdndmsvab-marq-original-imag76pvrgnqhxhu.jpeg",
        "stars": "4.2",
        "ratings": "5,406 Ratings ",
        "reviews": " 658 Reviews",
        "more-data": "HD Ready 1366 X 768 Pixels",
        "more-data2": "20 W Speaker Output",
        "more-data3": "60 Hz Refresh Rate",
        "more-data4": "2 x HDMI | 2 x USB",
        "more-data5": "1 Year Warranty on Product",
        "new-price": "₹8,999",
        "old-price": "₹19,999",
        "discount": "55% off",
        "delivery-type": "Free delivery",
        "offer": "Bank Offer"
    },
    {
        "description": "Adsun 80 cm (32 inch) HD Ready LED TV",
        "image": "https://rukminim2.flixcart.com/image/312/312/krntoy80/television/t/b/d/a-3200n-adsun-original-imag5ecyt6ystkrv.jpeg",
        "stars": "3.8",
        "ratings": "4,745 Ratings ",
        "reviews": " 642 Reviews",
        "more-data": "HD Ready 1366 x 768 Pixels",
        "more-data2": "20 W Speaker Output",
        "more-data3": "60 Hz Refresh Rate",
        "more-data4": "2 x HDMI | 2 x USB",
        "more-data5": "A+ Grade",
        "more-data6": "1 Year Warranty on Product",
        "new-price": "₹7,500",
        "old-price": "₹16,999",
        "discount": "55% off",
        "delivery-type": "Free delivery",
        "offer": "Bank Offer"
    },
    {
        "description": "TOSHIBA E35KP 80 cm (32 inch) HD Ready LED Smart Android TV with DTS Virtual X (2022 Model)",
        "image": "https://rukminim2.flixcart.com/image/312/312/l0h1g280/television/1/t/l/32e35kp-toshiba-original-imagc9anjs6ucuqq.jpeg",
        "stars": "4.5",
        "ratings": "188 Ratings ",
        "reviews": " 46 Reviews",
        "more-data": "Netflix|Prime Video|Disney+Hotstar|Youtube",
        "more-data2": "Operating System: Android",
        "more-data3": "HD Ready 1366 x 768 Pixels",
        "more-data4": "20 w Speaker Output 20",
        "more-data5": "60 Hz Refresh Rate",
        "more-data6": "2 x HDMI | 2 x USB",
        "more-data7": "A+ Grade LED panel",
        "new-price": "₹14,990",
        "old-price": "₹24,990",
        "discount": "40% off",
        "delivery-type": "Free delivery",
        "offer": "Bank Offer",
        "more-data9": "1 Year Warranty on Product From Toshiba"
    },
    {
        "description": "OnePlus U1S 139 cm (55 inch) Ultra HD (4K) LED Smart Android TV",
        "image": "https://rukminim2.flixcart.com/image/312/312/kuwzssw0/television/b/1/v/u-series-55-u1s-55uc1a00-oneplus-original-imag7xtnzgaaxqrg.jpeg",
        "stars": "4.4",
        "ratings": "8,104 Ratings ",
        "reviews": " 908 Reviews",
        "more-data": "Netflix|Prime Video|Disney+Hotstar|Youtube",
        "more-data2": "Operating System: Android",
        "more-data3": "Ultra HD (4K) 3840 x 2160 Pixels",
        "more-data4": "30 W Speaker Output",
        "more-data5": "60 Hz Refresh Rate",
        "more-data6": "3 x HDMI | 2 x USB",
        "more-data7": "1 year warranty on product and 1 year warranty on panel",
        "new-price": "₹46,999",
        "old-price": "₹59,999",
        "discount": "21% off",
        "delivery-type": "Free delivery",
        "offer": "Bank Offer"
    },
    {
        "description": "Thomson 9A Series 80 cm (32 inch) HD Ready LED Smart Android TV",
        "image": "https://rukminim2.flixcart.com/image/312/312/kiyw9e80-0/television/p/0/w/32path0011-thomson-original-imafynyvsmeuwtzr.jpeg",
        "stars": "4.4",
        "ratings": "64,371 Ratings ",
        "reviews": " 14,067 Reviews",
        "more-data": "Prime Video|Disney+Hotstar|Youtube",
        "more-data2": "Operating System: Android",
        "more-data3": "HD Ready 1366 x 768 Pixels",
        "more-data4": "24 W Speaker Output",
        "more-data5": "60 Hz Refresh Rate",
        "more-data6": "3 x HDMI | 2 x USB",
        "more-data7": "A+ Panel",
        "new-price": "₹12,499",
        "old-price": "₹14,499",
        "discount": "13% off",
        "delivery-type": "Free delivery",
        "offer": "Bank Offer",
        "more-data9": "1 Year Warranty on Product & 6 Months on Accessories"
    },
    {
        "description": "Adsun 60 cm (24 inch) HD Ready LED TV",
        "image": "https://rukminim2.flixcart.com/image/312/312/krntoy80/television/h/i/m/a-2400n-adsun-original-imag5ecpqjfzews3.jpeg",
        "stars": "3.8",
        "ratings": "4,745 Ratings ",
        "reviews": " 642 Reviews",
        "more-data": "HD Ready 1366 x 768 Pixels",
        "more-data2": "20 W Speaker Output",
        "more-data3": "60 Hz Refresh Rate",
        "more-data4": "1 x HDMI | 1 x USB",
        "more-data5": "A+ Grade",
        "more-data6": "1 Year Warranty on Product",
        "new-price": "₹5,999",
        "old-price": "₹12,999",
        "discount": "53% off",
        "delivery-type": "Free delivery",
        "offer": "Bank Offer"
    },
    {
        "description": "Mi 5X 125.7 cm (50 inch) Ultra HD (4K) LED Smart Android TV with Dolby Atmos and Dolby Vision",
        "image": "https://rukminim2.flixcart.com/image/312/312/ksoz53k0/television/j/n/i/l50m6-es-mi-original-imag6774eyhv77fg.jpeg",
        "stars": "4.3",
        "ratings": "13,888 Ratings ",
        "reviews": " 1,417 Reviews",
        "more-data": "Netflix|Prime Video|Disney+Hotstar|Youtube",
        "more-data2": "Operating System: Android",
        "more-data3": "Ultra HD (4K) 3840 x 2160 Pixels",
        "more-data4": "40 W Speaker Output",
        "more-data5": "60 Hz Refresh Rate",
        "more-data6": "3 x HDMI | 2 x USB",
        "more-data7": "1 Year Warranty and 2 Years for Panel",
        "new-price": "₹40,999",
        "old-price": "₹59,999",
        "discount": "31% off",
        "delivery-type": "Free delivery",
        "offer": "Bank Offer"
    },
    {
        "description": "realme 108 cm (43 inch) Ultra HD (4K) LED Smart Android TV with Handsfree Voice Search and Dolby Visio...",
        "image": "https://rukminim2.flixcart.com/image/312/312/kosxzm80/television/a/7/8/rmv2004-realme-original-imag36hwea8zmnvy.jpeg",
        "stars": "4.3",
        "ratings": "23,963 Ratings ",
        "reviews": " 2,782 Reviews",
        "more-data": "Netflix|Prime Video|Disney+Hotstar|Youtube",
        "more-data2": "Operating System: Android",
        "more-data3": "Ultra HD (4K) 3840 x 2160 Pixels",
        "more-data4": "24 W Speaker Output",
        "more-data5": "60 Hz Refresh Rate",
        "more-data6": "3 x HDMI | 2 x USB",
        "more-data7": "1 Year Warranty On TV and 2 Years Warranty On The Display Panel",
        "new-price": "₹29,999",
        "old-price": "₹32,999",
        "discount": "9% off",
        "delivery-type": "Free delivery",
        "offer": "Bank Offer"
    },
    {
        "description": "OnePlus U1S 126 cm (50 inch) Ultra HD (4K) LED Smart Android TV",
        "image": "https://rukminim2.flixcart.com/image/312/312/kuwzssw0/television/i/q/x/u-series-50-u1s-50uc1a00-oneplus-original-imag7xtnfn7yrfrn.jpeg",
        "stars": "4.4",
        "ratings": "8,104 Ratings ",
        "reviews": " 908 Reviews",
        "more-data": "Netflix|Prime Video|Disney+Hotstar|Youtube",
        "more-data2": "Operating System: Android",
        "more-data3": "Ultra HD (4K) 3840 x 2160 Pixels",
        "more-data4": "30 W Speaker Output",
        "more-data5": "60 Hz Refresh Rate",
        "more-data6": "3 x HDMI | 2 x USB",
        "more-data7": "1 year warranty on product and 1 year warranty on panel",
        "new-price": "₹40,999",
        "old-price": "₹49,999",
        "discount": "18% off",
        "delivery-type": "Free delivery",
        "offer": "Bank Offer"
    },
    {
        "description": "Sansui 102 cm (40 inch) Full HD LED Smart Android TV with (Midnight Black) (2021 Model) | With Voice S...",
        "image": "https://rukminim2.flixcart.com/image/312/312/l2dmky80/television/t/e/r/-original-imagdqbny5k7wdzc.jpeg",
        "stars": "4",
        "ratings": "119 Ratings ",
        "reviews": " 15 Reviews",
        "more-data": "Netflix|Disney+Hotstar|Youtube",
        "more-data2": "Operating System: Android",
        "more-data3": "Full HD 1920 x 1080 Pixels",
        "more-data4": "20 W Speaker Output",
        "more-data5": "60 Hz Refresh Rate",
        "more-data6": "2 x HDMI | 2 x USB",
        "more-data7": "1 Year Comprehensive Warranty on Product and Additional 1 Year Warranty on Panel",
        "new-price": "₹19,999",
        "old-price": "₹29,290",
        "discount": "31% off",
        "delivery-type": "Free delivery",
        "offer": "Bank Offer"
    },
    {
        "description": "acer Frameless 109 cm (43 inch) Ultra HD (4K) LED Smart Android TV with Dolby Audio",
        "image": "https://rukminim2.flixcart.com/image/312/312/l0mr7gw0/television/9/k/i/-original-imagccy3vh26rts4.jpeg",
        "stars": "4.5",
        "ratings": "4,138 Ratings ",
        "reviews": " 651 Reviews",
        "more-data": "Netflix|Prime Video|Disney+Hotstar|Youtube",
        "more-data2": "Operating System: Android",
        "more-data3": "Ultra HD (4K) 3840 x 2160 Pixels",
        "more-data4": "24 W Speaker Output",
        "more-data5": "60 Hz Refresh Rate",
        "more-data6": "3 x HDMI | 2 x USB",
        "more-data7": "VA",
        "new-price": "₹23,999",
        "old-price": "₹31,990",
        "discount": "24% off",
        "delivery-type": "Free delivery",
        "offer": "Bank Offer",
        "more-data9": "1 Year Warranty on Product"
    },
    {
        "description": "Thomson 9A Series 106 cm (42 inch) Full HD LED Smart Android TV",
        "image": "https://rukminim2.flixcart.com/image/312/312/kjym9ow0/television/q/o/q/42path2121-42path2121-thomson-original-imafzff3gychx9ub.jpeg",
        "stars": "4.4",
        "ratings": "64,371 Ratings ",
        "reviews": " 14,067 Reviews",
        "more-data": "Prime Video|Disney+Hotstar|Youtube",
        "more-data2": "Operating System: Android",
        "more-data3": "Full HD 1920 x 1080 Pixels",
        "more-data4": "30 W Speaker Output",
        "more-data5": "60 Hz Refresh Rate",
        "more-data6": "3 x HDMI | 2 x USB",
        "more-data7": "IPS",
        "new-price": "₹20,999",
        "old-price": "₹27,999",
        "discount": "25% off",
        "delivery-type": "Free delivery",
        "offer": "Bank Offer",
        "more-data9": "1 Year Warranty on Product & 6 Months on Accessories"
    },
    {
        "description": "Mi 5X 138.8 cm (55 inch) Ultra HD (4K) LED Smart Android TV with Dolby Atmos and Dolby Vision",
        "image": "https://rukminim2.flixcart.com/image/312/312/ksoz53k0/television/f/y/6/l55m6-es-mi-original-imag67749wqtwgyp.jpeg",
        "stars": "4.3",
        "ratings": "13,888 Ratings ",
        "reviews": " 1,417 Reviews",
        "more-data": "Netflix|Prime Video|Disney+Hotstar|Youtube",
        "more-data2": "Operating System: Android",
        "more-data3": "Ultra HD (4K) 3840 x 2160 Pixels",
        "more-data4": "40 W Speaker Output",
        "more-data5": "60 Hz Refresh Rate",
        "more-data6": "3 x HDMI | 2 x USB",
        "more-data7": "1 Year Warranty and 2 Years for Panel",
        "new-price": "₹46,999",
        "old-price": "₹69,999",
        "discount": "32% off",
        "delivery-type": "Free delivery",
        "offer": "Bank Offer"
    },
    {
        "description": "Nokia 102 cm (40 inch) Full HD LED Smart Android TV",
        "image": "https://rukminim2.flixcart.com/image/312/312/l2jcccw0/television/k/v/g/40fhdadnvvee-nokia-original-imagdv4wagd2scbu.jpeg",
        "stars": "4.5",
        "ratings": "53 Ratings ",
        "reviews": " 6 Reviews",
        "more-data": "Netflix|Prime Video|Disney+Hotstar|Youtube",
        "more-data2": "Operating System: Android",
        "more-data3": "Full HD 1920 x 1080 Pixels",
        "more-data4": "24 W Speaker Output",
        "more-data5": "60 Hz Refresh Rate",
        "more-data6": "3 x HDMI | 2 x USB",
        "more-data7": "VA Type Panel",
        "new-price": "₹21,990",
        "old-price": "₹29,000",
        "discount": "24% off",
        "delivery-type": "Free delivery",
        "offer": "Dhamaal Deal",
        "more-data9": "1 Year Warranty on Product"
    },
    {
        "description": "Thomson R9 80 cm (32 inch) HD Ready LED TV",
        "image": "https://rukminim2.flixcart.com/image/312/312/k0tw13k0/television/h/a/m/thomson-32tm3290-original-imafkjazamdewz2x.jpeg",
        "stars": "4.1",
        "ratings": "53,167 Ratings ",
        "reviews": " 7,809 Reviews",
        "more-data": "HD Ready 1366 x 768 Pixels",
        "more-data2": "20 W Speaker Output",
        "more-data3": "60 Hz Refresh Rate",
        "more-data4": "2 x HDMI | 2 x USB",
        "more-data5": "Thin Bezel Design",
        "more-data6": "1 Year Warranty on Product & 6 Months on Accessories",
        "new-price": "₹9,999",
        "old-price": "₹14,990",
        "discount": "33% off",
        "delivery-type": "Free delivery",
        "offer": "Bank Offer"
    },
    {
        "description": "LG 139 cm (55 inch) Ultra HD (4K) LED Smart TV",
        "image": "https://rukminim2.flixcart.com/image/312/312/kqse07k0/television/m/m/i/55up7500ptz-55up7500ptz-lg-original-imag4q3zjqgshdhy.jpeg",
        "stars": "4.4",
        "ratings": "4,926 Ratings ",
        "reviews": " 577 Reviews",
        "more-data": "Netflix|Prime Video|Disney+Hotstar|Youtube",
        "more-data2": "Operating System: WebOS",
        "more-data3": "Ultra HD (4K) 3840 x 2160 Pixels",
        "more-data4": "20 W Speaker Output",
        "more-data5": "60 Hz Refresh Rate",
        "more-data6": "2 x HDMI | 1 x USB",
        "more-data7": "1 Year Comprehensive Warranty and Additional 1 Year Warranty is Applicable on Panel only. (Offer valid till 30 - June - 2022)",
        "new-price": "₹48,999",
        "old-price": "₹79,990",
        "discount": "38% off",
        "delivery-type": "Free delivery",
        "offer": "Bank Offer"
    },
    {
        "description": "iFFALCON 79.97 cm (32 inch) HD Ready LED Smart Android TV with Google assistant tv HDR 10 and Dolby Au...",
        "image": "https://rukminim2.flixcart.com/image/312/312/k7xnukw0/television/9/z/p/iffalcon-1080p-wide-angle-12mp-waterproof-under-water-portable-original-imafq2fncukhwrc4.jpeg",
        "stars": "4.2",
        "ratings": "29,289 Ratings ",
        "reviews": " 4,091 Reviews",
        "more-data": "Netflix|Disney+Hotstar|Youtube",
        "more-data2": "Operating System: Android",
        "more-data3": "HD Ready 1366 x 768 Pixels",
        "more-data4": "16 W Speaker Output",
        "more-data5": "60 Hz Refresh Rate",
        "more-data6": "2 x HDMI | 1 x USB",
        "more-data7": "A+ Grade Panel",
        "new-price": "₹11,999",
        "old-price": "₹18,999",
        "discount": "36% off",
        "delivery-type": "Free delivery",
        "offer": "Bank Offer",
        "more-data9": "1 Year Domestic Warranty"
    },
    {
        "description": "LG OLED A1 Series 121 cm (48 inch) OLED Ultra HD (4K) Smart TV",
        "image": "https://rukminim2.flixcart.com/image/312/312/kqidx8w0/television/g/f/x/oled48a1ptz-lg-original-imag4g64zdwxd7xj.jpeg",
        "stars": "4",
        "ratings": "30 Ratings ",
        "reviews": " 7 Reviews",
        "more-data": "Netflix|Prime Video|Disney+Hotstar|Youtube",
        "more-data2": "Operating System: WebOS",
        "more-data3": "Ultra HD (4K) 3840 x 2160 Pixels",
        "more-data4": "20 W Speaker Output",
        "more-data5": "3 x HDMI | 2 x USB",
        "more-data6": "3 Year Complete Warranty ( Including all parts costs as Panel, Module / Main PCB etc ) (Offer valid till 30 - June - 2022)",
        "new-price": "₹74,990",
        "old-price": "₹1,69,990",
        "discount": "55% off",
        "delivery-type": "Free delivery",
        "offer": "Bank Offer"
    }
]