[
    {
        "description": "Croma 6.5 kg Semi Automatic Top Load White",
        "image": "https://rukminim1.flixcart.com/image/312/312/ktaeqvk0/washing-machine-new/a/d/i/craw2221-croma-original-imag6z9nd7jg9prv.jpeg",
        "stars": "4.1",
        "ratings": "574 Ratings ",
        "reviews": " 60 Reviews",
        "more-data": "Semi Automatic Top Load",
        "more-data2": "Capacity: 6.5 kg | Max Spin Speed: 1300 RPM",
        "more-data3": "Plastic | Pulsator",
        "more-data4": "2 Wash Programs",
        "more-data5": "Wheel Support",
        "new-price": "₹7,490",
        "old-price": "₹12,000",
        "discount": "37% off",
        "delivery-type": "Free delivery",
        "more-data6": "2 Year Warranty on Product and 5 Years Warranty on Wash Motor",
        "offer": "Bank Offer"
    },
    {
        "description": "Croma 6 kg Fully Automatic Front Load White",
        "image": "https://rukminim1.flixcart.com/image/312/312/l0tweq80/washing-machine-new/p/x/i/6-47-craw0161-5-1950-59-5-53-croma-85-original-imagcjfnfyfnbfuz.jpeg",
        "stars": "2.8",
        "ratings": "4 Ratings ",
        "reviews": " 1 Reviews",
        "more-data": "Fully Automatic Front Load",
        "more-data2": "5 Star Rating",
        "more-data3": "Capacity: 6 kg | Max Spin Speed: 1000 RPM",
        "more-data4": "Stainless Steel | Tumble",
        "more-data5": "8 Wash Programs",
        "new-price": "₹17,990",
        "old-price": "₹28,000",
        "discount": "35% off",
        "delivery-type": "Free delivery",
        "more-data6": "2 Years Comprehensive Warranty and 5 Years on Wash Motor",
        "offer": "Bank Offer"
    },
    {
        "description": "SAMSUNG 6.5 kg Diamond Drum feature Fully Automatic Top Load Silver",
        "image": "https://rukminim1.flixcart.com/image/312/312/kevpwnk0/washing-machine-new/g/t/5/wa65a4002vs-tl-samsung-original-imafvgz4qzfazbsh.jpeg",
        "stars": "4.4",
        "ratings": "1,04,278 Ratings ",
        "reviews": " 9,689 Reviews",
        "more-data": "Fully Automatic Top Load",
        "more-data2": "3 Star Rating",
        "more-data3": "Capacity: 6.5 kg | Max Spin Speed: 680 rpm",
        "more-data4": "Stainless Steel | Pulsator",
        "more-data5": "2 Years on Product and 2 Years on Motor from Samsung",
        "new-price": "₹14,590",
        "old-price": "₹16,800",
        "discount": "13% off",
        "delivery-type": "Free delivery",
        "offer": "Bank Offer"
    },
    {
        "description": "LG 7 kg 5 star rating and Wind jet dry Semi Automatic Top Load Grey, White",
        "image": "https://rukminim1.flixcart.com/image/312/312/kqzj7gw0/washing-machine-new/k/t/a/7-p7020ngay-lg-original-imag4vnghhh5qzhq.jpeg",
        "stars": "4.5",
        "ratings": "1,039 Ratings ",
        "reviews": " 50 Reviews",
        "more-data": "Semi Automatic Top Load",
        "more-data2": "5 Star Rating",
        "more-data3": "Capacity: 7 kg | Max Spin Speed: 1350 rpm",
        "more-data4": "Plastic | Normal Pulsator Wash",
        "more-data5": "Lint Filter Supported",
        "new-price": "₹11,490",
        "old-price": "₹13,490",
        "discount": "14% off",
        "delivery-type": "Free delivery",
        "more-data6": "2 Years Comprehensive Warranty on product and 5 Years on Motor from LG",
        "offer": "Bank Offer"
    },
    {
        "description": "SAMSUNG 7 kg Semi Automatic Top Load Grey, Purple",
        "image": "https://rukminim1.flixcart.com/image/312/312/l0h1g280/washing-machine-new/v/e/t/7-48-5-wt70m3000uu-tl-5-160-83-23-samsung-96-5-original-imagc99nuuhyspgh.jpeg",
        "stars": "4.4",
        "ratings": "15,403 Ratings ",
        "reviews": " 1,407 Reviews",
        "more-data": "Semi Automatic Top Load",
        "more-data2": "5 Star Rating",
        "more-data3": "Capacity: 7 kg | Max Spin Speed: 1350 rpm",
        "more-data4": "Stainless Steel | Pulsator",
        "more-data5": "3 Wash Programs",
        "new-price": "₹10,490",
        "old-price": "₹13,500",
        "discount": "22% off",
        "delivery-type": "Free delivery",
        "more-data6": "2 Years Comprehensive Warranty on Product and 5 Years on Motor",
        "offer": "Bank Offer"
    },
    {
        "description": "Whirlpool 7 kg 5 Star,Turbo Scrub Technology Semi Automatic Top Load Grey",
        "image": "https://rukminim1.flixcart.com/image/312/312/ks4yz680/washing-machine-new/4/m/o/superb-atom-70s-grey-dazzle-5yr-whirlpool-original-imag5s43pxkkabnc.jpeg",
        "stars": "4.4",
        "ratings": "58,166 Ratings ",
        "reviews": " 5,550 Reviews",
        "more-data": "Semi Automatic Top Load",
        "more-data2": "5 Star Rating",
        "more-data3": "Capacity: 7 kg | Max Spin Speed: 1450 rpm",
        "more-data4": "Plastic | Impellar Wash",
        "more-data5": "3 Wash Programs",
        "new-price": "₹10,490",
        "old-price": "₹11,950",
        "discount": "12% off",
        "delivery-type": "Free delivery",
        "more-data6": "Lint Filter Supported",
        "more-data7": "2 Years\n  Comprehensive Warranty and 5 Years Warranty on Wash Motor and Prime Mover\n  from Whirlpool",
        "offer": "Bank Offer"
    },
    {
        "description": "LG 7.5 kg with Roller Jet Pulsator + Soak Semi Automatic Top Load Purple",
        "image": "https://rukminim1.flixcart.com/image/312/312/kwb07m80/washing-machine-new/m/a/u/7-5-48-p7525spaz-5-0-5-81-31-lg-98-original-imag9ymjsqggahyg.jpeg",
        "stars": "4.5",
        "ratings": "498 Ratings ",
        "reviews": " 43 Reviews",
        "more-data": "Semi Automatic Top Load",
        "more-data2": "5 Star Rating",
        "more-data3": "Capacity: 7.5 kg | Max Spin Speed: 1300 RPM",
        "more-data4": "Plastic | Pulsator",
        "more-data5": "3 Wash Programs",
        "new-price": "₹12,690",
        "old-price": "₹14,990",
        "discount": "15% off",
        "delivery-type": "Free delivery",
        "more-data6": "Lint Filter Supported",
        "more-data7": "2 Years Comprehensive and 5 Years on Motor From LG",
        "offer": "Bank Offer"
    },
    {
        "description": "Croma 8.5 kg Semi Automatic Top Load White",
        "image": "https://rukminim1.flixcart.com/image/312/312/ktaeqvk0/washing-machine-new/i/d/t/craw2222-croma-original-imag6z9nbhsespbj.jpeg",
        "stars": "4.2",
        "ratings": "127 Ratings ",
        "reviews": " 11 Reviews",
        "more-data": "Semi Automatic Top Load",
        "more-data2": "Capacity: 8.5 kg | Max Spin Speed: 1300 RPM",
        "more-data3": "Plastic | Pulsator",
        "more-data4": "4 Wash Programs",
        "more-data5": "Wheel Support",
        "new-price": "₹10,990",
        "old-price": "₹14,000",
        "discount": "21% off",
        "delivery-type": "Free delivery",
        "more-data6": "2 Year Warranty on Product and 5 Years Warranty on Wash Motor",
        "offer": "Bank Offer"
    },
    {
        "description": "IFB 6.5 kg Aqua Energie, Laundry Fully Automatic Front Load with In-built Heater Silver",
        "image": "https://rukminim1.flixcart.com/image/312/312/ktlu9ow0/washing-machine-new/e/h/4/elena-sx-6510-ifb-original-imag6x2yxuhdam4y.jpeg",
        "stars": "4.3",
        "ratings": "581 Ratings ",
        "reviews": " 44 Reviews",
        "more-data": "Fully Automatic Front Load",
        "more-data2": "5 Star Rating",
        "more-data3": "Capacity: 6.5 kg | Max Spin Speed: 1000 rpm",
        "more-data4": "Stainless Steel | Tumble",
        "more-data5": "Digital Display Supported | 11 Wash Programs",
        "new-price": "₹24,990",
        "old-price": "₹28,990",
        "discount": "13% off",
        "delivery-type": "Free delivery",
        "more-data6": "Lint Filter Supported",
        "more-data7": "4 Years Complete Machine Warranty, 10 Years Motor Warranty and 10 Years Spare Part Support from IFB",
        "offer": "Bank Offer"
    },
    {
        "description": "LG 7 kg With Smart Diagnosis Fully Automatic Front Load with In-built Heater Silver",
        "image": "https://rukminim1.flixcart.com/image/312/312/l0igvww0/washing-machine-new/m/b/3/-original-imagca64r8498vve.jpeg",
        "stars": "4.4",
        "ratings": "5,063 Ratings ",
        "reviews": " 480 Reviews",
        "more-data": "Fully Automatic Front Load",
        "more-data2": "5 Star Rating",
        "more-data3": "Capacity: 7 kg | Max Spin Speed: 1200 rpm",
        "more-data4": "Stainless Steel | Tumble",
        "more-data5": "Digital Display Supported | 10 Wash Programs",
        "new-price": "₹29,990",
        "old-price": "₹41,990",
        "discount": "28% off",
        "delivery-type": "Free delivery",
        "more-data6": "2 Years Comprehensive Warranty on Product and 10 Years on Motor",
        "offer": "Bank Offer"
    },
    {
        "description": "ONIDA 7 kg 5 star With Crystal Drum Technology Fully Automatic Top Load Grey",
        "image": "https://rukminim1.flixcart.com/image/312/312/kmwcuq80/washing-machine-new/x/i/y/t70cgn-onida-original-imagfzw7tgh3upyb.jpeg",
        "stars": "4.2",
        "ratings": "39,728 Ratings ",
        "reviews": " 4,596 Reviews",
        "more-data": "Fully Automatic Top Load",
        "more-data2": "5 Star Rating",
        "more-data3": "Capacity: 7 kg | Max Spin Speed: 750 rpm",
        "more-data4": "Stainless Steel | Pulsator",
        "more-data5": "Digital Display Supported | 8 Wash Programs",
        "new-price": "₹13,390",
        "old-price": "₹21,990",
        "discount": "39% off",
        "delivery-type": "Free delivery",
        "more-data6": "Wheel Support | Lint Filter Supported",
        "more-data7": "2 Years Comprehensive Warranty on Product, 5 Years Warranty on Motor",
        "offer": "Bank Offer"
    },
    {
        "description": "Croma 7.5 kg Semi Automatic Top Load White, Blue",
        "image": "https://rukminim1.flixcart.com/image/312/312/ktaeqvk0/washing-machine-new/f/r/p/craw2223-croma-original-imag6z9nv7yqazhb.jpeg",
        "stars": "4.3",
        "ratings": "67 Ratings ",
        "reviews": " 9 Reviews",
        "more-data": "Semi Automatic Top Load",
        "more-data2": "Capacity: 7.5 kg | Max Spin Speed: 1300 RPM",
        "more-data3": "Plastic | Pulsator",
        "more-data4": "Wheel Support",
        "more-data5": "2 Years Warranty on Machine and 5 Years on Compressor From Croma",
        "new-price": "₹10,790",
        "old-price": "₹16,000",
        "discount": "32% off",
        "delivery-type": "Free delivery",
        "offer": "Bank Offer"
    },
    {
        "description": "LG 6.5 kg with Smart Diagnosis and Smart Inverter Fully Automatic Top Load Silver",
        "image": "https://rukminim1.flixcart.com/image/312/312/k6zda4w0/washing-machine-new/p/r/b/t65sksf4z-lg-original-imafpbmu7sfss4k6.jpeg",
        "stars": "4.3",
        "ratings": "27,566 Ratings ",
        "reviews": " 2,320 Reviews",
        "more-data": "Fully Automatic Top Load",
        "more-data2": "5 Star Rating",
        "more-data3": "Capacity: 6.5 kg | Max Spin Speed: 700 rpm",
        "more-data4": "Stainless Steel | 3 Smart Motion",
        "more-data5": "Lint Filter Supported",
        "new-price": "₹16,990",
        "old-price": "₹18,490",
        "discount": "8% off",
        "delivery-type": "Free delivery",
        "more-data6": "2 Years Comprehensive Warranty on Product and 10 Years Warranty on Motor from LG",
        "offer": "Bank Offer"
    },
    {
        "description": "Thomson 7 kg Semi Automatic Top Load White, Blue, Grey",
        "image": "https://rukminim1.flixcart.com/image/312/312/kqy3rm80/washing-machine-new/u/1/8/sa97000-thomson-original-imag4um9yseahuj6.jpeg",
        "stars": "4.1",
        "ratings": "12,053 Ratings ",
        "reviews": " 1,252 Reviews",
        "more-data": "Semi Automatic Top Load",
        "more-data2": "Capacity: 7 kg | Max Spin Speed: 1400 rpm",
        "more-data3": "ABS | Pulsator",
        "more-data4": "2 Wash Programs",
        "more-data5": "Lint Filter Supported",
        "new-price": "₹7,499",
        "old-price": "₹10,499",
        "discount": "28% off",
        "delivery-type": "Free delivery",
        "more-data6": "2 Years Comprehensive Warranty and 4 Years Warranty on Motor from Thomson",
        "offer": "Bank Offer"
    },
    {
        "description": "ONIDA 6.5 kg Washer only Red",
        "image": "https://rukminim1.flixcart.com/image/312/312/jz05rww0/washing-machine-new/v/w/k/ws65wlpt1lr-liliput-onida-original-imafj4dcuthbufzm.jpeg",
        "stars": "4.3",
        "ratings": "18,589 Ratings ",
        "reviews": " 2,260 Reviews",
        "more-data": "Washer only | 270 W",
        "more-data2": "Capacity: 6.5 kg | Max Spin Speed: 780 rpm",
        "more-data3": "Polypropylene | Normal Pulsator Wash",
        "more-data4": "2 Wash Programs",
        "more-data5": "1 Year Comprehensive Warranty on Product, 7 Years Warranty on Motor",
        "new-price": "₹5,490",
        "old-price": "₹5,800",
        "discount": "5% off",
        "delivery-type": "Free delivery",
        "offer": "Bank Offer"
    },
    {
        "description": "Candes 7.2 kg Semi Automatic Top Load Blue, White",
        "image": "https://rukminim1.flixcart.com/image/312/312/ksdjma80/washing-machine-new/z/f/m/7-2-ctpl72pl1swm-candes-original-imag5yc9gnzmgcjy.jpeg",
        "stars": "4.5",
        "ratings": "119 Ratings ",
        "reviews": " 28 Reviews",
        "more-data": "Semi Automatic Top Load",
        "more-data2": "5 Star Rating",
        "more-data3": "Capacity: 7.2 kg | Max Spin Speed: 1500 RPM",
        "more-data4": "Polypropylene | Pulsator",
        "more-data5": "3 Wash Programs",
        "new-price": "₹8,499",
        "old-price": "₹12,350",
        "discount": "31% off",
        "delivery-type": "Free delivery",
        "more-data6": "Lint Filter Supported",
        "more-data7": "2 Years Comprehensive and 5 Years on Motor from Candes",
        "offer": "Bank Offer"
    },
    {
        "description": "SAMSUNG 6 kg 5 star with Center Jet Technology Semi Automatic Top Load White, Grey, Purple",
        "image": "https://rukminim1.flixcart.com/image/312/312/kehfi4w0/washing-machine-new/e/7/4/wt60r2000ll-tl-samsung-original-imafv5e4sg9bvdvc.jpeg",
        "stars": "4.4",
        "ratings": "9,888 Ratings ",
        "reviews": " 795 Reviews",
        "more-data": "Semi Automatic Top Load",
        "more-data2": "5 Star Rating",
        "more-data3": "Capacity: 6 kg | Max Spin Speed: 1300 rpm",
        "more-data4": "Plastic | Pulsator",
        "more-data5": "2 Years Warranty on Product and 5 Years on Motor",
        "new-price": "₹8,990",
        "old-price": "₹9,900",
        "discount": "9% off",
        "delivery-type": "Free delivery",
        "offer": "Bank Offer"
    },
    {
        "description": "SAMSUNG 7 kg 5 Star Inverter with Diamond Drum Fully Automatic Top Load Silver",
        "image": "https://rukminim1.flixcart.com/image/312/312/k8t3jbk0/washing-machine-new/2/e/f/wa70t4262gs-tl-samsung-original-imafqqgusd8taz7b.jpeg",
        "stars": "4.3",
        "ratings": "15,612 Ratings ",
        "reviews": " 1,357 Reviews",
        "more-data": "Fully Automatic Top Load",
        "more-data2": "5 Star Rating",
        "more-data3": "Capacity: 7 kg | Max Spin Speed: 750 rpm",
        "more-data4": "Stainless Steel | Pulsator",
        "more-data5": "3 Years Warranty on Product and 12 Years Warranty on Motor",
        "new-price": "₹18,690",
        "old-price": "₹24,700",
        "discount": "24% off",
        "delivery-type": "Free delivery",
        "offer": "Bank Offer"
    },
    {
        "description": "SAMSUNG 6 kg 5 Star With Hygiene Steam and Ceramic Heater Fully Automatic Front Load with In-built Hea...",
        "image": "https://rukminim1.flixcart.com/image/312/312/k7f34i80/washing-machine-new/h/y/j/ww60r20glma-tl-samsung-original-imafpns894qh5zta.jpeg",
        "stars": "4.4",
        "ratings": "12,707 Ratings ",
        "reviews": " 1,383 Reviews",
        "more-data": "Fully Automatic Front Load",
        "more-data2": "5 Star Rating",
        "more-data3": "Capacity: 6 kg | Max Spin Speed: 1000 rpm",
        "more-data4": "Stainless Steel | Tumble",
        "more-data5": "3 Years on Product and 10 Years on Motor from Samsung",
        "new-price": "₹22,990",
        "old-price": "₹26,500",
        "discount": "13% off",
        "delivery-type": "Free delivery",
        "offer": "Bank Offer"
    },
    {
        "description": "Candes 6.5 kg Semi Automatic Top Load Red, White",
        "image": "https://rukminim1.flixcart.com/image/312/312/ksdjma80/washing-machine-new/n/b/w/6-5-ctpl65plswm-candes-original-imag5ycacpawwvhn.jpeg",
        "stars": "4.3",
        "ratings": "286 Ratings ",
        "reviews": " 68 Reviews",
        "more-data": "Semi Automatic Top Load",
        "more-data2": "5 Star Rating",
        "more-data3": "Capacity: 6.5 kg | Max Spin Speed: 1500 RPM",
        "more-data4": "Polypropylene | Pulsator",
        "more-data5": "3 Wash Programs",
        "new-price": "₹7,499",
        "old-price": "₹10,990",
        "discount": "31% off",
        "delivery-type": "Free delivery",
        "more-data6": "Lint Filter Supported",
        "more-data7": "2 Years Comprehensive and 5 Years on Motor from Candes",
        "offer": "Bank Offer"
    },
    {
        "description": "ONIDA 6.5 kg Semi Automatic Top Load Blue, White",
        "image": "https://rukminim1.flixcart.com/image/312/312/l1v1uvk0/washing-machine-new/3/5/r/6-5-42-5-s65ob-5-0-0130-74-5-17-onida-90-5-original-imagdcfnznzwmaz5.jpeg",
        "more-data": "Semi Automatic Top Load",
        "more-data2": "5 Star Rating",
        "more-data3": "Capacity: 6.5 kg | Max Spin Speed: 1300 rpm",
        "more-data4": "Plastic | Pulsator",
        "more-data5": "3 Wash Programs",
        "new-price": "₹7,990",
        "old-price": "₹10,150",
        "discount": "21% off",
        "delivery-type": "Free delivery",
        "more-data6": "2 Years Comprehensive Warranty on Product and 5 Years Warranty on Wash Motor",
        "offer": "Bank Offer"
    },
    {
        "description": "realme TechLife 8 kg 5 Star Rating Fully Automatic Top Load with In-built Heater Grey",
        "image": "https://rukminim1.flixcart.com/image/312/312/kufuikw0/washing-machine-new/0/h/3/rmfa80b5g-realme-techlife-original-imag7k8dz6phxuhg.jpeg",
        "stars": "4.2",
        "ratings": "6,790 Ratings ",
        "reviews": " 861 Reviews",
        "more-data": "Fully Automatic Top Load",
        "more-data2": "5 Star Rating",
        "more-data3": "Capacity: 8 kg | Max Spin Speed: 700 rpm",
        "more-data4": "Stainless Steel | Pulsator",
        "more-data5": "Digital Display Supported | 10 Wash Programs",
        "new-price": "₹15,990",
        "old-price": "₹26,490",
        "discount": "39% off",
        "delivery-type": "Free delivery",
        "more-data6": "2 Years Comprehensive Warranty on Product and 5 Years on Motor",
        "offer": "Bank Offer"
    },
    {
        "description": "Godrej 6.2 kg Fully Automatic Top Load Grey",
        "image": "https://rukminim1.flixcart.com/image/312/312/l0lbrm80/washing-machine-new/3/g/w/-original-imagccebz43qaq2d.jpeg",
        "stars": "4.3",
        "ratings": "820 Ratings ",
        "reviews": " 51 Reviews",
        "more-data": "Fully Automatic Top Load",
        "more-data2": "Capacity: 6.2 kg | Max Spin Speed: 700 rpm",
        "more-data3": "Plastic | Pulsator",
        "more-data4": "5 Wash Programs",
        "more-data5": "2 Years Warranty on Entire Product and 10 Years on Motor",
        "new-price": "₹12,690",
        "old-price": "₹18,990",
        "discount": "33% off",
        "delivery-type": "Free delivery",
        "offer": "Bank Offer"
    },
    {
        "description": "Candes 8 kg Semi Automatic Top Load Red, White",
        "image": "https://rukminim1.flixcart.com/image/312/312/kzegk280/washing-machine-new/f/i/f/8-45-ctpl80glswm-5-155-53-28-candes-98-original-imagbf87fe9h8qnk.jpeg",
        "more-data": "Semi Automatic Top Load",
        "more-data2": "5 Star Rating",
        "more-data3": "Capacity: 8 kg | Max Spin Speed: 1200 rpm",
        "more-data4": "Polypropylene | Pulsator",
        "more-data5": "3 Wash Programs",
        "new-price": "₹9,999",
        "old-price": "₹14,500",
        "discount": "31% off",
        "delivery-type": "Free delivery",
        "more-data6": "Lint Filter Supported",
        "more-data7": "2 Years Comprehensive Warranty on Product and 5 Years on Motor",
        "offer": "Bank Offer"
    },
    {
        "description": "LG 7 kg with Smart Diagnosis and Smart Inverter Fully Automatic Top Load Silver",
        "image": "https://rukminim1.flixcart.com/image/312/312/kdoup3k0/washing-machine-new/f/p/z/t70sksf1z-lg-original-imafugqeqgwvyww7.jpeg",
        "stars": "4.4",
        "ratings": "3,980 Ratings ",
        "reviews": " 273 Reviews",
        "more-data": "Fully Automatic Top Load",
        "more-data2": "5 Star Rating",
        "more-data3": "Capacity: 7 kg | Max Spin Speed: 700 rpm",
        "more-data4": "Stainless Steel | Pulsator",
        "more-data5": "2 Years Comprehensive Warranty and 10 Years Warranty on Motor from LG",
        "new-price": "₹18,490",
        "old-price": "₹23,990",
        "discount": "22% off",
        "delivery-type": "Free delivery",
        "offer": "Bank Offer"
    },
    {
        "description": "SAMSUNG 8.5 kg 5 star Semi Automatic Top Load White, Grey",
        "image": "https://rukminim1.flixcart.com/image/312/312/k5h2jrk0/washing-machine-new/q/b/m/wt85r4000ll-tl-samsung-original-imafz42p4abfksg2.jpeg",
        "stars": "4.4",
        "ratings": "9,888 Ratings ",
        "reviews": " 795 Reviews",
        "more-data": "Semi Automatic Top Load",
        "more-data2": "5 Star Rating",
        "more-data3": "Capacity: 8.5 kg | Max Spin Speed: 1350 rpm",
        "more-data4": "Fibre | Pulsator",
        "more-data5": "3 Wash Programs",
        "new-price": "₹13,490",
        "old-price": "₹15,990",
        "discount": "15% off",
        "delivery-type": "Free delivery",
        "more-data6": "Wheel Support | Lint Filter Supported",
        "more-data7": "2 Years Comprehensive Warranty and 5 Years Warranty on Motor from Samsung",
        "offer": "Bank Offer"
    },
    {
        "description": "Haier 6.5 kg 5 star Ariel Wash Fully Automatic Top Load Brown, Grey",
        "image": "https://rukminim1.flixcart.com/image/312/312/ko382a80/washing-machine-new/p/t/a/6-5-hwm65-fe-haier-original-imag2m7nrccjzyfn.jpeg",
        "stars": "4.3",
        "ratings": "5,377 Ratings ",
        "reviews": " 397 Reviews",
        "more-data": "Fully Automatic Top Load",
        "more-data2": "5 Star Rating",
        "more-data3": "Capacity: 6.5 kg | Max Spin Speed: 800 rpm",
        "more-data4": "Stainless Steel | Pulsator",
        "more-data5": "Digital Display Supported | 8 Wash Programs",
        "new-price": "₹13,890",
        "old-price": "₹20,990",
        "discount": "33% off",
        "delivery-type": "Free delivery",
        "more-data6": "Lint Filter Supported",
        "more-data7": "2 Years Comprehensive Warranty on Product and 5 Years on Motor from Haier",
        "offer": "Bank Offer"
    },
    {
        "description": "SAMSUNG 6.5 kg 5 Star Inverter with Diamond Drum Fully Automatic Top Load Grey",
        "image": "https://rukminim1.flixcart.com/image/312/312/k8t3jbk0/washing-machine-new/t/5/f/wa65t4262gg-tl-samsung-original-imafqqguukjkxcyn.jpeg",
        "stars": "4.3",
        "ratings": "15,612 Ratings ",
        "reviews": " 1,357 Reviews",
        "more-data": "Fully Automatic Top Load",
        "more-data2": "5 Star Rating",
        "more-data3": "Capacity: 6.5 kg | Max Spin Speed: 700 rpm",
        "more-data4": "Stainless Steel | Pulsator",
        "more-data5": "3 Years Warranty on Product and 12 Years Warranty on Motor",
        "new-price": "₹16,890",
        "old-price": "₹21,500",
        "discount": "21% off",
        "delivery-type": "Free delivery",
        "offer": "Bank Offer"
    },
    {
        "description": "IFB 6 kg Steam Wash Fully Automatic Front Load with In-built Heater Silver",
        "image": "https://rukminim1.flixcart.com/image/312/312/l37mtu80/washing-machine-new/f/k/3/-original-imagedm8jrgcaphh.jpeg",
        "stars": "4.3",
        "ratings": "54,059 Ratings ",
        "reviews": " 6,043 Reviews",
        "more-data": "Fully Automatic Front Load",
        "more-data2": "5 Star Rating",
        "more-data3": "Capacity: 6 kg | Max Spin Speed: 800 rpm",
        "more-data4": "Stainless Steel | Pulsator",
        "more-data5": "4 Years Warranty on Product, 10 Years on Motor, and 10 Years on Spare Part Support",
        "new-price": "₹23,790",
        "old-price": "₹27,690",
        "discount": "14% off",
        "delivery-type": "Free delivery",
        "offer": "Bank Offer"
    },
    {
        "description": "ONIDA 8 kg 5 star and In-built Basket Semi Automatic Top Load Grey",
        "image": "https://rukminim1.flixcart.com/image/312/312/kmwcuq80/washing-machine-new/c/o/d/s80sbxg-onida-original-imagfzw7uywyyxta.jpeg",
        "stars": "4.3",
        "ratings": "3,911 Ratings ",
        "reviews": " 365 Reviews",
        "more-data": "Semi Automatic Top Load",
        "more-data2": "5 Star Rating",
        "more-data3": "Capacity: 8 kg | Max Spin Speed: 1450 rpm",
        "more-data4": "Plastic | Pulsator",
        "more-data5": "2 Wash Programs",
        "new-price": "₹10,290",
        "old-price": "₹13,670",
        "discount": "24% off",
        "delivery-type": "Free delivery",
        "more-data6": "2 Years Comprehensive Warranty on Product, 5 Years Warranty on Motor",
        "offer": "Bank Offer"
    },
    {
        "description": "MarQ By Flipkart 6 kg 5 Star Rating Semi Automatic Top Load White, Maroon",
        "image": "https://rukminim1.flixcart.com/image/312/312/ku1k4280/washing-machine-new/r/t/x/mqsa60h5m-marq-by-flipkart-original-imag793fghyygmbg.jpeg",
        "stars": "4.3",
        "ratings": "45,208 Ratings ",
        "reviews": " 5,179 Reviews",
        "more-data": "Semi Automatic Top Load",
        "more-data2": "5 Star Rating",
        "more-data3": "Capacity: 6 kg | Max Spin Speed: 1350 RPM",
        "more-data4": "Polypropylene | Pulsator",
        "more-data5": "2 Wash Programs",
        "new-price": "₹7,390",
        "old-price": "₹10,010",
        "discount": "26% off",
        "delivery-type": "Free delivery",
        "more-data6": "2 Years Comprehensive and 5 Years on Wash Motor from MarQ by Flipkart",
        "offer": "Bank Offer"
    },
    {
        "description": "Whirlpool 6.5 kg 5 Star Semi Automatic Top Load Grey",
        "image": "https://rukminim1.flixcart.com/image/312/312/kkwwu4w0/washing-machine-new/q/u/p/6-5-superb-atom-65i-grey-dazzle-5yr-whirlpool-original-imagy5e6wjyttde2.jpeg",
        "stars": "4.4",
        "ratings": "58,166 Ratings ",
        "reviews": " 5,550 Reviews",
        "more-data": "Semi Automatic Top Load",
        "more-data2": "5 Star Rating",
        "more-data3": "Capacity: 6.5 kg | Max Spin Speed: 1400 rpm",
        "more-data4": "Plastic | Impellar",
        "more-data5": "2 Years\n  Comprehensive Warranty and 5 Years Warranty on Wash Motor and Prime Mover\n  from Whirlpool",
        "new-price": "₹9,990",
        "old-price": "₹11,550",
        "discount": "13% off",
        "delivery-type": "Free delivery",
        "offer": "Bank Offer"
    },
    {
        "description": "Whirlpool 6 kg 5 Star,Turbo Scrub Technology Semi Automatic Top Load Grey",
        "image": "https://rukminim1.flixcart.com/image/312/312/k9re3rk0/washing-machine-new/c/e/z/superb-atom-60i-grey-dazzle-whirlpool-original-imafrhfvghq32zyg.jpeg",
        "stars": "4.4",
        "ratings": "58,166 Ratings ",
        "reviews": " 5,550 Reviews",
        "more-data": "Semi Automatic Top Load",
        "more-data2": "5 Star Rating",
        "more-data3": "Capacity: 6 kg | Max Spin Speed: 1400 rpm",
        "more-data4": "Plastic | Impeller",
        "more-data5": "3 Wash Programs",
        "new-price": "₹9,490",
        "old-price": "₹11,100",
        "discount": "14% off",
        "delivery-type": "Free delivery",
        "more-data6": "Lint Filter Supported",
        "more-data7": "2 Years\n  Comprehensive Warranty and 5 Years Warranty on Wash Motor and Prime Mover\n  from Whirlpool",
        "offer": "Bank Offer"
    },
    {
        "description": "Thomson 6.5 kg 5 Star Rating, Smart Pro Wash Technology Semi Automatic Top Load White, Grey",
        "image": "https://rukminim1.flixcart.com/image/312/312/kehfi4w0/washing-machine-new/r/n/t/sa96500-thomson-original-imafv5ezmfbmq7ba.jpeg",
        "stars": "4.1",
        "ratings": "12,053 Ratings ",
        "reviews": " 1,252 Reviews",
        "more-data": "Semi Automatic Top Load",
        "more-data2": "5 Star Rating",
        "more-data3": "Capacity: 6.5 kg | Max Spin Speed: 1400 rpm",
        "more-data4": "ABS | Pulsator",
        "more-data5": "2 Wash Programs",
        "new-price": "₹7,099",
        "old-price": "₹9,999",
        "discount": "29% off",
        "delivery-type": "Free delivery",
        "more-data6": "Lint Filter Supported",
        "more-data7": "2 Years Comprehensive Warranty and 4 Years Warranty on Motor from Thomson",
        "offer": "Bank Offer"
    },
    {
        "description": "SAMSUNG 6.5 kg Semi Automatic Top Load Blue, Grey",
        "image": "https://rukminim1.flixcart.com/image/312/312/l0h1g280/washing-machine-new/u/s/k/6-5-45-wt65r2200ll-tl-5-180-75-19-samsung-93-original-imagc99nc4jrycxm.jpeg",
        "stars": "4.4",
        "ratings": "6,993 Ratings ",
        "reviews": " 653 Reviews",
        "more-data": "Semi Automatic Top Load",
        "more-data2": "5 Star Rating",
        "more-data3": "Capacity: 6.5 kg | Max Spin Speed: 1350 rpm",
        "more-data4": "Stainless Steel | Pulsator",
        "more-data5": "2 Wash Programs",
        "new-price": "₹9,990",
        "old-price": "₹12,500",
        "discount": "20% off",
        "delivery-type": "Free delivery",
        "more-data6": "2 Years Comprehensive Warranty on Product and 5 Years on Motor",
        "offer": "Bank Offer"
    },
    {
        "description": "ONIDA 6.5 kg 5 Star Semi Automatic Top Load Red",
        "image": "https://rukminim1.flixcart.com/image/312/312/kvr01ow0/washing-machine-new/c/x/k/6-5-90-5-s65tr-5-340-42-5-17-onida-74-5-original-imag8krsdkdwdqgj.jpeg",
        "stars": "4.3",
        "ratings": "3,911 Ratings ",
        "reviews": " 365 Reviews",
        "more-data": "Semi Automatic Top Load",
        "more-data2": "5 Star Rating",
        "more-data3": "Capacity: 6.5 kg | Max Spin Speed: 1300 rpm",
        "more-data4": "Plastic | Pulsator",
        "more-data5": "2 Wash Programs",
        "new-price": "₹7,990",
        "old-price": "₹10,150",
        "discount": "21% off",
        "delivery-type": "Free delivery",
        "more-data6": "2 Years Comprehensive Warranty on Product and 5 Years on Motor",
        "offer": "Bank Offer"
    },
    {
        "description": "Whirlpool 6 kg with Hard Water Wash Fully Automatic Top Load Grey",
        "image": "https://rukminim1.flixcart.com/image/312/312/km57hjk0/washing-machine-new/b/9/x/wm-royal-6-0-genx-grey-5ymw-whirlpool-original-imagf3xfms7xrtzk.jpeg",
        "stars": "4.3",
        "ratings": "12,678 Ratings ",
        "reviews": " 968 Reviews",
        "more-data": "Fully Automatic Top Load",
        "more-data2": "5 Star Rating",
        "more-data3": "Capacity: 6 kg | Max Spin Speed: 740 rpm",
        "more-data4": "Steel | Agipeller",
        "more-data5": "Digital Display Supported | 12 Wash Programs",
        "new-price": "₹15,140",
        "old-price": "₹16,800",
        "discount": "9% off",
        "delivery-type": "Free delivery",
        "more-data6": "Lint Filter Supported",
        "more-data7": "2 Years Comprehensive Warranty and 5 Years on Motor from Whirlpool",
        "offer": "Bank Offer"
    },
    {
        "description": "Sansui 7 kg Semi Automatic Top Load Red, White",
        "image": "https://rukminim1.flixcart.com/image/312/312/kqse07k0/washing-machine-new/q/e/f/7-jsp70s-2024l-sansui-original-imag4ptubhzjfzkq.jpeg",
        "stars": "4.2",
        "ratings": "9,304 Ratings ",
        "reviews": " 813 Reviews",
        "more-data": "Semi Automatic Top Load",
        "more-data2": "5 Star Rating",
        "more-data3": "Capacity: 7 kg | Max Spin Speed: 1300 rpm",
        "more-data4": "Polypropylene | Pulsator",
        "more-data5": "2 Years Comprehensive and 5 Years Motor Domestic Warranty from Sansui",
        "new-price": "₹8,290",
        "old-price": "₹12,990",
        "discount": "36% off",
        "delivery-type": "Free delivery",
        "offer": "Bank Offer"
    },
    {
        "description": "MarQ By Flipkart 6.5 kg Semi Automatic Top Load Grey, White",
        "image": "https://rukminim1.flixcart.com/image/312/312/ku1k4280/washing-machine-new/l/s/z/mqsa65h5g-marq-by-flipkart-original-imag796qdpqqgvaf.jpeg",
        "stars": "4.3",
        "ratings": "45,208 Ratings ",
        "reviews": " 5,179 Reviews",
        "more-data": "Semi Automatic Top Load",
        "more-data2": "5 Star Rating",
        "more-data3": "Capacity: 6.5 kg | Max Spin Speed: 1350 rpm",
        "more-data4": "Polypropylene | Pulsator",
        "more-data5": "2 Wash Programs",
        "new-price": "₹7,590",
        "old-price": "₹10,490",
        "discount": "27% off",
        "delivery-type": "Free delivery",
        "more-data6": "2 Years Comprehensive and 5 Years on Wash Motor from MarQ by Flipkart",
        "offer": "Bank Offer"
    },
    {
        "description": "Whirlpool 7 kg with Hard Water Wash Fully Automatic Top Load Grey",
        "image": "https://rukminim1.flixcart.com/image/312/312/kmp7ngw0/washing-machine-new/v/i/7/wm-royal-7-0-genx-grey-5ymw-whirlpool-original-imagfjhmk78dz6qy.jpeg",
        "stars": "4.3",
        "ratings": "10,246 Ratings ",
        "reviews": " 786 Reviews",
        "more-data": "Fully Automatic Top Load",
        "more-data2": "5 Star Rating",
        "more-data3": "Capacity: 7 kg | Max Spin Speed: 740 rpm",
        "more-data4": "Stainless Steel | Agipeller",
        "more-data5": "Digital Display Supported | 12 Wash Programs",
        "new-price": "₹16,840",
        "old-price": "₹18,950",
        "discount": "11% off",
        "delivery-type": "Free delivery",
        "more-data6": "Lint Filter Supported",
        "more-data7": "2 Years Comprehensive Warranty and 5 Years on Motor from Whirlpool",
        "offer": "Bank Offer"
    },
    {
        "description": "SAMSUNG 6 kg 5 Star With Hygiene Steam and Ceramic Heater Fully Automatic Front Load with In-built Hea...",
        "image": "https://rukminim1.flixcart.com/image/312/312/kg6vfrk0/washing-machine-new/n/b/z/ww60r20glss-tl-samsung-original-imafwgrdhsn6hhpe.jpeg",
        "stars": "4.4",
        "ratings": "2,547 Ratings ",
        "reviews": " 213 Reviews",
        "more-data": "Fully Automatic Front Load",
        "more-data2": "5 Star Rating",
        "more-data3": "Capacity: 6 kg | Max Spin Speed: 1000 rpm",
        "more-data4": "Stainless Steel | Pulsator",
        "more-data5": "3 Years on Product and 10 Years Warranty on Motor",
        "new-price": "₹23,990",
        "old-price": "₹32,190",
        "discount": "25% off",
        "delivery-type": "Free delivery",
        "offer": "Bank Offer"
    },
    {
        "description": "IFB 6.5 kg 5 Star 3D Wash Technology, Triadic Pulsator, Tower Lint Filter, Smart Sense Fully Automatic...",
        "image": "https://rukminim1.flixcart.com/image/312/312/ktuewsw0/washing-machine-new/k/u/a/tl-rew-aqua-6-5-kg-ifb-original-imag73cfv8z8s5hg.jpeg",
        "stars": "4.3",
        "ratings": "10,491 Ratings ",
        "reviews": " 909 Reviews",
        "more-data": "Fully Automatic Top Load",
        "more-data2": "5 Star Rating",
        "more-data3": "Capacity: 6.5 kg | Max Spin Speed: 720 rpm",
        "more-data4": "Stainless Steel | Pulsator",
        "more-data5": "Lint Filter Supported",
        "new-price": "₹16,890",
        "old-price": "₹19,290",
        "discount": "12% off",
        "delivery-type": "Free delivery",
        "more-data6": "4 Years Complete Machine warranty, 10 Years Motor Warranty and 10 Years Spare Part Support from IFB",
        "offer": "Bank Offer"
    },
    {
        "description": "Whirlpool 6.5 kg with Hard Water Wash Fully Automatic Top Load Grey",
        "image": "https://rukminim1.flixcart.com/image/312/312/kmwcuq80/washing-machine-new/l/b/3/wm-royal-6-5-genx-satin-grey-5ymw-whirlpool-original-imagfpfaxbgpdhet.jpeg",
        "stars": "4.3",
        "ratings": "12,678 Ratings ",
        "reviews": " 968 Reviews",
        "more-data": "Fully Automatic Top Load",
        "more-data2": "5 Star Rating",
        "more-data3": "Capacity: 6.5 kg | Max Spin Speed: 740 rpm",
        "more-data4": "Steel | Agipeller",
        "more-data5": "Digital Display Supported | 12 Wash Programs",
        "new-price": "₹15,840",
        "old-price": "₹17,800",
        "discount": "11% off",
        "delivery-type": "Free delivery",
        "more-data6": "Lint Filter Supported",
        "more-data7": "2�Years Comprehensive Warranty and 5 Years on Motor from Whirlpool",
        "offer": "Bank Offer"
    },
    {
        "description": "IFB 6 kg Steam Wash Fully Automatic Front Load with In-built Heater White",
        "image": "https://rukminim1.flixcart.com/image/312/312/l37mtu80/washing-machine-new/m/d/s/-original-imagedm8qgrzh6fb.jpeg",
        "stars": "4.2",
        "ratings": "2,914 Ratings ",
        "reviews": " 239 Reviews",
        "more-data": "Fully Automatic Front Load",
        "more-data2": "5 Star Rating",
        "more-data3": "Capacity: 6 kg | Max Spin Speed: 800 rpm",
        "more-data4": "Stainless Steel | Pulsator",
        "more-data5": "4 Years Warranty on Product, 10 Years on Motor, and 10 Years on Spare Part Support",
        "new-price": "₹22,690",
        "old-price": "₹26,390",
        "discount": "14% off",
        "delivery-type": "Free delivery",
        "offer": "Bank Offer"
    },
    {
        "description": "Motorola 10.5 kg 5 Star Smart Wi-Fi Enabled Inverter Technology Fully Automatic Front Load with In-bui...",
        "image": "https://rukminim1.flixcart.com/image/312/312/kgl5ua80/washing-machine-new/k/w/s/105fliwbm5dg-motorola-original-imafwse6knmbgy48.jpeg",
        "stars": "4.2",
        "ratings": "1,940 Ratings ",
        "reviews": " 299 Reviews",
        "more-data": "Fully Automatic Front Load",
        "more-data2": "5 Star Rating",
        "more-data3": "Capacity: 10.5 kg | Max Spin Speed: 1400 rpm",
        "more-data4": "Stainless Steel | Tumble Wash",
        "more-data5": "Digital Display Supported | 16 Wash Programs",
        "new-price": "₹28,990",
        "old-price": "₹57,999",
        "discount": "50% off",
        "delivery-type": "Free delivery",
        "more-data6": "2 Years Comprehensive and 10 Years on Motor From Motorola",
        "offer": "Bank Offer"
    },
    {
        "description": "Godrej 7 kg Fully Automatic Top Load Grey",
        "image": "https://rukminim1.flixcart.com/image/312/312/l0zm64w0/washing-machine-new/n/m/r/-original-imagcnpyj2hx2mnp.jpeg",
        "stars": "4.3",
        "ratings": "820 Ratings ",
        "reviews": " 51 Reviews",
        "more-data": "Fully Automatic Top Load",
        "more-data2": "Capacity: 7 kg | Max Spin Speed: 720 rpm",
        "more-data3": "Polypropylene | Pulsator",
        "more-data4": "2 Years Comprehensive Warranty and 8 Years on Wash Motor",
        "new-price": "₹13,990",
        "old-price": "₹19,890",
        "discount": "29% off",
        "delivery-type": "Free delivery",
        "offer": "Bank Offer"
    },
    {
        "description": "MarQ By Flipkart 7 kg Semi Automatic Top Load Blue, White",
        "image": "https://rukminim1.flixcart.com/image/312/312/ku1k4280/washing-machine-new/5/s/p/mqsa70h5m-marq-by-flipkart-original-imag796qzwdrqetb.jpeg",
        "stars": "4.2",
        "ratings": "3,420 Ratings ",
        "reviews": " 360 Reviews",
        "more-data": "Semi Automatic Top Load",
        "more-data2": "5 Star Rating",
        "more-data3": "Capacity: 7 kg | Max Spin Speed: 1350 rpm",
        "more-data4": "Polypropylene | Pulsator",
        "more-data5": "2 Wash Programs",
        "new-price": "₹7,990",
        "old-price": "₹10,990",
        "discount": "27% off",
        "delivery-type": "Free delivery",
        "more-data6": "2 Years Comprehensive and 5 Years on Wash Motor from MarQ by Flipkart",
        "offer": "Bank Offer"
    },
    {
        "description": "White Westinghouse (Trademark by Electrolux) 6 kg Semi Automatic Top Load White, Maroon",
        "image": "https://rukminim1.flixcart.com/image/312/312/kn6cxow0/washing-machine-new/0/p/s/6-csw6000-white-westinghouse-trademark-by-electrolux-original-imagfwnfkzdfey3n.jpeg",
        "stars": "4.1",
        "ratings": "794 Ratings ",
        "reviews": " 69 Reviews",
        "more-data": "Semi Automatic Top Load",
        "more-data2": "Capacity: 6 kg | Max Spin Speed: 1400 rpm",
        "more-data3": "ABS | Pulsator",
        "more-data4": "2 Wash Programs",
        "more-data5": "Lint Filter Supported",
        "new-price": "₹6,999",
        "old-price": "₹10,499",
        "discount": "33% off",
        "delivery-type": "Free delivery",
        "more-data6": "2 Years Warranty on Product and 2 Years Additional on Motor from White Westinghouse",
        "offer": "Bank Offer"
    },
    {
        "description": "Croma 6.5 kg Semi Automatic Top Load White",
        "image": "https://rukminim1.flixcart.com/image/312/312/ktaeqvk0/washing-machine-new/a/d/i/craw2221-croma-original-imag6z9nd7jg9prv.jpeg",
        "stars": "4.1",
        "ratings": "574 Ratings ",
        "reviews": " 60 Reviews",
        "more-data": "Semi Automatic Top Load",
        "more-data2": "Capacity: 6.5 kg | Max Spin Speed: 1300 RPM",
        "more-data3": "Plastic | Pulsator",
        "more-data4": "2 Wash Programs",
        "more-data5": "Wheel Support",
        "new-price": "₹7,490",
        "old-price": "₹12,000",
        "discount": "37% off",
        "delivery-type": "Free delivery",
        "more-data6": "2 Year Warranty on Product and 5 Years Warranty on Wash Motor",
        "offer": "Bank Offer"
    },
    {
        "description": "Croma 6 kg Fully Automatic Front Load White",
        "image": "https://rukminim1.flixcart.com/image/312/312/l0tweq80/washing-machine-new/p/x/i/6-47-craw0161-5-1950-59-5-53-croma-85-original-imagcjfnfyfnbfuz.jpeg",
        "stars": "2.8",
        "ratings": "4 Ratings ",
        "reviews": " 1 Reviews",
        "more-data": "Fully Automatic Front Load",
        "more-data2": "5 Star Rating",
        "more-data3": "Capacity: 6 kg | Max Spin Speed: 1000 RPM",
        "more-data4": "Stainless Steel | Tumble",
        "more-data5": "8 Wash Programs",
        "new-price": "₹17,990",
        "old-price": "₹28,000",
        "discount": "35% off",
        "delivery-type": "Free delivery",
        "more-data6": "2 Years Comprehensive Warranty and 5 Years on Wash Motor",
        "offer": "Bank Offer"
    },
    {
        "description": "SAMSUNG 6.5 kg Diamond Drum feature Fully Automatic Top Load Silver",
        "image": "https://rukminim1.flixcart.com/image/312/312/kevpwnk0/washing-machine-new/g/t/5/wa65a4002vs-tl-samsung-original-imafvgz4qzfazbsh.jpeg",
        "stars": "4.4",
        "ratings": "1,04,278 Ratings ",
        "reviews": " 9,689 Reviews",
        "more-data": "Fully Automatic Top Load",
        "more-data2": "3 Star Rating",
        "more-data3": "Capacity: 6.5 kg | Max Spin Speed: 680 rpm",
        "more-data4": "Stainless Steel | Pulsator",
        "more-data5": "2 Years on Product and 2 Years on Motor from Samsung",
        "new-price": "₹14,590",
        "old-price": "₹16,800",
        "discount": "13% off",
        "delivery-type": "Free delivery",
        "offer": "Bank Offer"
    },
    {
        "description": "LG 7 kg 5 star rating and Wind jet dry Semi Automatic Top Load Grey, White",
        "image": "https://rukminim1.flixcart.com/image/312/312/kqzj7gw0/washing-machine-new/k/t/a/7-p7020ngay-lg-original-imag4vnghhh5qzhq.jpeg",
        "stars": "4.5",
        "ratings": "1,039 Ratings ",
        "reviews": " 50 Reviews",
        "more-data": "Semi Automatic Top Load",
        "more-data2": "5 Star Rating",
        "more-data3": "Capacity: 7 kg | Max Spin Speed: 1350 rpm",
        "more-data4": "Plastic | Normal Pulsator Wash",
        "more-data5": "Lint Filter Supported",
        "new-price": "₹11,490",
        "old-price": "₹13,490",
        "discount": "14% off",
        "delivery-type": "Free delivery",
        "more-data6": "2 Years Comprehensive Warranty on product and 5 Years on Motor from LG",
        "offer": "Bank Offer"
    },
    {
        "description": "SAMSUNG 7 kg Semi Automatic Top Load Grey, Purple",
        "image": "https://rukminim1.flixcart.com/image/312/312/l0h1g280/washing-machine-new/v/e/t/7-48-5-wt70m3000uu-tl-5-160-83-23-samsung-96-5-original-imagc99nuuhyspgh.jpeg",
        "stars": "4.4",
        "ratings": "15,403 Ratings ",
        "reviews": " 1,407 Reviews",
        "more-data": "Semi Automatic Top Load",
        "more-data2": "5 Star Rating",
        "more-data3": "Capacity: 7 kg | Max Spin Speed: 1350 rpm",
        "more-data4": "Stainless Steel | Pulsator",
        "more-data5": "3 Wash Programs",
        "new-price": "₹10,490",
        "old-price": "₹13,500",
        "discount": "22% off",
        "delivery-type": "Free delivery",
        "more-data6": "2 Years Comprehensive Warranty on Product and 5 Years on Motor",
        "offer": "Bank Offer"
    },
    {
        "description": "Whirlpool 7 kg 5 Star,Turbo Scrub Technology Semi Automatic Top Load Grey",
        "image": "https://rukminim1.flixcart.com/image/312/312/ks4yz680/washing-machine-new/4/m/o/superb-atom-70s-grey-dazzle-5yr-whirlpool-original-imag5s43pxkkabnc.jpeg",
        "stars": "4.4",
        "ratings": "58,166 Ratings ",
        "reviews": " 5,550 Reviews",
        "more-data": "Semi Automatic Top Load",
        "more-data2": "5 Star Rating",
        "more-data3": "Capacity: 7 kg | Max Spin Speed: 1450 rpm",
        "more-data4": "Plastic | Impellar Wash",
        "more-data5": "3 Wash Programs",
        "new-price": "₹10,490",
        "old-price": "₹11,950",
        "discount": "12% off",
        "delivery-type": "Free delivery",
        "more-data6": "Lint Filter Supported",
        "more-data7": "2 Years\n  Comprehensive Warranty and 5 Years Warranty on Wash Motor and Prime Mover\n  from Whirlpool",
        "offer": "Bank Offer"
    },
    {
        "description": "LG 7.5 kg with Roller Jet Pulsator + Soak Semi Automatic Top Load Purple",
        "image": "https://rukminim1.flixcart.com/image/312/312/kwb07m80/washing-machine-new/m/a/u/7-5-48-p7525spaz-5-0-5-81-31-lg-98-original-imag9ymjsqggahyg.jpeg",
        "stars": "4.5",
        "ratings": "498 Ratings ",
        "reviews": " 43 Reviews",
        "more-data": "Semi Automatic Top Load",
        "more-data2": "5 Star Rating",
        "more-data3": "Capacity: 7.5 kg | Max Spin Speed: 1300 RPM",
        "more-data4": "Plastic | Pulsator",
        "more-data5": "3 Wash Programs",
        "new-price": "₹12,690",
        "old-price": "₹14,990",
        "discount": "15% off",
        "delivery-type": "Free delivery",
        "more-data6": "Lint Filter Supported",
        "more-data7": "2 Years Comprehensive and 5 Years on Motor From LG",
        "offer": "Bank Offer"
    },
    {
        "description": "Croma 8.5 kg Semi Automatic Top Load White",
        "image": "https://rukminim1.flixcart.com/image/312/312/ktaeqvk0/washing-machine-new/i/d/t/craw2222-croma-original-imag6z9nbhsespbj.jpeg",
        "stars": "4.2",
        "ratings": "127 Ratings ",
        "reviews": " 11 Reviews",
        "more-data": "Semi Automatic Top Load",
        "more-data2": "Capacity: 8.5 kg | Max Spin Speed: 1300 RPM",
        "more-data3": "Plastic | Pulsator",
        "more-data4": "4 Wash Programs",
        "more-data5": "Wheel Support",
        "new-price": "₹10,990",
        "old-price": "₹14,000",
        "discount": "21% off",
        "delivery-type": "Free delivery",
        "more-data6": "2 Year Warranty on Product and 5 Years Warranty on Wash Motor",
        "offer": "Bank Offer"
    },
    {
        "description": "IFB 6.5 kg Aqua Energie, Laundry Fully Automatic Front Load with In-built Heater Silver",
        "image": "https://rukminim1.flixcart.com/image/312/312/ktlu9ow0/washing-machine-new/e/h/4/elena-sx-6510-ifb-original-imag6x2yxuhdam4y.jpeg",
        "stars": "4.3",
        "ratings": "581 Ratings ",
        "reviews": " 44 Reviews",
        "more-data": "Fully Automatic Front Load",
        "more-data2": "5 Star Rating",
        "more-data3": "Capacity: 6.5 kg | Max Spin Speed: 1000 rpm",
        "more-data4": "Stainless Steel | Tumble",
        "more-data5": "Digital Display Supported | 11 Wash Programs",
        "new-price": "₹24,990",
        "old-price": "₹28,990",
        "discount": "13% off",
        "delivery-type": "Free delivery",
        "more-data6": "Lint Filter Supported",
        "more-data7": "4 Years Complete Machine Warranty, 10 Years Motor Warranty and 10 Years Spare Part Support from IFB",
        "offer": "Bank Offer"
    },
    {
        "description": "LG 7 kg With Smart Diagnosis Fully Automatic Front Load with In-built Heater Silver",
        "image": "https://rukminim1.flixcart.com/image/312/312/l0igvww0/washing-machine-new/m/b/3/-original-imagca64r8498vve.jpeg",
        "stars": "4.4",
        "ratings": "5,063 Ratings ",
        "reviews": " 480 Reviews",
        "more-data": "Fully Automatic Front Load",
        "more-data2": "5 Star Rating",
        "more-data3": "Capacity: 7 kg | Max Spin Speed: 1200 rpm",
        "more-data4": "Stainless Steel | Tumble",
        "more-data5": "Digital Display Supported | 10 Wash Programs",
        "new-price": "₹29,990",
        "old-price": "₹41,990",
        "discount": "28% off",
        "delivery-type": "Free delivery",
        "more-data6": "2 Years Comprehensive Warranty on Product and 10 Years on Motor",
        "offer": "Bank Offer"
    },
    {
        "description": "ONIDA 7 kg 5 star With Crystal Drum Technology Fully Automatic Top Load Grey",
        "image": "https://rukminim1.flixcart.com/image/312/312/kmwcuq80/washing-machine-new/x/i/y/t70cgn-onida-original-imagfzw7tgh3upyb.jpeg",
        "stars": "4.2",
        "ratings": "39,728 Ratings ",
        "reviews": " 4,596 Reviews",
        "more-data": "Fully Automatic Top Load",
        "more-data2": "5 Star Rating",
        "more-data3": "Capacity: 7 kg | Max Spin Speed: 750 rpm",
        "more-data4": "Stainless Steel | Pulsator",
        "more-data5": "Digital Display Supported | 8 Wash Programs",
        "new-price": "₹13,390",
        "old-price": "₹21,990",
        "discount": "39% off",
        "delivery-type": "Free delivery",
        "more-data6": "Wheel Support | Lint Filter Supported",
        "more-data7": "2 Years Comprehensive Warranty on Product, 5 Years Warranty on Motor",
        "offer": "Bank Offer"
    },
    {
        "description": "Croma 7.5 kg Semi Automatic Top Load White, Blue",
        "image": "https://rukminim1.flixcart.com/image/312/312/ktaeqvk0/washing-machine-new/f/r/p/craw2223-croma-original-imag6z9nv7yqazhb.jpeg",
        "stars": "4.3",
        "ratings": "67 Ratings ",
        "reviews": " 9 Reviews",
        "more-data": "Semi Automatic Top Load",
        "more-data2": "Capacity: 7.5 kg | Max Spin Speed: 1300 RPM",
        "more-data3": "Plastic | Pulsator",
        "more-data4": "Wheel Support",
        "more-data5": "2 Years Warranty on Machine and 5 Years on Compressor From Croma",
        "new-price": "₹10,790",
        "old-price": "₹16,000",
        "discount": "32% off",
        "delivery-type": "Free delivery",
        "offer": "Bank Offer"
    },
    {
        "description": "LG 6.5 kg with Smart Diagnosis and Smart Inverter Fully Automatic Top Load Silver",
        "image": "https://rukminim1.flixcart.com/image/312/312/k6zda4w0/washing-machine-new/p/r/b/t65sksf4z-lg-original-imafpbmu7sfss4k6.jpeg",
        "stars": "4.3",
        "ratings": "27,566 Ratings ",
        "reviews": " 2,320 Reviews",
        "more-data": "Fully Automatic Top Load",
        "more-data2": "5 Star Rating",
        "more-data3": "Capacity: 6.5 kg | Max Spin Speed: 700 rpm",
        "more-data4": "Stainless Steel | 3 Smart Motion",
        "more-data5": "Lint Filter Supported",
        "new-price": "₹16,990",
        "old-price": "₹18,490",
        "discount": "8% off",
        "delivery-type": "Free delivery",
        "more-data6": "2 Years Comprehensive Warranty on Product and 10 Years Warranty on Motor from LG",
        "offer": "Bank Offer"
    },
    {
        "description": "Thomson 7 kg Semi Automatic Top Load White, Blue, Grey",
        "image": "https://rukminim1.flixcart.com/image/312/312/kqy3rm80/washing-machine-new/u/1/8/sa97000-thomson-original-imag4um9yseahuj6.jpeg",
        "stars": "4.1",
        "ratings": "12,053 Ratings ",
        "reviews": " 1,252 Reviews",
        "more-data": "Semi Automatic Top Load",
        "more-data2": "Capacity: 7 kg | Max Spin Speed: 1400 rpm",
        "more-data3": "ABS | Pulsator",
        "more-data4": "2 Wash Programs",
        "more-data5": "Lint Filter Supported",
        "new-price": "₹7,499",
        "old-price": "₹10,499",
        "discount": "28% off",
        "delivery-type": "Free delivery",
        "more-data6": "2 Years Comprehensive Warranty and 4 Years Warranty on Motor from Thomson",
        "offer": "Bank Offer"
    },
    {
        "description": "ONIDA 6.5 kg Washer only Red",
        "image": "https://rukminim1.flixcart.com/image/312/312/jz05rww0/washing-machine-new/v/w/k/ws65wlpt1lr-liliput-onida-original-imafj4dcuthbufzm.jpeg",
        "stars": "4.3",
        "ratings": "18,589 Ratings ",
        "reviews": " 2,260 Reviews",
        "more-data": "Washer only | 270 W",
        "more-data2": "Capacity: 6.5 kg | Max Spin Speed: 780 rpm",
        "more-data3": "Polypropylene | Normal Pulsator Wash",
        "more-data4": "2 Wash Programs",
        "more-data5": "1 Year Comprehensive Warranty on Product, 7 Years Warranty on Motor",
        "new-price": "₹5,490",
        "old-price": "₹5,800",
        "discount": "5% off",
        "delivery-type": "Free delivery",
        "offer": "Bank Offer"
    },
    {
        "description": "Candes 7.2 kg Semi Automatic Top Load Blue, White",
        "image": "https://rukminim1.flixcart.com/image/312/312/ksdjma80/washing-machine-new/z/f/m/7-2-ctpl72pl1swm-candes-original-imag5yc9gnzmgcjy.jpeg",
        "stars": "4.5",
        "ratings": "119 Ratings ",
        "reviews": " 28 Reviews",
        "more-data": "Semi Automatic Top Load",
        "more-data2": "5 Star Rating",
        "more-data3": "Capacity: 7.2 kg | Max Spin Speed: 1500 RPM",
        "more-data4": "Polypropylene | Pulsator",
        "more-data5": "3 Wash Programs",
        "new-price": "₹8,499",
        "old-price": "₹12,350",
        "discount": "31% off",
        "delivery-type": "Free delivery",
        "more-data6": "Lint Filter Supported",
        "more-data7": "2 Years Comprehensive and 5 Years on Motor from Candes",
        "offer": "Bank Offer"
    },
    {
        "description": "SAMSUNG 6 kg 5 star with Center Jet Technology Semi Automatic Top Load White, Grey, Purple",
        "image": "https://rukminim1.flixcart.com/image/312/312/kehfi4w0/washing-machine-new/e/7/4/wt60r2000ll-tl-samsung-original-imafv5e4sg9bvdvc.jpeg",
        "stars": "4.4",
        "ratings": "9,888 Ratings ",
        "reviews": " 795 Reviews",
        "more-data": "Semi Automatic Top Load",
        "more-data2": "5 Star Rating",
        "more-data3": "Capacity: 6 kg | Max Spin Speed: 1300 rpm",
        "more-data4": "Plastic | Pulsator",
        "more-data5": "2 Years Warranty on Product and 5 Years on Motor",
        "new-price": "₹8,990",
        "old-price": "₹9,900",
        "discount": "9% off",
        "delivery-type": "Free delivery",
        "offer": "Bank Offer"
    },
    {
        "description": "SAMSUNG 7 kg 5 Star Inverter with Diamond Drum Fully Automatic Top Load Silver",
        "image": "https://rukminim1.flixcart.com/image/312/312/k8t3jbk0/washing-machine-new/2/e/f/wa70t4262gs-tl-samsung-original-imafqqgusd8taz7b.jpeg",
        "stars": "4.3",
        "ratings": "15,612 Ratings ",
        "reviews": " 1,357 Reviews",
        "more-data": "Fully Automatic Top Load",
        "more-data2": "5 Star Rating",
        "more-data3": "Capacity: 7 kg | Max Spin Speed: 750 rpm",
        "more-data4": "Stainless Steel | Pulsator",
        "more-data5": "3 Years Warranty on Product and 12 Years Warranty on Motor",
        "new-price": "₹18,690",
        "old-price": "₹24,700",
        "discount": "24% off",
        "delivery-type": "Free delivery",
        "offer": "Bank Offer"
    },
    {
        "description": "SAMSUNG 6 kg 5 Star With Hygiene Steam and Ceramic Heater Fully Automatic Front Load with In-built Hea...",
        "image": "https://rukminim1.flixcart.com/image/312/312/k7f34i80/washing-machine-new/h/y/j/ww60r20glma-tl-samsung-original-imafpns894qh5zta.jpeg",
        "stars": "4.4",
        "ratings": "12,707 Ratings ",
        "reviews": " 1,383 Reviews",
        "more-data": "Fully Automatic Front Load",
        "more-data2": "5 Star Rating",
        "more-data3": "Capacity: 6 kg | Max Spin Speed: 1000 rpm",
        "more-data4": "Stainless Steel | Tumble",
        "more-data5": "3 Years on Product and 10 Years on Motor from Samsung",
        "new-price": "₹22,990",
        "old-price": "₹26,500",
        "discount": "13% off",
        "delivery-type": "Free delivery",
        "offer": "Bank Offer"
    },
    {
        "description": "Candes 6.5 kg Semi Automatic Top Load Red, White",
        "image": "https://rukminim1.flixcart.com/image/312/312/ksdjma80/washing-machine-new/n/b/w/6-5-ctpl65plswm-candes-original-imag5ycacpawwvhn.jpeg",
        "stars": "4.3",
        "ratings": "286 Ratings ",
        "reviews": " 68 Reviews",
        "more-data": "Semi Automatic Top Load",
        "more-data2": "5 Star Rating",
        "more-data3": "Capacity: 6.5 kg | Max Spin Speed: 1500 RPM",
        "more-data4": "Polypropylene | Pulsator",
        "more-data5": "3 Wash Programs",
        "new-price": "₹7,499",
        "old-price": "₹10,990",
        "discount": "31% off",
        "delivery-type": "Free delivery",
        "more-data6": "Lint Filter Supported",
        "more-data7": "2 Years Comprehensive and 5 Years on Motor from Candes",
        "offer": "Bank Offer"
    },
    {
        "description": "ONIDA 6.5 kg Semi Automatic Top Load Blue, White",
        "image": "https://rukminim1.flixcart.com/image/312/312/l1v1uvk0/washing-machine-new/3/5/r/6-5-42-5-s65ob-5-0-0130-74-5-17-onida-90-5-original-imagdcfnznzwmaz5.jpeg",
        "more-data": "Semi Automatic Top Load",
        "more-data2": "5 Star Rating",
        "more-data3": "Capacity: 6.5 kg | Max Spin Speed: 1300 rpm",
        "more-data4": "Plastic | Pulsator",
        "more-data5": "3 Wash Programs",
        "new-price": "₹7,990",
        "old-price": "₹10,150",
        "discount": "21% off",
        "delivery-type": "Free delivery",
        "more-data6": "2 Years Comprehensive Warranty on Product and 5 Years Warranty on Wash Motor",
        "offer": "Bank Offer"
    },
    {
        "description": "realme TechLife 8 kg 5 Star Rating Fully Automatic Top Load with In-built Heater Grey",
        "image": "https://rukminim1.flixcart.com/image/312/312/kufuikw0/washing-machine-new/0/h/3/rmfa80b5g-realme-techlife-original-imag7k8dz6phxuhg.jpeg",
        "stars": "4.2",
        "ratings": "6,790 Ratings ",
        "reviews": " 861 Reviews",
        "more-data": "Fully Automatic Top Load",
        "more-data2": "5 Star Rating",
        "more-data3": "Capacity: 8 kg | Max Spin Speed: 700 rpm",
        "more-data4": "Stainless Steel | Pulsator",
        "more-data5": "Digital Display Supported | 10 Wash Programs",
        "new-price": "₹15,990",
        "old-price": "₹26,490",
        "discount": "39% off",
        "delivery-type": "Free delivery",
        "more-data6": "2 Years Comprehensive Warranty on Product and 5 Years on Motor",
        "offer": "Bank Offer"
    },
    {
        "description": "Godrej 6.2 kg Fully Automatic Top Load Grey",
        "image": "https://rukminim1.flixcart.com/image/312/312/l0lbrm80/washing-machine-new/3/g/w/-original-imagccebz43qaq2d.jpeg",
        "stars": "4.3",
        "ratings": "820 Ratings ",
        "reviews": " 51 Reviews",
        "more-data": "Fully Automatic Top Load",
        "more-data2": "Capacity: 6.2 kg | Max Spin Speed: 700 rpm",
        "more-data3": "Plastic | Pulsator",
        "more-data4": "5 Wash Programs",
        "more-data5": "2 Years Warranty on Entire Product and 10 Years on Motor",
        "new-price": "₹12,690",
        "old-price": "₹18,990",
        "discount": "33% off",
        "delivery-type": "Free delivery",
        "offer": "Bank Offer"
    },
    {
        "description": "Candes 8 kg Semi Automatic Top Load Red, White",
        "image": "https://rukminim1.flixcart.com/image/312/312/kzegk280/washing-machine-new/f/i/f/8-45-ctpl80glswm-5-155-53-28-candes-98-original-imagbf87fe9h8qnk.jpeg",
        "more-data": "Semi Automatic Top Load",
        "more-data2": "5 Star Rating",
        "more-data3": "Capacity: 8 kg | Max Spin Speed: 1200 rpm",
        "more-data4": "Polypropylene | Pulsator",
        "more-data5": "3 Wash Programs",
        "new-price": "₹9,999",
        "old-price": "₹14,500",
        "discount": "31% off",
        "delivery-type": "Free delivery",
        "more-data6": "Lint Filter Supported",
        "more-data7": "2 Years Comprehensive Warranty on Product and 5 Years on Motor",
        "offer": "Bank Offer"
    }
]